{
  "avg_retrieval_us" : 243.91415000000015,
  "backend" : "SQLite",
  "backend_key" : "sqlite",
  "backend_size_after_bytes" : 3843512,
  "backend_size_before_bytes" : 119032,
  "backend_size_breakdown_after_bytes" : {

  },
  "backend_size_breakdown_before_bytes" : {

  },
  "backend_size_breakdown_delta_bytes" : {

  },
  "backend_size_delta_bytes" : 3724480,
  "backend_size_method" : "sqlite:db_file_size",
  "context_chars" : 315,
  "context_tokens_est" : 78,
  "device" : {
    "active_cpu_cores" : 6,
    "cpu_cores" : 6,
    "model" : "iPhone",
    "name" : "iPhone",
    "platform" : "iOS",
    "ram_total_bytes" : 5994528768,
    "systemName" : "iOS",
    "systemVersion" : "26.3"
  },
  "ingest_total_ms" : 95.976375000000004,
  "max_retrieval_us" : 469.459,
  "median_retrieval_us" : 218,
  "min_retrieval_us" : 141.916,
  "p50_retrieval_us" : 218,
  "p95_retrieval_us" : 364.95800000000003,
  "per_ingest_us" : 239.94093749999999,
  "ram_after_phys_bytes" : 6358400,
  "ram_after_phys_kb" : 6209,
  "ram_after_resident_bytes" : 18333696,
  "ram_after_resident_kb" : 17904,
  "ram_before_phys_bytes" : 5686656,
  "ram_before_phys_kb" : 5553,
  "ram_before_resident_bytes" : 17530880,
  "ram_before_resident_kb" : 17120,
  "ram_delta_phys_bytes" : 671744,
  "ram_delta_phys_kb" : 656,
  "ram_delta_resident_bytes" : 802816,
  "ram_delta_resident_kb" : 784,
  "ram_metric" : "phys_footprint",
  "readings_count" : 400,
  "retrieval_latencies_us" : [
    469.459,
    374.83300000000003,
    343.08300000000003,
    335.95800000000003,
    335.375,
    336.709,
    337.33300000000003,
    364.95800000000003,
    352.79199999999997,
    362.875,
    354.16699999999997,
    370.291,
    359.125,
    363.375,
    349.916,
    372.45800000000003,
    351.83300000000003,
    328.54199999999997,
    265.04199999999997,
    283.791,
    272.45800000000003,
    280.08300000000003,
    271.95800000000003,
    289.834,
    277.125,
    290.584,
    270.584,
    289.625,
    271.541,
    279.166,
    264.95800000000003,
    285.29199999999997,
    265.41699999999997,
    283.625,
    280.16699999999997,
    291.29199999999997,
    272.33300000000003,
    289.041,
    249.625,
    244.959,
    226.583,
    245.459,
    226,
    235.083,
    226.583,
    237.417,
    314.25,
    237.792,
    205.958,
    198.959,
    218,
    194.917,
    193.125,
    193.083,
    192.792,
    211.5,
    201.459,
    197.208,
    195.666,
    194.5,
    191.833,
    190.166,
    190.334,
    190.375,
    189.708,
    220.25,
    198.625,
    196.042,
    195.75,
    195.291,
    196.375,
    195.917,
    199.292,
    194.667,
    194.916,
    193.667,
    189.917,
    189.792,
    189.166,
    189.083,
    196.917,
    195.792,
    194.75,
    194.542,
    217.084,
    190.458,
    189.125,
    189.208,
    189.542,
    189,
    190.75,
    188.542,
    188.458,
    188.875,
    189.083,
    154.041,
    149.792,
    142.292,
    141.916,
    142.166
  ],
  "retrieval_samples" : 100,
  "synth_chars" : 1445,
  "synth_tokens_est" : 361,
  "timestamp" : "2026-04-27T15:27:52Z",
  "type" : "storage_only"
}