{
  "avg_retrieval_us" : 200.70835,
  "backend" : "SQLite",
  "backend_key" : "sqlite",
  "backend_size_after_bytes" : 3843512,
  "backend_size_before_bytes" : 119032,
  "backend_size_breakdown_after_bytes" : {

  },
  "backend_size_breakdown_before_bytes" : {

  },
  "backend_size_breakdown_delta_bytes" : {

  },
  "backend_size_delta_bytes" : 3724480,
  "backend_size_method" : "sqlite:db_file_size",
  "context_chars" : 315,
  "context_tokens_est" : 78,
  "device" : {
    "active_cpu_cores" : 6,
    "cpu_cores" : 6,
    "model" : "iPhone",
    "name" : "iPhone",
    "platform" : "iOS",
    "ram_total_bytes" : 5994528768,
    "systemName" : "iOS",
    "systemVersion" : "26.3"
  },
  "ingest_total_ms" : 100.68495799999999,
  "max_retrieval_us" : 343.666,
  "median_retrieval_us" : 195.209,
  "min_retrieval_us" : 137.75,
  "p50_retrieval_us" : 195.209,
  "p95_retrieval_us" : 290,
  "per_ingest_us" : 251.71239499999999,
  "ram_after_phys_bytes" : 6325632,
  "ram_after_phys_kb" : 6177,
  "ram_after_resident_bytes" : 18300928,
  "ram_after_resident_kb" : 17872,
  "ram_before_phys_bytes" : 5637504,
  "ram_before_phys_kb" : 5505,
  "ram_before_resident_bytes" : 17481728,
  "ram_before_resident_kb" : 17072,
  "ram_delta_phys_bytes" : 688128,
  "ram_delta_phys_kb" : 672,
  "ram_delta_resident_bytes" : 819200,
  "ram_delta_resident_kb" : 800,
  "ram_metric" : "phys_footprint",
  "readings_count" : 400,
  "retrieval_latencies_us" : [
    278,
    278.83300000000003,
    285.375,
    288.25,
    274.5,
    287.25,
    284.08300000000003,
    285.75,
    269.16699999999997,
    276.084,
    290,
    316.95800000000003,
    303.41699999999997,
    295.33300000000003,
    288.91699999999997,
    270.291,
    263.084,
    239.542,
    220.333,
    240.292,
    229.041,
    247.417,
    227.583,
    231.709,
    343.666,
    241,
    212.292,
    204.708,
    202.416,
    199.75,
    196.5,
    193.667,
    193.417,
    203.625,
    192.041,
    221.125,
    201.542,
    198,
    195.791,
    195.834,
    196.958,
    195.709,
    196.917,
    196.292,
    195.583,
    192.042,
    190.667,
    190.25,
    190.125,
    190.042,
    193.458,
    189.834,
    190.208,
    190.542,
    189.542,
    195.292,
    199.167,
    202.917,
    194.042,
    193.792,
    193.708,
    192.666,
    189.417,
    194.583,
    189.75,
    197.083,
    197.292,
    195.209,
    193.834,
    193.542,
    195.291,
    194.75,
    196.083,
    149.417,
    141.833,
    139.5,
    137.917,
    138.791,
    137.875,
    139.291,
    143.083,
    143,
    142.542,
    142.084,
    141.5,
    139.792,
    144.125,
    144.875,
    138.583,
    138.458,
    138.792,
    138.25,
    137.75,
    138.541,
    137.75,
    143.167,
    143.541,
    142.375,
    142.458,
    142.375
  ],
  "retrieval_samples" : 100,
  "synth_chars" : 1445,
  "synth_tokens_est" : 361,
  "timestamp" : "2026-04-27T15:26:43Z",
  "type" : "storage_only"
}