{
  "avg_retrieval_us" : 61.885849999999998,
  "backend" : "SQLite",
  "backend_key" : "sqlite",
  "context_chars" : 315,
  "context_tokens_est" : 78,
  "device" : {
    "active_cpu_cores" : 6,
    "cpu_cores" : 6,
    "model" : "iPhone",
    "name" : "iPhone",
    "platform" : "iOS",
    "ram_total_bytes" : 5994528768,
    "systemName" : "iOS",
    "systemVersion" : "26.3"
  },
  "ingest_total_ms" : 64.580416999999997,
  "max_retrieval_us" : 94.582999999999998,
  "median_retrieval_us" : 61.75,
  "min_retrieval_us" : 59.832999999999998,
  "p50_retrieval_us" : 61.75,
  "p95_retrieval_us" : 63.417000000000002,
  "per_ingest_us" : 161.4510425,
  "readings_count" : 400,
  "retrieval_latencies_us" : [
    66.082999999999998,
    62.25,
    61.75,
    61.665999999999997,
    61.292000000000002,
    61.75,
    61.167000000000002,
    61,
    60.917000000000002,
    60.875,
    62.542000000000002,
    62.334000000000003,
    62.082999999999998,
    62,
    62,
    61.25,
    60.667000000000002,
    60.667000000000002,
    60.5,
    60.415999999999997,
    62.667000000000002,
    62.457999999999998,
    62.040999999999997,
    62.082999999999998,
    62.042000000000002,
    62.792000000000002,
    62.417000000000002,
    62.375,
    62.084000000000003,
    62.875,
    61.5,
    61.125,
    61.290999999999997,
    60.5,
    60.375,
    62.584000000000003,
    61.959000000000003,
    61.957999999999998,
    62.125,
    62.042000000000002,
    62.457999999999998,
    62.167000000000002,
    62.25,
    61.959000000000003,
    61.75,
    61,
    60.707999999999998,
    60.542000000000002,
    60.5,
    60.5,
    60.709000000000003,
    60.542000000000002,
    60.582999999999998,
    60.415999999999997,
    60.165999999999997,
    61.790999999999997,
    61.625,
    61.625,
    61.542000000000002,
    61.5,
    60.832999999999998,
    60.625,
    60.25,
    60.125,
    60.375,
    62.75,
    64.040999999999997,
    94.582999999999998,
    62.332999999999998,
    64.790999999999997,
    62.667000000000002,
    62.042000000000002,
    62.292000000000002,
    62.209000000000003,
    62.209000000000003,
    63.417000000000002,
    60.5,
    60.582999999999998,
    60.209000000000003,
    60.5,
    62.459000000000003,
    62.125,
    62,
    62.165999999999997,
    61.917000000000002,
    60.75,
    60.207999999999998,
    60,
    60.375,
    60,
    60.292000000000002,
    60.25,
    61.582999999999998,
    60.375,
    59.832999999999998,
    62.167000000000002,
    62,
    61.75,
    61.915999999999997,
    62.25
  ],
  "retrieval_samples" : 100,
  "synth_chars" : 1445,
  "synth_tokens_est" : 361,
  "timestamp" : "2026-04-24T07:04:39Z",
  "type" : "storage_only"
}