{
  "avg_retrieval_us" : 62.084599999999995,
  "backend" : "SQLite",
  "backend_key" : "sqlite",
  "context_chars" : 315,
  "context_tokens_est" : 78,
  "device" : {
    "active_cpu_cores" : 6,
    "cpu_cores" : 6,
    "model" : "iPhone",
    "name" : "iPhone",
    "platform" : "iOS",
    "ram_total_bytes" : 5994528768,
    "systemName" : "iOS",
    "systemVersion" : "26.3"
  },
  "ingest_total_ms" : 61.328625000000002,
  "max_retrieval_us" : 91.832999999999998,
  "median_retrieval_us" : 62,
  "min_retrieval_us" : 60.457999999999998,
  "p50_retrieval_us" : 62,
  "p95_retrieval_us" : 63.459000000000003,
  "per_ingest_us" : 153.3215625,
  "readings_count" : 400,
  "retrieval_latencies_us" : [
    63.459000000000003,
    62.25,
    62.042000000000002,
    61.917000000000002,
    61.75,
    62.125,
    61.209000000000003,
    61.332999999999998,
    60.832999999999998,
    61.125,
    62.625,
    62.582999999999998,
    62.167000000000002,
    61.957999999999998,
    62,
    62.167000000000002,
    60.457999999999998,
    60.832999999999998,
    60.75,
    60.832999999999998,
    62.542000000000002,
    62.5,
    62.209000000000003,
    62.457999999999998,
    62.040999999999997,
    62.582999999999998,
    62.917000000000002,
    62.207999999999998,
    62.540999999999997,
    62.792000000000002,
    61.207999999999998,
    60.457999999999998,
    60.457999999999998,
    60.584000000000003,
    60.5,
    62.707999999999998,
    62.417000000000002,
    62.292000000000002,
    62.167000000000002,
    62.042000000000002,
    62.457999999999998,
    62.417000000000002,
    62.625,
    62.417000000000002,
    62.375,
    61.042000000000002,
    61.082999999999998,
    60.790999999999997,
    60.582999999999998,
    60.709000000000003,
    61.084000000000003,
    60.792000000000002,
    60.707999999999998,
    60.457999999999998,
    60.540999999999997,
    62.040999999999997,
    62.207999999999998,
    61.709000000000003,
    61.667000000000002,
    61.792000000000002,
    60.625,
    60.625,
    60.790999999999997,
    63.540999999999997,
    60.832999999999998,
    91.832999999999998,
    62.625,
    62.25,
    62.625,
    64.957999999999998,
    62.334000000000003,
    62.042000000000002,
    61.75,
    62.167000000000002,
    62.125,
    63.209000000000003,
    60.582999999999998,
    61.082999999999998,
    61.25,
    60.542000000000002,
    62.582999999999998,
    62.25,
    62.084000000000003,
    61.959000000000003,
    61.832999999999998,
    68.167000000000002,
    60.875,
    60.667000000000002,
    60.957999999999998,
    61.042000000000002,
    60.709000000000003,
    60.5,
    60.75,
    60.875,
    60.959000000000003,
    62.5,
    62.165999999999997,
    62.167000000000002,
    62,
    62.082999999999998
  ],
  "retrieval_samples" : 100,
  "synth_chars" : 1445,
  "synth_tokens_est" : 361,
  "timestamp" : "2026-04-24T07:04:25Z",
  "type" : "storage_only"
}