{
  "avg_retrieval_us" : 227.58084999999994,
  "backend" : "SQLite",
  "backend_key" : "sqlite",
  "backend_size_after_bytes" : 3843512,
  "backend_size_before_bytes" : 119032,
  "backend_size_breakdown_after_bytes" : {

  },
  "backend_size_breakdown_before_bytes" : {

  },
  "backend_size_breakdown_delta_bytes" : {

  },
  "backend_size_delta_bytes" : 3724480,
  "backend_size_method" : "sqlite:db_file_size",
  "context_chars" : 315,
  "context_tokens_est" : 78,
  "device" : {
    "active_cpu_cores" : 6,
    "cpu_cores" : 6,
    "model" : "iPhone",
    "name" : "iPhone",
    "platform" : "iOS",
    "ram_total_bytes" : 5994528768,
    "systemName" : "iOS",
    "systemVersion" : "26.3"
  },
  "ingest_total_ms" : 97.294167000000002,
  "max_retrieval_us" : 371.125,
  "median_retrieval_us" : 227.5,
  "min_retrieval_us" : 191.542,
  "p50_retrieval_us" : 227.5,
  "p95_retrieval_us" : 245.958,
  "per_ingest_us" : 243.23541750000001,
  "ram_after_phys_bytes" : 6407552,
  "ram_after_phys_kb" : 6257,
  "ram_after_resident_bytes" : 18382848,
  "ram_after_resident_kb" : 17952,
  "ram_before_phys_bytes" : 5752192,
  "ram_before_phys_kb" : 5617,
  "ram_before_resident_bytes" : 17596416,
  "ram_before_resident_kb" : 17184,
  "ram_delta_phys_bytes" : 655360,
  "ram_delta_phys_kb" : 640,
  "ram_delta_resident_bytes" : 786432,
  "ram_delta_resident_kb" : 768,
  "ram_metric" : "phys_footprint",
  "readings_count" : 400,
  "retrieval_latencies_us" : [
    225.625,
    244.625,
    223.25,
    232.708,
    225.541,
    230.208,
    222.083,
    233.75,
    222.667,
    221.708,
    239.291,
    236.25,
    225.5,
    243.5,
    250.25,
    226.417,
    251.292,
    224.167,
    227.25,
    222.917,
    227.833,
    230.709,
    229.459,
    228,
    232.666,
    228.959,
    226.625,
    228.208,
    237.709,
    231.25,
    222.584,
    230.334,
    222.125,
    231.417,
    221.375,
    239.292,
    227.291,
    227.292,
    227.5,
    241.291,
    227.875,
    250.583,
    227.5,
    232.792,
    228.208,
    231.792,
    224.917,
    230.25,
    220.791,
    221.917,
    222.417,
    232.584,
    221.25,
    240.291,
    222,
    229.792,
    226,
    236.583,
    227.708,
    226.416,
    235.208,
    240.333,
    221.542,
    240,
    221.042,
    238.666,
    227.042,
    238.5,
    226.833,
    236.625,
    227.625,
    244.917,
    235.916,
    245.958,
    227.083,
    233.167,
    220.083,
    231.042,
    221.834,
    221.208,
    227.125,
    245.459,
    226.5,
    371.125,
    244.833,
    214.625,
    205.25,
    219.167,
    202.292,
    197.125,
    197.917,
    197.291,
    194.792,
    192.417,
    191.542,
    199.375,
    201.709,
    198.5,
    197.708,
    196.125
  ],
  "retrieval_samples" : 100,
  "synth_chars" : 1445,
  "synth_tokens_est" : 361,
  "timestamp" : "2026-04-27T15:28:16Z",
  "type" : "storage_only"
}