{
  "avg_retrieval_us" : 61.74910000000002,
  "backend" : "SQLite",
  "backend_key" : "sqlite",
  "context_chars" : 315,
  "context_tokens_est" : 78,
  "device" : {
    "active_cpu_cores" : 6,
    "cpu_cores" : 6,
    "model" : "iPhone",
    "name" : "iPhone",
    "platform" : "iOS",
    "ram_total_bytes" : 5994528768,
    "systemName" : "iOS",
    "systemVersion" : "26.3"
  },
  "ingest_total_ms" : 58.845999999999997,
  "max_retrieval_us" : 65.25,
  "median_retrieval_us" : 61.957999999999998,
  "min_retrieval_us" : 60.165999999999997,
  "p50_retrieval_us" : 61.957999999999998,
  "p95_retrieval_us" : 63.082999999999998,
  "per_ingest_us" : 147.11500000000001,
  "readings_count" : 400,
  "retrieval_latencies_us" : [
    63.082999999999998,
    62.832999999999998,
    62.25,
    61.75,
    61.5,
    61.917000000000002,
    61.625,
    61.375,
    61.582999999999998,
    61.5,
    62.917000000000002,
    62.707999999999998,
    62.542000000000002,
    61.957999999999998,
    62.125,
    61.707999999999998,
    60.957999999999998,
    60.792000000000002,
    61.165999999999997,
    60.75,
    62.707999999999998,
    62.875,
    62.832999999999998,
    62.584000000000003,
    62.875,
    63.082999999999998,
    62.917000000000002,
    62.790999999999997,
    62.415999999999997,
    62.415999999999997,
    61.334000000000003,
    60.582999999999998,
    60.417000000000002,
    60.75,
    60.792000000000002,
    62.75,
    62.417000000000002,
    62.542000000000002,
    62.5,
    62.5,
    62.875,
    62.5,
    63.875,
    62.875,
    62.542000000000002,
    61.209000000000003,
    60.832999999999998,
    60.790999999999997,
    60.665999999999997,
    60.582999999999998,
    61.167000000000002,
    60.792000000000002,
    60.542000000000002,
    60.582999999999998,
    60.832999999999998,
    62.082999999999998,
    61.540999999999997,
    61.667000000000002,
    62,
    61.834000000000003,
    63.75,
    60.707999999999998,
    60.75,
    60.5,
    60.375,
    62.582999999999998,
    62.457999999999998,
    62.042000000000002,
    62.334000000000003,
    65.25,
    62.792000000000002,
    62.417000000000002,
    61.792000000000002,
    62.375,
    62.5,
    61.165999999999997,
    60.292000000000002,
    60.292000000000002,
    60.5,
    60.790999999999997,
    62.375,
    62.125,
    62.040999999999997,
    62.417000000000002,
    62.207999999999998,
    60.75,
    60.165999999999997,
    60.5,
    60.667000000000002,
    60.332999999999998,
    60.290999999999997,
    60.207999999999998,
    60.584000000000003,
    60.332999999999998,
    60.290999999999997,
    62.165999999999997,
    62.125,
    62,
    62.540999999999997,
    62.207999999999998
  ],
  "retrieval_samples" : 100,
  "synth_chars" : 1445,
  "synth_tokens_est" : 361,
  "timestamp" : "2026-04-24T07:04:52Z",
  "type" : "storage_only"
}