{
  "avg_retrieval_us" : 253.89921999999999,
  "backend" : "SQLite",
  "backend_key" : "sqlite",
  "backend_size_after_bytes" : 1911256,
  "backend_size_before_bytes" : 114936,
  "backend_size_delta_bytes" : 1796320,
  "backend_size_method" : "sqlite:db_file_size",
  "context_chars" : 315,
  "context_tokens_est" : 78,
  "device" : {
    "active_cpu_cores" : 6,
    "cpu_cores" : 6,
    "model" : "iPhone",
    "name" : "iPhone",
    "platform" : "iOS",
    "ram_total_bytes" : 5994528768,
    "systemName" : "iOS",
    "systemVersion" : "26.3"
  },
  "ingest_total_ms" : 64.504874999999998,
  "max_retrieval_us" : 345.709,
  "median_retrieval_us" : 248.541,
  "min_retrieval_us" : 191.5,
  "p50_retrieval_us" : 248.541,
  "p95_retrieval_us" : 338.375,
  "per_ingest_us" : 322.52437500000002,
  "ram_after_phys_bytes" : 5965312,
  "ram_after_phys_kb" : 5825,
  "ram_after_resident_bytes" : 14516224,
  "ram_after_resident_kb" : 14176,
  "ram_before_phys_bytes" : 5572096,
  "ram_before_phys_kb" : 5441,
  "ram_before_resident_bytes" : 14024704,
  "ram_before_resident_kb" : 13696,
  "ram_delta_phys_bytes" : 393216,
  "ram_delta_phys_kb" : 384,
  "ram_delta_resident_bytes" : 491520,
  "ram_delta_resident_kb" : 480,
  "ram_metric" : "phys_footprint",
  "readings_count" : 200,
  "retrieval_latencies_us" : [
    338.375,
    332.084,
    333.375,
    332.20800000000003,
    333.66699999999997,
    337.54199999999997,
    332.709,
    339.04199999999997,
    265.375,
    264.5,
    279.791,
    270.16699999999997,
    270.334,
    270.541,
    270.70800000000003,
    266.70800000000003,
    265.70800000000003,
    266.334,
    264.959,
    264.95800000000003,
    272.625,
    272.75,
    248.541,
    226.833,
    226.584,
    228.625,
    227.5,
    227.583,
    228.084,
    227.833,
    228.708,
    222.417,
    222.417,
    221.875,
    221.833,
    226.375,
    227.5,
    226.833,
    227.292,
    345.709,
    252.709,
    210.875,
    204.292,
    200.792,
    198.083,
    196.708,
    194.334,
    194.041,
    194.625,
    191.5
  ],
  "retrieval_samples" : 50,
  "synth_chars" : 815,
  "synth_tokens_est" : 203,
  "timestamp" : "2026-04-26T17:13:12Z",
  "type" : "storage_only"
}