{
  "avg_retrieval_us" : 211.44040999999993,
  "backend" : "SQLite",
  "backend_key" : "sqlite",
  "backend_size_after_bytes" : 3839416,
  "backend_size_before_bytes" : 114936,
  "backend_size_breakdown_after_bytes" : {

  },
  "backend_size_breakdown_before_bytes" : {

  },
  "backend_size_breakdown_delta_bytes" : {

  },
  "backend_size_delta_bytes" : 3724480,
  "backend_size_method" : "sqlite:db_file_size",
  "context_chars" : 315,
  "context_tokens_est" : 78,
  "device" : {
    "active_cpu_cores" : 6,
    "cpu_cores" : 6,
    "model" : "iPhone",
    "name" : "iPhone",
    "platform" : "iOS",
    "ram_total_bytes" : 5994528768,
    "systemName" : "iOS",
    "systemVersion" : "26.3"
  },
  "ingest_total_ms" : 99.909625000000005,
  "max_retrieval_us" : 349.666,
  "median_retrieval_us" : 218.209,
  "min_retrieval_us" : 138.375,
  "p50_retrieval_us" : 218.209,
  "p95_retrieval_us" : 290.58300000000003,
  "per_ingest_us" : 249.77406250000001,
  "ram_after_phys_bytes" : 6456768,
  "ram_after_phys_kb" : 6305,
  "ram_after_resident_bytes" : 18415616,
  "ram_after_resident_kb" : 17984,
  "ram_before_phys_bytes" : 5752256,
  "ram_before_phys_kb" : 5617,
  "ram_before_resident_bytes" : 17580032,
  "ram_before_resident_kb" : 17168,
  "ram_delta_phys_bytes" : 704512,
  "ram_delta_phys_kb" : 688,
  "ram_delta_resident_bytes" : 835584,
  "ram_delta_resident_kb" : 816,
  "ram_metric" : "phys_footprint",
  "readings_count" : 400,
  "retrieval_latencies_us" : [
    278.79199999999997,
    269.584,
    268.79199999999997,
    281.625,
    290.58300000000003,
    289.20800000000003,
    290.25,
    264.125,
    281.875,
    282.66699999999997,
    287.375,
    278.95800000000003,
    282.58300000000003,
    299.58300000000003,
    286.95800000000003,
    285.666,
    295.75,
    293.45800000000003,
    262.75,
    281.20800000000003,
    232.042,
    245.042,
    226.375,
    232.5,
    226.75,
    243.958,
    226.042,
    245.334,
    349.666,
    232.167,
    211.458,
    201.334,
    197.917,
    234.5,
    194.666,
    234.292,
    237.125,
    216.5,
    201.5,
    247.875,
    228.458,
    198.958,
    219.084,
    199.583,
    219.667,
    218.541,
    222.625,
    192.958,
    209.75,
    195.542,
    214.25,
    218.834,
    224.875,
    234.667,
    194,
    218.416,
    223.834,
    194.5,
    224.375,
    218.209,
    217.208,
    193.875,
    218.208,
    192.792,
    222.958,
    220.125,
    218.667,
    196.125,
    200.208,
    249.208,
    198.167,
    198.375,
    196.667,
    157.083,
    144.5,
    141.958,
    142.375,
    141.375,
    141.209,
    156.625,
    146.75,
    144.625,
    143.917,
    143.416,
    144.542,
    140.459,
    142.584,
    141.75,
    139.5,
    139.083,
    139.208,
    140.417,
    138.875,
    138.708,
    138.375,
    143.666,
    142.708,
    142.458,
    142.625,
    142.708
  ],
  "retrieval_samples" : 100,
  "synth_chars" : 1445,
  "synth_tokens_est" : 361,
  "timestamp" : "2026-04-26T19:55:48Z",
  "type" : "storage_only"
}