{
  "avg_retrieval_us" : 62.636630000000004,
  "backend" : "SQLite",
  "backend_key" : "sqlite",
  "context_chars" : 315,
  "context_tokens_est" : 78,
  "device" : {
    "active_cpu_cores" : 6,
    "cpu_cores" : 6,
    "model" : "iPhone",
    "name" : "iPhone",
    "platform" : "iOS",
    "ram_total_bytes" : 5994528768,
    "systemName" : "iOS",
    "systemVersion" : "26.3"
  },
  "ingest_total_ms" : 61.926833000000002,
  "max_retrieval_us" : 85.042000000000002,
  "median_retrieval_us" : 62.625,
  "min_retrieval_us" : 60.792000000000002,
  "p50_retrieval_us" : 62.625,
  "p95_retrieval_us" : 65.792000000000002,
  "per_ingest_us" : 154.8170825,
  "readings_count" : 400,
  "retrieval_latencies_us" : [
    63.665999999999997,
    62.707999999999998,
    62.417000000000002,
    62.125,
    62,
    62.332999999999998,
    61.957999999999998,
    61.792000000000002,
    61.875,
    62.75,
    63.082999999999998,
    62.707999999999998,
    62.709000000000003,
    62.542000000000002,
    62.625,
    62.125,
    61.667000000000002,
    61.292000000000002,
    61.292000000000002,
    61.082999999999998,
    63.457999999999998,
    63.165999999999997,
    62.707999999999998,
    62.917000000000002,
    63,
    63.582999999999998,
    63.042000000000002,
    62.959000000000003,
    62.875,
    62.542000000000002,
    61.582999999999998,
    61.165999999999997,
    61.125,
    61.125,
    61.209000000000003,
    63.332999999999998,
    62.875,
    62.792000000000002,
    62.832999999999998,
    63.165999999999997,
    63.415999999999997,
    62.75,
    62.75,
    62.75,
    62.790999999999997,
    61.582999999999998,
    61.082999999999998,
    61.167000000000002,
    61.125,
    61.125,
    61.5,
    61.125,
    60.875,
    60.957999999999998,
    61.084000000000003,
    62.667000000000002,
    62.042000000000002,
    62.209000000000003,
    62.334000000000003,
    62.084000000000003,
    61.582999999999998,
    60.792000000000002,
    66.25,
    61.582999999999998,
    61.084000000000003,
    62.957999999999998,
    62.75,
    62.75,
    62.625,
    62.665999999999997,
    66,
    63.125,
    63.082999999999998,
    62.75,
    62.790999999999997,
    68.75,
    62.040999999999997,
    61.165999999999997,
    61.040999999999997,
    60.957999999999998,
    62.832999999999998,
    62.915999999999997,
    63.75,
    64.457999999999998,
    62.790999999999997,
    61.667000000000002,
    85.042000000000002,
    65.792000000000002,
    60.959000000000003,
    61.082999999999998,
    61.417000000000002,
    60.917000000000002,
    61.167000000000002,
    62.292000000000002,
    62.209000000000003,
    62.959000000000003,
    62.75,
    63.040999999999997,
    62.707999999999998,
    62.540999999999997
  ],
  "retrieval_samples" : 100,
  "synth_chars" : 1445,
  "synth_tokens_est" : 361,
  "timestamp" : "2026-04-24T07:04:12Z",
  "type" : "storage_only"
}