{
  "avg_retrieval_us" : 61.83673000000001,
  "backend" : "SQLite",
  "backend_key" : "sqlite",
  "context_chars" : 315,
  "context_tokens_est" : 78,
  "device" : {
    "active_cpu_cores" : 6,
    "cpu_cores" : 6,
    "model" : "iPhone",
    "name" : "iPhone",
    "platform" : "iOS",
    "ram_total_bytes" : 5994528768,
    "systemName" : "iOS",
    "systemVersion" : "26.3"
  },
  "ingest_total_ms" : 66.649084000000002,
  "max_retrieval_us" : 76.5,
  "median_retrieval_us" : 61.75,
  "min_retrieval_us" : 59.917000000000002,
  "p50_retrieval_us" : 61.75,
  "p95_retrieval_us" : 64.832999999999998,
  "per_ingest_us" : 166.62271000000001,
  "readings_count" : 400,
  "retrieval_latencies_us" : [
    63.125,
    62.334000000000003,
    62.292000000000002,
    61.332999999999998,
    61.292000000000002,
    61.582999999999998,
    61.167000000000002,
    61.25,
    61.125,
    60.625,
    62.292000000000002,
    62.042000000000002,
    61.875,
    76.5,
    62.542000000000002,
    61.25,
    60.542000000000002,
    60.792000000000002,
    60.667000000000002,
    60.542000000000002,
    62.417000000000002,
    70.125,
    63.082999999999998,
    62.459000000000003,
    62.457999999999998,
    62.707999999999998,
    62.334000000000003,
    62.375,
    62.375,
    62.375,
    61,
    60.542000000000002,
    60.457999999999998,
    60.582999999999998,
    60.417000000000002,
    61.917000000000002,
    62.084000000000003,
    62.5,
    62.042000000000002,
    67.792000000000002,
    62.875,
    62.292000000000002,
    62.25,
    62.082999999999998,
    62,
    61.082999999999998,
    60.292000000000002,
    60.5,
    60.665999999999997,
    60.584000000000003,
    62.082999999999998,
    60.290999999999997,
    60.25,
    60.332999999999998,
    64.625,
    62.5,
    62,
    61.707999999999998,
    61.457999999999998,
    61.375,
    65.584000000000003,
    60.5,
    60.582999999999998,
    60.665999999999997,
    60.415999999999997,
    62.375,
    62.167000000000002,
    61.75,
    61.707999999999998,
    64.832999999999998,
    62.707999999999998,
    61.875,
    61.875,
    61.959000000000003,
    62.042000000000002,
    60.875,
    60.375,
    60.792000000000002,
    60.292000000000002,
    60.25,
    62.042000000000002,
    62.209000000000003,
    61.832999999999998,
    61.959000000000003,
    61.5,
    60.709000000000003,
    60.415999999999997,
    60.040999999999997,
    60.207999999999998,
    60.375,
    60.332999999999998,
    60.042000000000002,
    60.125,
    59.917000000000002,
    60.042000000000002,
    62.25,
    62.042000000000002,
    61.959000000000003,
    61.959000000000003,
    61.625
  ],
  "retrieval_samples" : 100,
  "synth_chars" : 1445,
  "synth_tokens_est" : 361,
  "timestamp" : "2026-04-24T07:04:00Z",
  "type" : "storage_only"
}