{
  "avg_retrieval_us" : 266.53092000000009,
  "backend" : "SQLite",
  "backend_key" : "sqlite",
  "backend_size_after_bytes" : 3843512,
  "backend_size_before_bytes" : 119032,
  "backend_size_breakdown_after_bytes" : {

  },
  "backend_size_breakdown_before_bytes" : {

  },
  "backend_size_breakdown_delta_bytes" : {

  },
  "backend_size_delta_bytes" : 3724480,
  "backend_size_method" : "sqlite:db_file_size",
  "context_chars" : 315,
  "context_tokens_est" : 78,
  "device" : {
    "active_cpu_cores" : 6,
    "cpu_cores" : 6,
    "model" : "iPhone",
    "name" : "iPhone",
    "platform" : "iOS",
    "ram_total_bytes" : 5994528768,
    "systemName" : "iOS",
    "systemVersion" : "26.3"
  },
  "ingest_total_ms" : 97.189291999999995,
  "max_retrieval_us" : 524.54200000000003,
  "median_retrieval_us" : 232.667,
  "min_retrieval_us" : 190,
  "p50_retrieval_us" : 232.667,
  "p95_retrieval_us" : 463.125,
  "per_ingest_us" : 242.97323,
  "ram_after_phys_bytes" : 6358464,
  "ram_after_phys_kb" : 6209,
  "ram_after_resident_bytes" : 18317312,
  "ram_after_resident_kb" : 17888,
  "ram_before_phys_bytes" : 5653952,
  "ram_before_phys_kb" : 5521,
  "ram_before_resident_bytes" : 17481728,
  "ram_before_resident_kb" : 17072,
  "ram_delta_phys_bytes" : 704512,
  "ram_delta_phys_kb" : 688,
  "ram_delta_resident_bytes" : 835584,
  "ram_delta_resident_kb" : 816,
  "ram_metric" : "phys_footprint",
  "readings_count" : 400,
  "retrieval_latencies_us" : [
    454.875,
    483.625,
    468.95800000000003,
    481.29199999999997,
    463.125,
    524.54200000000003,
    452.91699999999997,
    438,
    353.33300000000003,
    359.709,
    351.125,
    366.041,
    387.375,
    383.125,
    357.75,
    365.5,
    369.91699999999997,
    350.209,
    331.95800000000003,
    351.541,
    344,
    362.416,
    341.91699999999997,
    340.209,
    271.91699999999997,
    283.25,
    272.209,
    290.58300000000003,
    271.41699999999997,
    290.54199999999997,
    266.25,
    283.75,
    264.29199999999997,
    282.959,
    264.75,
    291.45800000000003,
    272.834,
    280.541,
    271.41699999999997,
    289.95800000000003,
    272.834,
    282.125,
    272.04199999999997,
    292.334,
    227.25,
    241.25,
    220.667,
    239.583,
    220.417,
    240,
    221.334,
    239.375,
    444.291,
    232.667,
    207.667,
    217.917,
    211.333,
    203.459,
    200.833,
    199.791,
    200.292,
    196.166,
    194.292,
    193.291,
    192.25,
    200.834,
    200.375,
    199.167,
    197.459,
    196.459,
    201.958,
    197.5,
    216.875,
    196.667,
    196.833,
    193.167,
    191.584,
    192.791,
    190.625,
    191.542,
    198.125,
    197.917,
    197.042,
    203.709,
    195.917,
    192.375,
    190.625,
    190.75,
    191.208,
    193.25,
    191.792,
    191,
    190.125,
    190,
    190.542,
    207.084,
    197.666,
    195.5,
    195.708,
    193.875
  ],
  "retrieval_samples" : 100,
  "synth_chars" : 1445,
  "synth_tokens_est" : 361,
  "timestamp" : "2026-04-27T15:27:29Z",
  "type" : "storage_only"
}