{
  "avg_retrieval_us" : 268.48579999999998,
  "backend" : "SQLite",
  "backend_key" : "sqlite",
  "backend_size_after_bytes" : 1952504,
  "backend_size_before_bytes" : 123416,
  "backend_size_delta_bytes" : 1829088,
  "backend_size_method" : "sqlite:db_file_size",
  "context_chars" : 315,
  "context_tokens_est" : 78,
  "device" : {
    "active_cpu_cores" : 6,
    "cpu_cores" : 6,
    "model" : "iPhone",
    "name" : "iPhone",
    "platform" : "iOS",
    "ram_total_bytes" : 5994528768,
    "systemName" : "iOS",
    "systemVersion" : "26.3"
  },
  "ingest_total_ms" : 70.570958000000005,
  "max_retrieval_us" : 385.91699999999997,
  "median_retrieval_us" : 268.166,
  "min_retrieval_us" : 191.208,
  "p50_retrieval_us" : 268.166,
  "p95_retrieval_us" : 335.125,
  "per_ingest_us" : 352.85478999999998,
  "ram_after_phys_bytes" : 5965184,
  "ram_after_phys_kb" : 5825,
  "ram_after_resident_bytes" : 14499840,
  "ram_after_resident_kb" : 14160,
  "ram_before_phys_bytes" : 5555584,
  "ram_before_phys_kb" : 5425,
  "ram_before_resident_bytes" : 13991936,
  "ram_before_resident_kb" : 13664,
  "ram_delta_phys_bytes" : 409600,
  "ram_delta_phys_kb" : 400,
  "ram_delta_resident_bytes" : 507904,
  "ram_delta_resident_kb" : 496,
  "ram_metric" : "phys_footprint",
  "readings_count" : 200,
  "retrieval_latencies_us" : [
    335.125,
    332.54199999999997,
    332.125,
    330.79199999999997,
    331.584,
    332.54199999999997,
    329.91699999999997,
    330.29199999999997,
    332.45800000000003,
    331.20800000000003,
    334.20800000000003,
    271.58300000000003,
    269.375,
    268.166,
    267.834,
    264.541,
    264.875,
    262.33300000000003,
    262.875,
    262.79199999999997,
    271.45800000000003,
    271.33300000000003,
    270,
    269.83300000000003,
    271.709,
    270.959,
    385.91699999999997,
    282.45800000000003,
    274.75,
    273.41699999999997,
    267,
    265.75,
    224.208,
    220.875,
    219.791,
    231.375,
    227.667,
    226.084,
    226.083,
    225.75,
    341.58300000000003,
    252.25,
    212.25,
    205.25,
    200.583,
    219.166,
    193.75,
    192,
    191.208,
    192.666
  ],
  "retrieval_samples" : 50,
  "synth_chars" : 815,
  "synth_tokens_est" : 203,
  "timestamp" : "2026-04-26T16:36:21Z",
  "type" : "storage_only"
}