{
  "avg_retrieval_us" : 238.38578999999999,
  "backend" : "SQLite",
  "backend_key" : "sqlite",
  "backend_size_after_bytes" : 3843512,
  "backend_size_before_bytes" : 119032,
  "backend_size_breakdown_after_bytes" : {

  },
  "backend_size_breakdown_before_bytes" : {

  },
  "backend_size_breakdown_delta_bytes" : {

  },
  "backend_size_delta_bytes" : 3724480,
  "backend_size_method" : "sqlite:db_file_size",
  "context_chars" : 315,
  "context_tokens_est" : 78,
  "device" : {
    "active_cpu_cores" : 6,
    "cpu_cores" : 6,
    "model" : "iPhone",
    "name" : "iPhone",
    "platform" : "iOS",
    "ram_total_bytes" : 5994528768,
    "systemName" : "iOS",
    "systemVersion" : "26.3"
  },
  "ingest_total_ms" : 75.100458000000003,
  "max_retrieval_us" : 418.83300000000003,
  "median_retrieval_us" : 212.5,
  "min_retrieval_us" : 189.5,
  "p50_retrieval_us" : 212.5,
  "p95_retrieval_us" : 337.5,
  "per_ingest_us" : 187.75114500000001,
  "ram_after_phys_bytes" : 6342016,
  "ram_after_phys_kb" : 6193,
  "ram_after_resident_bytes" : 18317312,
  "ram_after_resident_kb" : 17888,
  "ram_before_phys_bytes" : 5637504,
  "ram_before_phys_kb" : 5505,
  "ram_before_resident_bytes" : 17481728,
  "ram_before_resident_kb" : 17072,
  "ram_delta_phys_bytes" : 704512,
  "ram_delta_phys_kb" : 688,
  "ram_delta_resident_bytes" : 835584,
  "ram_delta_resident_kb" : 816,
  "ram_metric" : "phys_footprint",
  "readings_count" : 400,
  "retrieval_latencies_us" : [
    338.5,
    335,
    334.666,
    337.5,
    342.791,
    337.79199999999997,
    335.20800000000003,
    334.166,
    337.45800000000003,
    332.916,
    273.54199999999997,
    284.75,
    301.54199999999997,
    293.91699999999997,
    269.625,
    286.584,
    275.04199999999997,
    283.5,
    264.33300000000003,
    280.125,
    273.08300000000003,
    281.25,
    271.29199999999997,
    278.83300000000003,
    271.33300000000003,
    273.375,
    272.459,
    272.33300000000003,
    272.20800000000003,
    282.959,
    266.91699999999997,
    273.125,
    265.625,
    275.29199999999997,
    264.54199999999997,
    286.20800000000003,
    273.375,
    276.709,
    227.792,
    227.417,
    227.416,
    227.208,
    229.25,
    226.75,
    226.625,
    233.666,
    418.83300000000003,
    251.5,
    212.25,
    203.875,
    201.708,
    196.708,
    195.041,
    194.25,
    194.416,
    212.5,
    203.541,
    197.584,
    197.041,
    195.375,
    193.291,
    191.375,
    191.125,
    190.875,
    193.541,
    199.25,
    198.083,
    197.375,
    197.917,
    195.917,
    197.542,
    196.25,
    197.5,
    200.292,
    198.458,
    191.583,
    190.584,
    190.792,
    189.875,
    208.791,
    198.417,
    197.375,
    195.875,
    194.542,
    197.958,
    191.75,
    190.25,
    190,
    189.5,
    189.75,
    190.583,
    189.834,
    191.5,
    192.333,
    189.917,
    240.75,
    197.708,
    196.75,
    196.167,
    196.583
  ],
  "retrieval_samples" : 100,
  "synth_chars" : 1445,
  "synth_tokens_est" : 361,
  "timestamp" : "2026-04-27T15:27:06Z",
  "type" : "storage_only"
}