{
  "avg_retrieval_us" : 646.32410000000004,
  "backend" : "ObjectBox",
  "backend_key" : "objectbox",
  "backend_size_after_bytes" : 208896,
  "backend_size_before_bytes" : 61440,
  "backend_size_breakdown_after_bytes" : {

  },
  "backend_size_breakdown_before_bytes" : {

  },
  "backend_size_breakdown_delta_bytes" : {

  },
  "backend_size_delta_bytes" : 147456,
  "backend_size_method" : "objectbox:dir_st_blocks",
  "context_chars" : 315,
  "context_tokens_est" : 78,
  "dataset_name" : "dataset_iot_baseline",
  "device" : {
    "active_cpu_cores" : 6,
    "cpu_cores" : 6,
    "model" : "iPhone",
    "name" : "iPhone",
    "platform" : "iOS",
    "ram_total_bytes" : 5994528768,
    "systemName" : "iOS",
    "systemVersion" : "26.3"
  },
  "ingest_total_ms" : 4955.9222920000002,
  "max_retrieval_us" : 1044.7909999999999,
  "median_retrieval_us" : 614.54100000000005,
  "min_retrieval_us" : 438.29199999999997,
  "p50_retrieval_us" : 614.54100000000005,
  "p95_retrieval_us" : 1030,
  "per_ingest_us" : 24779.61146,
  "ram_after_phys_bytes" : 6342016,
  "ram_after_phys_kb" : 6193,
  "ram_after_resident_bytes" : 19070976,
  "ram_after_resident_kb" : 18624,
  "ram_before_phys_bytes" : 6047104,
  "ram_before_phys_kb" : 5905,
  "ram_before_resident_bytes" : 18153472,
  "ram_before_resident_kb" : 17728,
  "ram_delta_phys_bytes" : 294912,
  "ram_delta_phys_kb" : 288,
  "ram_delta_resident_bytes" : 917504,
  "ram_delta_resident_kb" : 896,
  "ram_metric" : "phys_footprint",
  "readings_count" : 200,
  "retrieval_latencies_us" : [
    1028.2080000000001,
    1044.7909999999999,
    1030,
    1030.6669999999999,
    1023.5,
    809.54100000000005,
    773.45799999999997,
    781.83299999999997,
    781.375,
    773.41700000000003,
    791.29100000000005,
    794.375,
    742.66600000000005,
    624,
    622.66700000000003,
    622.79200000000003,
    620.58299999999997,
    615.25,
    615.125,
    535.54100000000005,
    522.91600000000005,
    520,
    528.20799999999997,
    521.375,
    524.66600000000005,
    522.41700000000003,
    699,
    625.79200000000003,
    617.54100000000005,
    616.625,
    607.375,
    606.83299999999997,
    611.91700000000003,
    605.41700000000003,
    603.08399999999995,
    613.41700000000003,
    614.16600000000005,
    619.45899999999995,
    610.875,
    614.54100000000005,
    604.58299999999997,
    603.66700000000003,
    544.95799999999997,
    444.66699999999997,
    444.209,
    442,
    444.125,
    441.625,
    441.375,
    438.29199999999997
  ],
  "retrieval_samples" : 50,
  "synth_chars" : 815,
  "synth_tokens_est" : 203,
  "timestamp" : "2026-04-28T05:09:56Z",
  "type" : "storage_only"
}