{
  "avg_retrieval_us" : 638.35414000000003,
  "backend" : "ObjectBox",
  "backend_key" : "objectbox",
  "backend_size_after_bytes" : 274432,
  "backend_size_before_bytes" : 61440,
  "backend_size_breakdown_after_bytes" : {

  },
  "backend_size_breakdown_before_bytes" : {

  },
  "backend_size_breakdown_delta_bytes" : {

  },
  "backend_size_delta_bytes" : 212992,
  "backend_size_method" : "objectbox:dir_st_blocks",
  "context_chars" : 315,
  "context_tokens_est" : 78,
  "dataset_name" : "dataset_iot_baseline",
  "device" : {
    "active_cpu_cores" : 6,
    "cpu_cores" : 6,
    "model" : "iPhone",
    "name" : "iPhone",
    "platform" : "iOS",
    "ram_total_bytes" : 5994528768,
    "systemName" : "iOS",
    "systemVersion" : "26.3"
  },
  "ingest_total_ms" : 963.57116699999995,
  "max_retrieval_us" : 1575.5419999999999,
  "median_retrieval_us" : 610.875,
  "min_retrieval_us" : 439.916,
  "p50_retrieval_us" : 610.875,
  "p95_retrieval_us" : 1026.5,
  "per_ingest_us" : 4817.8558350000003,
  "ram_after_phys_bytes" : 6440384,
  "ram_after_phys_kb" : 6289,
  "ram_after_resident_bytes" : 18989056,
  "ram_after_resident_kb" : 18544,
  "ram_before_phys_bytes" : 6063552,
  "ram_before_phys_kb" : 5921,
  "ram_before_resident_bytes" : 18087936,
  "ram_before_resident_kb" : 17664,
  "ram_delta_phys_bytes" : 376832,
  "ram_delta_phys_kb" : 368,
  "ram_delta_resident_bytes" : 901120,
  "ram_delta_resident_kb" : 880,
  "ram_metric" : "phys_footprint",
  "readings_count" : 200,
  "retrieval_latencies_us" : [
    1575.5419999999999,
    1030.6659999999999,
    1026.5,
    765.83299999999997,
    765.41700000000003,
    766.45899999999995,
    764.66700000000003,
    765.41700000000003,
    764.83399999999995,
    785,
    712.58299999999997,
    612.625,
    613.58299999999997,
    618.91700000000003,
    613.95799999999997,
    609.04100000000005,
    610.875,
    608.16700000000003,
    609.29100000000005,
    608.5,
    545.45799999999997,
    516.95799999999997,
    515.29200000000003,
    516.83299999999997,
    865.5,
    639.91600000000005,
    619.79200000000003,
    655.95899999999995,
    690.41600000000005,
    648,
    644.16700000000003,
    633.83399999999995,
    603.66700000000003,
    602.08299999999997,
    602.75,
    609.83399999999995,
    614.33299999999997,
    610.125,
    610.125,
    523.375,
    442.95800000000003,
    445.54199999999997,
    443.25,
    446.83300000000003,
    442.5,
    440.041,
    440.125,
    439.916,
    439.95800000000003,
    440.29199999999997
  ],
  "retrieval_samples" : 50,
  "synth_chars" : 815,
  "synth_tokens_est" : 203,
  "timestamp" : "2026-04-28T10:21:07Z",
  "type" : "storage_only"
}