{
  "avg_retrieval_us" : 715.82989999999995,
  "backend" : "ObjectBox",
  "backend_key" : "objectbox",
  "backend_size_after_bytes" : 274432,
  "backend_size_before_bytes" : 61440,
  "backend_size_breakdown_after_bytes" : {

  },
  "backend_size_breakdown_before_bytes" : {

  },
  "backend_size_breakdown_delta_bytes" : {

  },
  "backend_size_delta_bytes" : 212992,
  "backend_size_method" : "objectbox:dir_st_blocks",
  "context_chars" : 315,
  "context_tokens_est" : 78,
  "dataset_name" : "dataset_iot_baseline",
  "device" : {
    "active_cpu_cores" : 6,
    "cpu_cores" : 6,
    "model" : "iPhone",
    "name" : "iPhone",
    "platform" : "iOS",
    "ram_total_bytes" : 5994528768,
    "systemName" : "iOS",
    "systemVersion" : "26.3"
  },
  "ingest_total_ms" : 968.09649999999999,
  "max_retrieval_us" : 1575,
  "median_retrieval_us" : 613.20799999999997,
  "min_retrieval_us" : 439.54199999999997,
  "p50_retrieval_us" : 613.20799999999997,
  "p95_retrieval_us" : 1543.125,
  "per_ingest_us" : 4840.4825000000001,
  "ram_after_phys_bytes" : 6423936,
  "ram_after_phys_kb" : 6273,
  "ram_after_resident_bytes" : 18989056,
  "ram_after_resident_kb" : 18544,
  "ram_before_phys_bytes" : 6047104,
  "ram_before_phys_kb" : 5905,
  "ram_before_resident_bytes" : 18087936,
  "ram_before_resident_kb" : 17664,
  "ram_delta_phys_bytes" : 376832,
  "ram_delta_phys_kb" : 368,
  "ram_delta_resident_bytes" : 901120,
  "ram_delta_resident_kb" : 880,
  "ram_metric" : "phys_footprint",
  "readings_count" : 200,
  "retrieval_latencies_us" : [
    1575,
    1553,
    1543.125,
    1017.292,
    1021.4160000000001,
    1038.25,
    1020.0839999999999,
    1019.958,
    889.45799999999997,
    773.25,
    773.29100000000005,
    780.54100000000005,
    770.91700000000003,
    774,
    782.5,
    766.5,
    645.95799999999997,
    609.70899999999995,
    631.33299999999997,
    611.83299999999997,
    619.58299999999997,
    618.29200000000003,
    559.25,
    517.25,
    541.33299999999997,
    517.54100000000005,
    516.91700000000003,
    516.125,
    516.29100000000005,
    744.125,
    662.29200000000003,
    613.70799999999997,
    612,
    605.75,
    603.54100000000005,
    613.20799999999997,
    612.33399999999995,
    610,
    610.95799999999997,
    614.83299999999997,
    607.08299999999997,
    607.91600000000005,
    607.95799999999997,
    605.45799999999997,
    605.16700000000003,
    575.08299999999997,
    441,
    439.54199999999997,
    439.834,
    439.70800000000003
  ],
  "retrieval_samples" : 50,
  "synth_chars" : 815,
  "synth_tokens_est" : 203,
  "timestamp" : "2026-04-28T10:21:37Z",
  "type" : "storage_only"
}