{
  "avg_retrieval_us" : 482.58326,
  "backend" : "ObjectBox",
  "backend_key" : "objectbox",
  "backend_size_after_bytes" : 208896,
  "backend_size_before_bytes" : 61440,
  "backend_size_breakdown_after_bytes" : {

  },
  "backend_size_breakdown_before_bytes" : {

  },
  "backend_size_breakdown_delta_bytes" : {

  },
  "backend_size_delta_bytes" : 147456,
  "backend_size_method" : "objectbox:dir_st_blocks",
  "context_chars" : 315,
  "context_tokens_est" : 78,
  "dataset_name" : "dataset_iot_baseline",
  "device" : {
    "active_cpu_cores" : 6,
    "cpu_cores" : 6,
    "model" : "iPhone",
    "name" : "iPhone",
    "platform" : "iOS",
    "ram_total_bytes" : 5994528768,
    "systemName" : "iOS",
    "systemVersion" : "26.3"
  },
  "ingest_total_ms" : 4842.5433329999996,
  "max_retrieval_us" : 602.41600000000005,
  "median_retrieval_us" : 523.54200000000003,
  "min_retrieval_us" : 186.709,
  "p50_retrieval_us" : 523.54200000000003,
  "p95_retrieval_us" : 546.95799999999997,
  "per_ingest_us" : 24212.716665,
  "ram_after_phys_bytes" : 6194752,
  "ram_after_phys_kb" : 6049,
  "ram_after_resident_bytes" : 24936448,
  "ram_after_resident_kb" : 24352,
  "ram_before_phys_bytes" : 6080064,
  "ram_before_phys_kb" : 5937,
  "ram_before_resident_bytes" : 24035328,
  "ram_before_resident_kb" : 23472,
  "ram_delta_phys_bytes" : 114688,
  "ram_delta_phys_kb" : 112,
  "ram_delta_resident_bytes" : 901120,
  "ram_delta_resident_kb" : 880,
  "ram_metric" : "phys_footprint",
  "readings_count" : 200,
  "retrieval_latencies_us" : [
    530.375,
    530.91700000000003,
    515.5,
    518.625,
    528.125,
    518.875,
    523.58299999999997,
    523.45799999999997,
    517.125,
    517.20799999999997,
    519.83299999999997,
    520.25,
    521.08399999999995,
    516.66600000000005,
    523.54200000000003,
    516.375,
    514.125,
    526.375,
    516.08299999999997,
    523.04200000000003,
    544.375,
    531.58299999999997,
    532.41700000000003,
    525.95799999999997,
    519.83299999999997,
    527.16600000000005,
    530.29100000000005,
    528.16600000000005,
    548.45899999999995,
    546.95799999999997,
    536.75,
    528.33299999999997,
    534.91700000000003,
    534.29200000000003,
    529.79200000000003,
    526.29100000000005,
    521.16600000000005,
    529.125,
    524.29200000000003,
    602.41600000000005,
    523.875,
    522.08299999999997,
    520.33299999999997,
    278.084,
    199.25,
    196.333,
    198.541,
    190.875,
    186.709,
    189.334
  ],
  "retrieval_samples" : 50,
  "synth_chars" : 815,
  "synth_tokens_est" : 203,
  "timestamp" : "2026-04-28T05:08:32Z",
  "type" : "storage_only"
}