{
  "avg_retrieval_us" : 536.1966799999999,
  "backend" : "ObjectBox",
  "backend_key" : "objectbox",
  "backend_size_after_bytes" : 274432,
  "backend_size_before_bytes" : 61440,
  "backend_size_breakdown_after_bytes" : {

  },
  "backend_size_breakdown_before_bytes" : {

  },
  "backend_size_breakdown_delta_bytes" : {

  },
  "backend_size_delta_bytes" : 212992,
  "backend_size_method" : "objectbox:dir_st_blocks",
  "context_chars" : 315,
  "context_tokens_est" : 78,
  "dataset_name" : "dataset_iot_baseline",
  "device" : {
    "active_cpu_cores" : 6,
    "cpu_cores" : 6,
    "model" : "iPhone",
    "name" : "iPhone",
    "platform" : "iOS",
    "ram_total_bytes" : 5994528768,
    "systemName" : "iOS",
    "systemVersion" : "26.3"
  },
  "ingest_total_ms" : 1036.5657080000001,
  "max_retrieval_us" : 732.08299999999997,
  "median_retrieval_us" : 522.58299999999997,
  "min_retrieval_us" : 513.75,
  "p50_retrieval_us" : 522.58299999999997,
  "p95_retrieval_us" : 612.91600000000005,
  "per_ingest_us" : 5182.8285400000004,
  "ram_after_phys_bytes" : 6440384,
  "ram_after_phys_kb" : 6289,
  "ram_after_resident_bytes" : 24887296,
  "ram_after_resident_kb" : 24304,
  "ram_before_phys_bytes" : 6063552,
  "ram_before_phys_kb" : 5921,
  "ram_before_resident_bytes" : 23986176,
  "ram_before_resident_kb" : 23424,
  "ram_delta_phys_bytes" : 376832,
  "ram_delta_phys_kb" : 368,
  "ram_delta_resident_bytes" : 901120,
  "ram_delta_resident_kb" : 880,
  "ram_metric" : "phys_footprint",
  "readings_count" : 200,
  "retrieval_latencies_us" : [
    531.125,
    519.625,
    526.33399999999995,
    517.04200000000003,
    522.58299999999997,
    540.16700000000003,
    527.5,
    525.83299999999997,
    514.70799999999997,
    522.54200000000003,
    550.75,
    513.75,
    521.95899999999995,
    528.79100000000005,
    516.54200000000003,
    515.25,
    518.5,
    519.16700000000003,
    515.58399999999995,
    517.70899999999995,
    524.29200000000003,
    522.54100000000005,
    524.04100000000005,
    532.375,
    526.33399999999995,
    522.41700000000003,
    518.66700000000003,
    519.625,
    519.25,
    534.83299999999997,
    516.66700000000003,
    521.125,
    528,
    515.33299999999997,
    514.33299999999997,
    523.375,
    519.04100000000005,
    529.95799999999997,
    525.375,
    530.875,
    529.875,
    518.58299999999997,
    514.125,
    515.5,
    732.08299999999997,
    626.58299999999997,
    612.16700000000003,
    612.91600000000005,
    607.91700000000003,
    606.16700000000003
  ],
  "retrieval_samples" : 50,
  "synth_chars" : 815,
  "synth_tokens_est" : 203,
  "timestamp" : "2026-04-28T10:20:29Z",
  "type" : "storage_only"
}