{
  "avg_retrieval_us" : 639.57419999999979,
  "backend" : "ObjectBox",
  "backend_key" : "objectbox",
  "backend_size_after_bytes" : 208896,
  "backend_size_before_bytes" : 61440,
  "backend_size_breakdown_after_bytes" : {

  },
  "backend_size_breakdown_before_bytes" : {

  },
  "backend_size_breakdown_delta_bytes" : {

  },
  "backend_size_delta_bytes" : 147456,
  "backend_size_method" : "objectbox:dir_st_blocks",
  "context_chars" : 315,
  "context_tokens_est" : 78,
  "dataset_name" : "dataset_iot_baseline",
  "device" : {
    "active_cpu_cores" : 6,
    "cpu_cores" : 6,
    "model" : "iPhone",
    "name" : "iPhone",
    "platform" : "iOS",
    "ram_total_bytes" : 5994528768,
    "systemName" : "iOS",
    "systemVersion" : "26.3"
  },
  "ingest_total_ms" : 5196.9459999999999,
  "max_retrieval_us" : 1059.7909999999999,
  "median_retrieval_us" : 611.70899999999995,
  "min_retrieval_us" : 439.709,
  "p50_retrieval_us" : 611.70899999999995,
  "p95_retrieval_us" : 1030.875,
  "per_ingest_us" : 25984.73,
  "ram_after_phys_bytes" : 6309248,
  "ram_after_phys_kb" : 6161,
  "ram_after_resident_bytes" : 19038208,
  "ram_after_resident_kb" : 18592,
  "ram_before_phys_bytes" : 6047104,
  "ram_before_phys_kb" : 5905,
  "ram_before_resident_bytes" : 18153472,
  "ram_before_resident_kb" : 17728,
  "ram_delta_phys_bytes" : 262144,
  "ram_delta_phys_kb" : 256,
  "ram_delta_resident_bytes" : 884736,
  "ram_delta_resident_kb" : 864,
  "ram_metric" : "phys_footprint",
  "readings_count" : 200,
  "retrieval_latencies_us" : [
    1048.375,
    1059.7909999999999,
    1030.875,
    1020.875,
    1026.75,
    793.29100000000005,
    777.33299999999997,
    772.20799999999997,
    775.95799999999997,
    773.08299999999997,
    772.33399999999995,
    772.79200000000003,
    733.95899999999995,
    705.16600000000005,
    638.33399999999995,
    627.625,
    611.75,
    612.16600000000005,
    590.91700000000003,
    512.04200000000003,
    522.58299999999997,
    528.875,
    710.41700000000003,
    628.95899999999995,
    615,
    613.20799999999997,
    611.70899999999995,
    610.29200000000003,
    611.08299999999997,
    611.83299999999997,
    608.20799999999997,
    601.66700000000003,
    603.45899999999995,
    602.41600000000005,
    603.25,
    614.58399999999995,
    610.5,
    609.5,
    533.375,
    447.33300000000003,
    443.625,
    443.25,
    446.83300000000003,
    442.29199999999997,
    443.04199999999997,
    440.459,
    440.95800000000003,
    439.709,
    440.20800000000003,
    444.459
  ],
  "retrieval_samples" : 50,
  "synth_chars" : 815,
  "synth_tokens_est" : 203,
  "timestamp" : "2026-04-28T05:09:16Z",
  "type" : "storage_only"
}