{
  "type": "storage_only",
  "timestamp": "2026-04-16T13:53:54.870147Z",
  "device": {
    "model": "moto g35 5G",
    "manufacturer": "motorola",
    "board": "manila",
    "hardware": "ums9620_2h10",
    "cpu_cores": 8,
    "ram_total_kb": 3497628,
    "android_version": "14",
    "sdk_int": 34,
    "abi": "arm64-v8a"
  },
  "backend": "ObjectBox",
  "backend_key": "objectbox",
  "readings_count": 200,
  "ingest_total_ms": 575.33473,
  "per_ingest_us": 2876.67365,
  "retrieval_samples": 50,
  "retrieval_latencies_us": [
    2322.962,
    2255.923,
    2439.77,
    2300.384,
    2270.769,
    2310.154,
    2266.884,
    2330.423,
    2324.308,
    2287.769,
    2299.385,
    2299.961,
    2328.192,
    2261.692,
    2329.692,
    2296.269,
    2218.5,
    2326.962,
    2247.616,
    2256.961,
    2331.654,
    2317.116,
    2302.693,
    2345.038,
    2417.5,
    2395.615,
    2314.153,
    2306.27,
    2230.808,
    2236.039,
    2252.692,
    2270.154,
    2232.5,
    2225.192,
    2177.0,
    2254.961,
    2293.77,
    2261.962,
    2265.577,
    2240.615,
    2314.0,
    2411.654,
    2327.038,
    2187.731,
    1814.231,
    1729.0,
    1629.077,
    1512.885,
    1534.923,
    1208.654
  ],
  "avg_retrieval_us": 2206.3015599999994,
  "median_retrieval_us": 2287.769,
  "min_retrieval_us": 1208.654,
  "max_retrieval_us": 2439.77,
  "p50_retrieval_us": 2287.769,
  "p95_retrieval_us": 2411.654,
  "context_chars": 315,
  "context_tokens_est": 78,
  "synth_chars": 815,
  "synth_tokens_est": 203,
  "ram_before_kb": 123752,
  "ram_after_kb": 166020,
  "ram_delta_kb": 42268,
  "io_write_bytes_before": 106496,
  "io_write_bytes_after": 18436096,
  "io_write_bytes_delta": 18329600
}