{
  "type": "storage_only",
  "timestamp": "2026-04-16T13:54:12.810656Z",
  "device": {
    "model": "moto g35 5G",
    "manufacturer": "motorola",
    "board": "manila",
    "hardware": "ums9620_2h10",
    "cpu_cores": 8,
    "ram_total_kb": 3497628,
    "android_version": "14",
    "sdk_int": 34,
    "abi": "arm64-v8a"
  },
  "backend": "ObjectBox",
  "backend_key": "objectbox",
  "readings_count": 200,
  "ingest_total_ms": 586.15873,
  "per_ingest_us": 2930.79365,
  "retrieval_samples": 50,
  "retrieval_latencies_us": [
    2334.692,
    2285.154,
    2421.615,
    2273.346,
    2295.153,
    2300.5,
    2278.808,
    2278.769,
    2280.269,
    2234.654,
    2379.231,
    2327.693,
    2336.23,
    2244.846,
    2338.462,
    2325.346,
    2207.923,
    2296.962,
    2177.5,
    2313.539,
    2212.769,
    2247.0,
    2301.885,
    2230.692,
    2365.923,
    2261.0,
    2285.0,
    2254.73,
    2259.808,
    2267.692,
    2261.423,
    2170.231,
    1989.0,
    1696.116,
    1538.692,
    1554.039,
    1577.693,
    1395.884,
    1257.961,
    1102.462,
    1047.231,
    989.461,
    1073.5,
    1010.769,
    946.923,
    946.577,
    1022.192,
    961.039,
    947.116,
    864.0
  ],
  "avg_retrieval_us": 1899.3899999999996,
  "median_retrieval_us": 2247.0,
  "min_retrieval_us": 864.0,
  "max_retrieval_us": 2421.615,
  "p50_retrieval_us": 2247.0,
  "p95_retrieval_us": 2365.923,
  "context_chars": 315,
  "context_tokens_est": 78,
  "synth_chars": 815,
  "synth_tokens_est": 203,
  "ram_before_kb": 122764,
  "ram_after_kb": 166512,
  "ram_delta_kb": 43748,
  "io_write_bytes_before": 106496,
  "io_write_bytes_after": 18448384,
  "io_write_bytes_delta": 18341888
}