{
  "type": "storage_only",
  "timestamp": "2026-04-16T13:54:42.841839Z",
  "device": {
    "model": "moto g35 5G",
    "manufacturer": "motorola",
    "board": "manila",
    "hardware": "ums9620_2h10",
    "cpu_cores": 8,
    "ram_total_kb": 3497628,
    "android_version": "14",
    "sdk_int": 34,
    "abi": "arm64-v8a"
  },
  "backend": "ObjectBox",
  "backend_key": "objectbox",
  "readings_count": 200,
  "ingest_total_ms": 582.250999,
  "per_ingest_us": 2911.254995,
  "retrieval_samples": 50,
  "retrieval_latencies_us": [
    2489.654,
    2464.77,
    2578.0,
    2473.962,
    2502.5,
    2461.0,
    2487.846,
    2474.346,
    2495.846,
    2474.577,
    2532.0,
    2552.192,
    2483.846,
    2492.385,
    2413.731,
    2505.423,
    2432.923,
    2493.962,
    2430.731,
    2455.0,
    2494.077,
    2478.923,
    2428.923,
    2455.308,
    2457.615,
    2595.269,
    2470.231,
    2395.038,
    2152.192,
    1919.616,
    1789.884,
    1728.654,
    1594.846,
    1387.808,
    1237.193,
    1378.231,
    1156.077,
    1069.308,
    1119.039,
    1124.385,
    1178.462,
    2470.577,
    4737.962,
    2600.615,
    1025.5,
    869.077,
    853.615,
    911.462,
    849.539,
    827.308
  ],
  "avg_retrieval_us": 2069.0285600000007,
  "median_retrieval_us": 2455.308,
  "min_retrieval_us": 827.308,
  "max_retrieval_us": 4737.962,
  "p50_retrieval_us": 2455.308,
  "p95_retrieval_us": 2595.269,
  "context_chars": 315,
  "context_tokens_est": 78,
  "synth_chars": 815,
  "synth_tokens_est": 203,
  "ram_before_kb": 120860,
  "ram_after_kb": 166524,
  "ram_delta_kb": 45664,
  "io_write_bytes_before": 106496,
  "io_write_bytes_after": 18448384,
  "io_write_bytes_delta": 18341888
}