{
  "type": "storage_only",
  "timestamp": "2026-04-16T13:54:30.837556Z",
  "device": {
    "model": "moto g35 5G",
    "manufacturer": "motorola",
    "board": "manila",
    "hardware": "ums9620_2h10",
    "cpu_cores": 8,
    "ram_total_kb": 3497628,
    "android_version": "14",
    "sdk_int": 34,
    "abi": "arm64-v8a"
  },
  "backend": "ObjectBox",
  "backend_key": "objectbox",
  "readings_count": 200,
  "ingest_total_ms": 594.869884,
  "per_ingest_us": 2974.34942,
  "retrieval_samples": 50,
  "retrieval_latencies_us": [
    2531.193,
    2498.961,
    2468.231,
    2601.5,
    2490.231,
    2601.192,
    2565.115,
    2471.116,
    2561.077,
    2527.653,
    2575.346,
    2468.73,
    2457.577,
    2446.154,
    2481.423,
    2417.693,
    2385.423,
    2419.539,
    2448.808,
    2403.154,
    2746.385,
    2472.769,
    2416.615,
    2465.0,
    2604.885,
    2458.769,
    2118.73,
    2129.27,
    1837.846,
    1711.038,
    1595.308,
    1343.154,
    1334.077,
    1290.654,
    1144.077,
    1105.115,
    1109.077,
    1067.192,
    1118.308,
    1093.616,
    1107.038,
    922.424,
    935.615,
    901.039,
    1049.577,
    896.038,
    865.654,
    895.73,
    1059.038,
    928.884
  ],
  "avg_retrieval_us": 1890.860760000001,
  "median_retrieval_us": 2403.154,
  "min_retrieval_us": 865.654,
  "max_retrieval_us": 2746.385,
  "p50_retrieval_us": 2403.154,
  "p95_retrieval_us": 2601.5,
  "context_chars": 315,
  "context_tokens_est": 78,
  "synth_chars": 815,
  "synth_tokens_est": 203,
  "ram_before_kb": 120884,
  "ram_after_kb": 167196,
  "ram_delta_kb": 46312,
  "io_write_bytes_before": 106496,
  "io_write_bytes_after": 18460672,
  "io_write_bytes_delta": 18354176
}