{
  "type": "storage_only",
  "timestamp": "2026-04-16T13:54:18.783513Z",
  "device": {
    "model": "moto g35 5G",
    "manufacturer": "motorola",
    "board": "manila",
    "hardware": "ums9620_2h10",
    "cpu_cores": 8,
    "ram_total_kb": 3497628,
    "android_version": "14",
    "sdk_int": 34,
    "abi": "arm64-v8a"
  },
  "backend": "ObjectBox",
  "backend_key": "objectbox",
  "readings_count": 200,
  "ingest_total_ms": 584.877,
  "per_ingest_us": 2924.385,
  "retrieval_samples": 50,
  "retrieval_latencies_us": [
    2251.923,
    2295.5,
    2300.692,
    2281.846,
    2305.731,
    2229.692,
    2231.73,
    2233.807,
    2238.192,
    2247.5,
    2306.538,
    2273.923,
    2237.924,
    2269.616,
    2244.077,
    2273.654,
    2228.347,
    2319.346,
    2251.538,
    2206.654,
    2307.884,
    2270.962,
    2312.0,
    2269.923,
    2373.0,
    2349.154,
    2284.039,
    2319.577,
    2216.5,
    2224.116,
    2205.692,
    2210.615,
    2211.038,
    2151.5,
    2248.192,
    2248.923,
    2250.0,
    2283.769,
    2388.577,
    2273.808,
    2213.462,
    2316.308,
    2304.0,
    2238.693,
    2008.539,
    1762.153,
    1605.23,
    1722.654,
    1506.077,
    1385.615
  ],
  "avg_retrieval_us": 2193.8046000000004,
  "median_retrieval_us": 2250.0,
  "min_retrieval_us": 1385.615,
  "max_retrieval_us": 2388.577,
  "p50_retrieval_us": 2250.0,
  "p95_retrieval_us": 2349.154,
  "context_chars": 315,
  "context_tokens_est": 78,
  "synth_chars": 815,
  "synth_tokens_est": 203,
  "ram_before_kb": 122512,
  "ram_after_kb": 166028,
  "ram_delta_kb": 43516,
  "io_write_bytes_before": 106496,
  "io_write_bytes_after": 18456576,
  "io_write_bytes_delta": 18350080
}