{
  "type": "storage_only",
  "timestamp": "2026-04-16T13:54:36.841064Z",
  "device": {
    "model": "moto g35 5G",
    "manufacturer": "motorola",
    "board": "manila",
    "hardware": "ums9620_2h10",
    "cpu_cores": 8,
    "ram_total_kb": 3497628,
    "android_version": "14",
    "sdk_int": 34,
    "abi": "arm64-v8a"
  },
  "backend": "ObjectBox",
  "backend_key": "objectbox",
  "readings_count": 200,
  "ingest_total_ms": 581.286384,
  "per_ingest_us": 2906.43192,
  "retrieval_samples": 50,
  "retrieval_latencies_us": [
    2456.923,
    2442.77,
    2425.884,
    2542.115,
    2502.115,
    2473.0,
    2429.577,
    2424.654,
    2378.308,
    2524.385,
    2530.192,
    2449.769,
    2464.154,
    2463.923,
    2462.038,
    2438.769,
    2363.654,
    2383.23,
    2406.193,
    2375.693,
    2421.077,
    2403.039,
    2415.154,
    2428.961,
    2444.423,
    2460.039,
    2407.385,
    2533.307,
    2446.5,
    2440.424,
    2298.039,
    1997.269,
    1800.961,
    1750.847,
    1676.462,
    1521.269,
    1375.115,
    1271.615,
    1212.192,
    1169.731,
    1080.154,
    1032.423,
    994.0,
    1008.0,
    1022.962,
    1013.885,
    1016.039,
    982.615,
    891.577,
    833.846
  ],
  "avg_retrieval_us": 1985.73312,
  "median_retrieval_us": 2406.193,
  "min_retrieval_us": 833.846,
  "max_retrieval_us": 2542.115,
  "p50_retrieval_us": 2406.193,
  "p95_retrieval_us": 2530.192,
  "context_chars": 315,
  "context_tokens_est": 78,
  "synth_chars": 815,
  "synth_tokens_est": 203,
  "ram_before_kb": 121572,
  "ram_after_kb": 166396,
  "ram_delta_kb": 44824,
  "io_write_bytes_before": 106496,
  "io_write_bytes_after": 18452480,
  "io_write_bytes_delta": 18345984
}