{
  "type": "storage_only",
  "timestamp": "2026-04-16T13:54:24.779639Z",
  "device": {
    "model": "moto g35 5G",
    "manufacturer": "motorola",
    "board": "manila",
    "hardware": "ums9620_2h10",
    "cpu_cores": 8,
    "ram_total_kb": 3497628,
    "android_version": "14",
    "sdk_int": 34,
    "abi": "arm64-v8a"
  },
  "backend": "ObjectBox",
  "backend_key": "objectbox",
  "readings_count": 200,
  "ingest_total_ms": 574.150923,
  "per_ingest_us": 2870.754615,
  "retrieval_samples": 50,
  "retrieval_latencies_us": [
    2447.654,
    2466.884,
    2516.692,
    2424.077,
    2466.385,
    2427.039,
    2488.231,
    2444.115,
    2436.654,
    2484.5,
    2536.346,
    2482.808,
    2471.115,
    2438.961,
    2541.808,
    2439.038,
    2387.577,
    2547.116,
    2476.347,
    2402.654,
    2504.308,
    2406.807,
    2474.769,
    2426.615,
    2374.193,
    2572.231,
    2450.423,
    2417.846,
    2402.384,
    2444.885,
    2370.154,
    2432.308,
    2525.23,
    2427.154,
    2272.808,
    2018.462,
    1927.077,
    1931.231,
    1665.615,
    1551.77,
    1365.308,
    1225.385,
    1217.538,
    1257.692,
    1059.885,
    1032.308,
    1068.731,
    979.077,
    975.462,
    1002.423
  ],
  "avg_retrieval_us": 2122.1216000000004,
  "median_retrieval_us": 2427.039,
  "min_retrieval_us": 975.462,
  "max_retrieval_us": 2572.231,
  "p50_retrieval_us": 2427.039,
  "p95_retrieval_us": 2541.808,
  "context_chars": 315,
  "context_tokens_est": 78,
  "synth_chars": 815,
  "synth_tokens_est": 203,
  "ram_before_kb": 122804,
  "ram_after_kb": 166416,
  "ram_delta_kb": 43612,
  "io_write_bytes_before": 106496,
  "io_write_bytes_after": 18444288,
  "io_write_bytes_delta": 18337792
}