{
  "type": "storage_only",
  "timestamp": "2026-04-16T13:54:48.831086Z",
  "device": {
    "model": "moto g35 5G",
    "manufacturer": "motorola",
    "board": "manila",
    "hardware": "ums9620_2h10",
    "cpu_cores": 8,
    "ram_total_kb": 3497628,
    "android_version": "14",
    "sdk_int": 34,
    "abi": "arm64-v8a"
  },
  "backend": "ObjectBox",
  "backend_key": "objectbox",
  "readings_count": 200,
  "ingest_total_ms": 592.525307,
  "per_ingest_us": 2962.626535,
  "retrieval_samples": 50,
  "retrieval_latencies_us": [
    2489.384,
    2508.77,
    2461.846,
    2461.038,
    2521.577,
    2583.693,
    2582.231,
    2473.346,
    2467.192,
    2526.616,
    2543.385,
    2580.577,
    2473.461,
    2495.654,
    2447.116,
    2465.885,
    2434.231,
    2429.961,
    2419.5,
    2464.538,
    2430.039,
    2495.193,
    2473.27,
    2422.616,
    2550.693,
    2597.73,
    2481.385,
    2106.539,
    1895.962,
    1858.462,
    1699.038,
    1585.346,
    1335.269,
    1258.769,
    1291.115,
    1174.231,
    1091.884,
    1157.269,
    1081.269,
    1038.461,
    1092.884,
    1102.0,
    975.924,
    949.231,
    916.539,
    904.538,
    880.192,
    864.5,
    913.0,
    870.539
  ],
  "avg_retrieval_us": 1906.4777600000007,
  "median_retrieval_us": 2429.961,
  "min_retrieval_us": 864.5,
  "max_retrieval_us": 2597.73,
  "p50_retrieval_us": 2429.961,
  "p95_retrieval_us": 2582.231,
  "context_chars": 315,
  "context_tokens_est": 78,
  "synth_chars": 815,
  "synth_tokens_est": 203,
  "ram_before_kb": 122900,
  "ram_after_kb": 167344,
  "ram_delta_kb": 44444,
  "io_write_bytes_before": 106496,
  "io_write_bytes_after": 18452480,
  "io_write_bytes_delta": 18345984
}