{
  "type": "storage_only",
  "timestamp": "2026-04-16T13:54:00.832139Z",
  "device": {
    "model": "moto g35 5G",
    "manufacturer": "motorola",
    "board": "manila",
    "hardware": "ums9620_2h10",
    "cpu_cores": 8,
    "ram_total_kb": 3497628,
    "android_version": "14",
    "sdk_int": 34,
    "abi": "arm64-v8a"
  },
  "backend": "ObjectBox",
  "backend_key": "objectbox",
  "readings_count": 200,
  "ingest_total_ms": 550.029269,
  "per_ingest_us": 2750.146345,
  "retrieval_samples": 50,
  "retrieval_latencies_us": [
    2357.308,
    2355.962,
    2397.077,
    2285.423,
    2362.231,
    2291.269,
    2284.693,
    2275.461,
    2267.308,
    2312.423,
    2352.923,
    2327.039,
    2231.73,
    2341.23,
    2275.616,
    2273.077,
    2245.847,
    2287.847,
    2278.385,
    2229.038,
    2316.654,
    2288.423,
    2288.462,
    2272.73,
    2386.308,
    2381.23,
    2297.5,
    2301.461,
    2291.384,
    2336.808,
    2318.5,
    2210.347,
    2236.0,
    2175.731,
    2206.269,
    2244.346,
    2215.23,
    2241.077,
    2224.962,
    2257.346,
    2195.269,
    2196.693,
    2248.193,
    2170.346,
    2247.231,
    2203.423,
    2258.0,
    2292.923,
    1926.076,
    1620.192
  ],
  "avg_retrieval_us": 2257.6200200000003,
  "median_retrieval_us": 2275.616,
  "min_retrieval_us": 1620.192,
  "max_retrieval_us": 2397.077,
  "p50_retrieval_us": 2275.616,
  "p95_retrieval_us": 2381.23,
  "context_chars": 315,
  "context_tokens_est": 78,
  "synth_chars": 815,
  "synth_tokens_est": 203,
  "ram_before_kb": 122752,
  "ram_after_kb": 166808,
  "ram_delta_kb": 44056,
  "io_write_bytes_before": 106496,
  "io_write_bytes_after": 18419712,
  "io_write_bytes_delta": 18313216
}