{
  "type": "storage_only",
  "timestamp": "2026-04-16T13:54:06.841144Z",
  "device": {
    "model": "moto g35 5G",
    "manufacturer": "motorola",
    "board": "manila",
    "hardware": "ums9620_2h10",
    "cpu_cores": 8,
    "ram_total_kb": 3497628,
    "android_version": "14",
    "sdk_int": 34,
    "abi": "arm64-v8a"
  },
  "backend": "ObjectBox",
  "backend_key": "objectbox",
  "readings_count": 200,
  "ingest_total_ms": 571.571538,
  "per_ingest_us": 2857.85769,
  "retrieval_samples": 50,
  "retrieval_latencies_us": [
    2565.962,
    2450.847,
    2583.961,
    2442.576,
    2475.192,
    2478.461,
    2453.347,
    2384.615,
    2434.923,
    2394.539,
    2526.077,
    2471.269,
    2421.231,
    2434.423,
    2371.423,
    2540.77,
    2468.5,
    2459.77,
    2484.731,
    2418.923,
    2514.346,
    2496.385,
    2408.577,
    2408.154,
    2503.577,
    2520.615,
    2427.654,
    2513.615,
    2423.346,
    2451.807,
    2327.731,
    2427.385,
    2394.115,
    2373.231,
    2440.654,
    2423.731,
    2380.577,
    2103.077,
    1944.73,
    1913.231,
    1750.539,
    1558.961,
    1391.346,
    1217.346,
    1183.308,
    1746.231,
    1134.423,
    1060.423,
    1096.27,
    1022.923
  ],
  "avg_retrieval_us": 2196.39696,
  "median_retrieval_us": 2423.731,
  "min_retrieval_us": 1022.923,
  "max_retrieval_us": 2583.961,
  "p50_retrieval_us": 2423.731,
  "p95_retrieval_us": 2540.77,
  "context_chars": 315,
  "context_tokens_est": 78,
  "synth_chars": 815,
  "synth_tokens_est": 203,
  "ram_before_kb": 122524,
  "ram_after_kb": 166080,
  "ram_delta_kb": 43556,
  "io_write_bytes_before": 106496,
  "io_write_bytes_after": 18440192,
  "io_write_bytes_delta": 18333696
}