{
  "avg_retrieval_us" : 34.147519999999993,
  "backend" : "Dazzle-Precompute",
  "backend_key" : "dazzle-precompute",
  "context_chars" : 307,
  "context_tokens_est" : 76,
  "device" : {
    "active_cpu_cores" : 6,
    "cpu_cores" : 6,
    "model" : "iPhone",
    "name" : "iPhone",
    "platform" : "iOS",
    "ram_total_bytes" : 5994528768,
    "systemName" : "iOS",
    "systemVersion" : "26.3"
  },
  "ingest_total_ms" : 82.154875000000004,
  "max_retrieval_us" : 60,
  "median_retrieval_us" : 33.084000000000003,
  "min_retrieval_us" : 30.417000000000002,
  "p50_retrieval_us" : 33.084000000000003,
  "p95_retrieval_us" : 41.915999999999997,
  "per_ingest_us" : 205.38718750000001,
  "readings_count" : 400,
  "retrieval_latencies_us" : [
    36.834000000000003,
    31.875,
    33,
    32.875,
    33.165999999999997,
    33.457999999999998,
    41.915999999999997,
    37.125,
    35.459000000000003,
    31.25,
    33.332999999999998,
    33.25,
    33.042000000000002,
    30.832999999999998,
    32.832999999999998,
    32.792000000000002,
    33.582999999999998,
    33,
    32.5,
    32.75,
    33.084000000000003,
    32.75,
    36.709000000000003,
    32.582999999999998,
    34,
    36.25,
    33.707999999999998,
    36.207999999999998,
    33.375,
    31.125,
    35.542000000000002,
    32.917000000000002,
    33.125,
    33.292000000000002,
    30.834,
    37.875,
    33.665999999999997,
    33.25,
    33.125,
    30.625,
    39.417000000000002,
    35.792000000000002,
    33.332999999999998,
    33.167000000000002,
    32.917000000000002,
    31.582999999999998,
    32.665999999999997,
    32.665999999999997,
    32.832999999999998,
    32.917000000000002,
    35.417000000000002,
    35.167000000000002,
    33.584000000000003,
    32.959000000000003,
    32.957999999999998,
    31.917000000000002,
    32.915999999999997,
    32.457999999999998,
    32.875,
    33.042000000000002,
    35.207999999999998,
    35.415999999999997,
    33.75,
    47.457999999999998,
    33.625,
    33.917000000000002,
    32.959000000000003,
    30.417000000000002,
    32.667000000000002,
    32.25,
    32.875,
    32.875,
    35.75,
    31.834,
    60,
    34.167000000000002,
    33.457999999999998,
    33.125,
    30.75,
    32.875,
    32.875,
    33.290999999999997,
    33.082999999999998,
    30.707999999999998,
    33.707999999999998,
    33.375,
    33.082999999999998,
    31.417000000000002,
    33.167000000000002,
    32.625,
    45.875,
    45.792000000000002,
    40.959000000000003,
    34.584000000000003,
    33,
    32.75,
    33.167000000000002,
    31.125,
    32.790999999999997,
    32.5
  ],
  "retrieval_samples" : 100,
  "synth_chars" : 1445,
  "synth_tokens_est" : 361,
  "timestamp" : "2026-04-24T06:53:02Z",
  "type" : "storage_only"
}