{
  "avg_retrieval_us" : 33.754140000000014,
  "backend" : "Dazzle-Precompute",
  "backend_key" : "dazzle-precompute",
  "context_chars" : 307,
  "context_tokens_est" : 76,
  "device" : {
    "active_cpu_cores" : 6,
    "cpu_cores" : 6,
    "model" : "iPhone",
    "name" : "iPhone",
    "platform" : "iOS",
    "ram_total_bytes" : 5994528768,
    "systemName" : "iOS",
    "systemVersion" : "26.3"
  },
  "ingest_total_ms" : 76.920375000000007,
  "max_retrieval_us" : 39.084000000000003,
  "median_retrieval_us" : 33.207999999999998,
  "min_retrieval_us" : 30.332999999999998,
  "p50_retrieval_us" : 33.207999999999998,
  "p95_retrieval_us" : 37.415999999999997,
  "per_ingest_us" : 192.3009375,
  "readings_count" : 400,
  "retrieval_latencies_us" : [
    34.375,
    33.875,
    38.417000000000002,
    37.415999999999997,
    37.207999999999998,
    37.915999999999997,
    37.084000000000003,
    33.625,
    33.582999999999998,
    35.5,
    37.167000000000002,
    31.541,
    33.542000000000002,
    32.917000000000002,
    33.082999999999998,
    33.292000000000002,
    36.125,
    31.457999999999998,
    36.207999999999998,
    33.665999999999997,
    33.417000000000002,
    33.084000000000003,
    31.082999999999998,
    38.875,
    32.709000000000003,
    33.125,
    33.5,
    35.375,
    36.167000000000002,
    34.167000000000002,
    34.040999999999997,
    33.417000000000002,
    36.334000000000003,
    31.292000000000002,
    33.082999999999998,
    33.582999999999998,
    33.332999999999998,
    36.042000000000002,
    35.707999999999998,
    33.75,
    33.207999999999998,
    33.042000000000002,
    36.209000000000003,
    35.665999999999997,
    33.792000000000002,
    33.5,
    33.332999999999998,
    36.082999999999998,
    35.667000000000002,
    33.832999999999998,
    33.417000000000002,
    33.207999999999998,
    35.875,
    35.5,
    33.959000000000003,
    36.125,
    33.125,
    32.917000000000002,
    30.75,
    32.792000000000002,
    32.667000000000002,
    33.040999999999997,
    32.834000000000003,
    30.584,
    32.75,
    32.375,
    33.167000000000002,
    32.915999999999997,
    30.542000000000002,
    32.542000000000002,
    32.832999999999998,
    32.957999999999998,
    33,
    30.541,
    32.5,
    32.290999999999997,
    32.667000000000002,
    32.917000000000002,
    30.332999999999998,
    32.125,
    32.790999999999997,
    32.542000000000002,
    36.332999999999998,
    31.082999999999998,
    33,
    33.207999999999998,
    33.207999999999998,
    31.416,
    32.667000000000002,
    32.625,
    33.25,
    32.875,
    34.75,
    39.084000000000003,
    36.209000000000003,
    33.040999999999997,
    33.207999999999998,
    33.082999999999998,
    30.666,
    32.707999999999998
  ],
  "retrieval_samples" : 100,
  "synth_chars" : 1445,
  "synth_tokens_est" : 361,
  "timestamp" : "2026-04-24T06:53:25Z",
  "type" : "storage_only"
}