{
  "avg_retrieval_us" : 128.08923999999996,
  "backend" : "Dazzle-Precompute",
  "backend_key" : "dazzle-precompute",
  "backend_size_after_bytes" : 292776,
  "backend_size_before_bytes" : 135616,
  "backend_size_breakdown_after_bytes" : {
    "used_memory" : 1387056,
    "used_memory_dataset" : 292776,
    "used_memory_overhead" : 1094280,
    "used_memory_peak" : 1391712,
    "used_memory_rss" : 1386816
  },
  "backend_size_breakdown_before_bytes" : {
    "used_memory" : 1254384,
    "used_memory_dataset" : 160304,
    "used_memory_overhead" : 1094080,
    "used_memory_peak" : 1254384,
    "used_memory_rss" : 1229456
  },
  "backend_size_breakdown_delta_bytes" : {
    "used_memory" : 132672,
    "used_memory_dataset" : 132472,
    "used_memory_overhead" : 200,
    "used_memory_peak" : 137328,
    "used_memory_rss" : 157360
  },
  "backend_size_delta_bytes" : 157160,
  "backend_size_method" : "valkey:used_memory_dataset",
  "context_chars" : 307,
  "context_tokens_est" : 76,
  "device" : {
    "active_cpu_cores" : 6,
    "cpu_cores" : 6,
    "model" : "iPhone",
    "name" : "iPhone",
    "platform" : "iOS",
    "ram_total_bytes" : 5994528768,
    "systemName" : "iOS",
    "systemVersion" : "26.3"
  },
  "ingest_total_ms" : 105.922916,
  "max_retrieval_us" : 245.834,
  "median_retrieval_us" : 139.5,
  "min_retrieval_us" : 92.792000000000002,
  "p50_retrieval_us" : 139.5,
  "p95_retrieval_us" : 168.042,
  "per_ingest_us" : 264.80729000000002,
  "ram_after_phys_bytes" : 6555008,
  "ram_after_phys_kb" : 6401,
  "ram_after_resident_bytes" : 18612224,
  "ram_after_resident_kb" : 18176,
  "ram_before_phys_bytes" : 5801344,
  "ram_before_phys_kb" : 5665,
  "ram_before_resident_bytes" : 17580032,
  "ram_before_resident_kb" : 17168,
  "ram_delta_phys_bytes" : 753664,
  "ram_delta_phys_kb" : 736,
  "ram_delta_resident_bytes" : 1032192,
  "ram_delta_resident_kb" : 1008,
  "ram_metric" : "phys_footprint",
  "readings_count" : 400,
  "retrieval_latencies_us" : [
    184,
    195.709,
    173.625,
    150.041,
    154.459,
    143.458,
    141.625,
    141.708,
    141.375,
    168.042,
    145.417,
    154.125,
    245.834,
    166,
    147.917,
    145.625,
    144.667,
    152.458,
    142.042,
    159.584,
    141.75,
    140.167,
    140.167,
    139.667,
    140.209,
    140.542,
    139.417,
    139.958,
    139.375,
    139.75,
    139.875,
    139.834,
    140.166,
    140.209,
    139.542,
    140.291,
    139.916,
    140.542,
    140.167,
    139.792,
    140.083,
    139.625,
    139.5,
    139.917,
    139.625,
    140.292,
    139.542,
    139.583,
    139.958,
    139.625,
    140.083,
    139.792,
    119.667,
    111.333,
    111.25,
    111.334,
    111.583,
    111.958,
    111.292,
    111.208,
    111.541,
    111.375,
    110.917,
    111.375,
    111.292,
    111.209,
    111.625,
    111.167,
    111.5,
    111.792,
    111.625,
    111.25,
    111.041,
    111.291,
    111.25,
    111.166,
    110.958,
    111.833,
    110.792,
    110.917,
    111.459,
    110.917,
    111.25,
    111.416,
    110.958,
    112.917,
    92.792000000000002,
    108.708,
    101,
    96.125,
    95.209000000000003,
    96.457999999999998,
    94.042000000000002,
    93.542000000000002,
    93.375,
    93.625,
    93.542000000000002,
    93,
    93.167000000000002,
    93.209000000000003
  ],
  "retrieval_samples" : 100,
  "synth_chars" : 1445,
  "synth_tokens_est" : 361,
  "timestamp" : "2026-04-27T15:25:58Z",
  "type" : "storage_only"
}