{
  "avg_retrieval_us" : 129.15830999999997,
  "backend" : "Dazzle-Precompute",
  "backend_key" : "dazzle-precompute",
  "backend_size_after_bytes" : 292776,
  "backend_size_before_bytes" : 135616,
  "backend_size_breakdown_after_bytes" : {
    "used_memory" : 1387120,
    "used_memory_dataset" : 292776,
    "used_memory_overhead" : 1094344,
    "used_memory_peak" : 1391776,
    "used_memory_rss" : 1386880
  },
  "backend_size_breakdown_before_bytes" : {
    "used_memory" : 1254448,
    "used_memory_dataset" : 160304,
    "used_memory_overhead" : 1094144,
    "used_memory_peak" : 1254448,
    "used_memory_rss" : 1229520
  },
  "backend_size_breakdown_delta_bytes" : {
    "used_memory" : 132672,
    "used_memory_dataset" : 132472,
    "used_memory_overhead" : 200,
    "used_memory_peak" : 137328,
    "used_memory_rss" : 157360
  },
  "backend_size_delta_bytes" : 157160,
  "backend_size_method" : "valkey:used_memory_dataset",
  "context_chars" : 307,
  "context_tokens_est" : 76,
  "device" : {
    "active_cpu_cores" : 6,
    "cpu_cores" : 6,
    "model" : "iPhone",
    "name" : "iPhone",
    "platform" : "iOS",
    "ram_total_bytes" : 5994528768,
    "systemName" : "iOS",
    "systemVersion" : "26.3"
  },
  "ingest_total_ms" : 106.960959,
  "max_retrieval_us" : 224.416,
  "median_retrieval_us" : 139.333,
  "min_retrieval_us" : 93.375,
  "p50_retrieval_us" : 139.333,
  "p95_retrieval_us" : 189.458,
  "per_ingest_us" : 267.40239750000001,
  "ram_after_phys_bytes" : 6636928,
  "ram_after_phys_kb" : 6481,
  "ram_after_resident_bytes" : 18694144,
  "ram_after_resident_kb" : 18256,
  "ram_before_phys_bytes" : 5916032,
  "ram_before_phys_kb" : 5777,
  "ram_before_resident_bytes" : 17694720,
  "ram_before_resident_kb" : 17280,
  "ram_delta_phys_bytes" : 720896,
  "ram_delta_phys_kb" : 704,
  "ram_delta_resident_bytes" : 999424,
  "ram_delta_resident_kb" : 976,
  "ram_metric" : "phys_footprint",
  "readings_count" : 400,
  "retrieval_latencies_us" : [
    224.416,
    217.625,
    192.708,
    190.625,
    189.25,
    189.458,
    188,
    187.5,
    188.875,
    173.917,
    141.542,
    141.417,
    140.417,
    140.208,
    140.125,
    141.125,
    140.292,
    140.125,
    139.875,
    139.958,
    140.25,
    140.083,
    140,
    140.209,
    140.459,
    140.291,
    140.292,
    140.125,
    139.625,
    139.833,
    140.333,
    140,
    139.709,
    140.167,
    140.125,
    140.084,
    140.083,
    140.458,
    139.5,
    139.583,
    140.208,
    177.167,
    140.75,
    139.667,
    139.666,
    140.875,
    139.875,
    140.083,
    139.333,
    140.209,
    111.792,
    111.958,
    111.292,
    111.583,
    111.416,
    111.792,
    111.625,
    111.459,
    111.208,
    110.958,
    111.375,
    110.792,
    111.208,
    111.25,
    111.083,
    111.5,
    111.25,
    111.584,
    111.083,
    110.875,
    111.166,
    111.125,
    111.25,
    111.625,
    111.208,
    111.667,
    111.458,
    112.916,
    111,
    111.375,
    111.542,
    111,
    111.459,
    111.291,
    122.25,
    103.125,
    96.915999999999997,
    95.209000000000003,
    94.417000000000002,
    93.792000000000002,
    94.167000000000002,
    93.875,
    93.792000000000002,
    93.832999999999998,
    93.5,
    93.457999999999998,
    93.375,
    93.665999999999997,
    93.415999999999997,
    93.375
  ],
  "retrieval_samples" : 100,
  "synth_chars" : 1445,
  "synth_tokens_est" : 361,
  "timestamp" : "2026-04-26T19:55:17Z",
  "type" : "storage_only"
}