{
  "avg_retrieval_us" : 137.43869999999998,
  "backend" : "Dazzle-Precompute",
  "backend_key" : "dazzle-precompute",
  "backend_size_after_bytes" : 292776,
  "backend_size_before_bytes" : 135616,
  "backend_size_breakdown_after_bytes" : {
    "used_memory" : 1386352,
    "used_memory_dataset" : 292776,
    "used_memory_overhead" : 1093576,
    "used_memory_peak" : 1391008,
    "used_memory_rss" : 1386112
  },
  "backend_size_breakdown_before_bytes" : {
    "used_memory" : 1253680,
    "used_memory_dataset" : 160304,
    "used_memory_overhead" : 1093376,
    "used_memory_peak" : 1253680,
    "used_memory_rss" : 1228752
  },
  "backend_size_breakdown_delta_bytes" : {
    "used_memory" : 132672,
    "used_memory_dataset" : 132472,
    "used_memory_overhead" : 200,
    "used_memory_peak" : 137328,
    "used_memory_rss" : 157360
  },
  "backend_size_delta_bytes" : 157160,
  "backend_size_method" : "valkey:used_memory_dataset",
  "context_chars" : 307,
  "context_tokens_est" : 76,
  "device" : {
    "active_cpu_cores" : 6,
    "cpu_cores" : 6,
    "model" : "iPhone",
    "name" : "iPhone",
    "platform" : "iOS",
    "ram_total_bytes" : 5994528768,
    "systemName" : "iOS",
    "systemVersion" : "26.3"
  },
  "ingest_total_ms" : 105.456625,
  "max_retrieval_us" : 203.875,
  "median_retrieval_us" : 139.833,
  "min_retrieval_us" : 92.832999999999998,
  "p50_retrieval_us" : 139.833,
  "p95_retrieval_us" : 186.916,
  "per_ingest_us" : 263.64156250000002,
  "ram_after_phys_bytes" : 6669696,
  "ram_after_phys_kb" : 6513,
  "ram_after_resident_bytes" : 18726912,
  "ram_after_resident_kb" : 18288,
  "ram_before_phys_bytes" : 5899648,
  "ram_before_phys_kb" : 5761,
  "ram_before_resident_bytes" : 17678336,
  "ram_before_resident_kb" : 17264,
  "ram_delta_phys_bytes" : 770048,
  "ram_delta_phys_kb" : 752,
  "ram_delta_resident_bytes" : 1048576,
  "ram_delta_resident_kb" : 1024,
  "ram_metric" : "phys_footprint",
  "readings_count" : 400,
  "retrieval_latencies_us" : [
    191.791,
    189.666,
    203.875,
    191.958,
    186.75,
    186.375,
    185.5,
    186.792,
    185.958,
    185.959,
    186.916,
    186.041,
    186.209,
    185.417,
    185.709,
    185.458,
    186.625,
    185.542,
    186.417,
    139.833,
    139.792,
    140.709,
    139.958,
    140.208,
    139.834,
    140.291,
    139.291,
    139.833,
    140.042,
    139.625,
    141.042,
    140.125,
    139.458,
    139.709,
    140.458,
    140.125,
    139.667,
    140.333,
    140.208,
    139.583,
    140.041,
    140,
    139.75,
    140.042,
    140.541,
    140.791,
    140.459,
    139.625,
    140,
    142.708,
    140.166,
    139.917,
    139.708,
    139.959,
    139.167,
    140.375,
    139.875,
    140.541,
    139.875,
    147.875,
    122.166,
    126.667,
    114.791,
    112.625,
    112.5,
    112.292,
    111.834,
    112.25,
    111.625,
    111.708,
    112.042,
    111.417,
    111.833,
    111.667,
    111.25,
    185.583,
    112.75,
    111,
    111.667,
    111.458,
    111.666,
    111.375,
    111.334,
    111.375,
    111.083,
    111.25,
    111.042,
    111.167,
    111.375,
    110.833,
    111.208,
    111.083,
    98.207999999999998,
    93,
    93,
    93.290999999999997,
    93.25,
    92.917000000000002,
    92.957999999999998,
    92.832999999999998
  ],
  "retrieval_samples" : 100,
  "synth_chars" : 1445,
  "synth_tokens_est" : 361,
  "timestamp" : "2026-04-27T15:26:20Z",
  "type" : "storage_only"
}