{
  "avg_retrieval_us" : 133.76877999999999,
  "backend" : "Dazzle-Precompute",
  "backend_key" : "dazzle-precompute",
  "backend_size_after_bytes" : 292776,
  "backend_size_before_bytes" : 135616,
  "backend_size_breakdown_after_bytes" : {
    "used_memory" : 1386608,
    "used_memory_dataset" : 292776,
    "used_memory_overhead" : 1093832,
    "used_memory_peak" : 1391296,
    "used_memory_rss" : 1386368
  },
  "backend_size_breakdown_before_bytes" : {
    "used_memory" : 1253936,
    "used_memory_dataset" : 160304,
    "used_memory_overhead" : 1093632,
    "used_memory_peak" : 1253936,
    "used_memory_rss" : 1229008
  },
  "backend_size_breakdown_delta_bytes" : {
    "used_memory" : 132672,
    "used_memory_dataset" : 132472,
    "used_memory_overhead" : 200,
    "used_memory_peak" : 137360,
    "used_memory_rss" : 157360
  },
  "backend_size_delta_bytes" : 157160,
  "backend_size_method" : "valkey:used_memory_dataset",
  "context_chars" : 307,
  "context_tokens_est" : 76,
  "device" : {
    "active_cpu_cores" : 6,
    "cpu_cores" : 6,
    "model" : "iPhone",
    "name" : "iPhone",
    "platform" : "iOS",
    "ram_total_bytes" : 5994528768,
    "systemName" : "iOS",
    "systemVersion" : "26.3"
  },
  "ingest_total_ms" : 110.686667,
  "max_retrieval_us" : 189.875,
  "median_retrieval_us" : 140.875,
  "min_retrieval_us" : 111.25,
  "p50_retrieval_us" : 140.875,
  "p95_retrieval_us" : 188.416,
  "per_ingest_us" : 276.71666750000003,
  "ram_after_phys_bytes" : 6653312,
  "ram_after_phys_kb" : 6497,
  "ram_after_resident_bytes" : 18710528,
  "ram_after_resident_kb" : 18272,
  "ram_before_phys_bytes" : 5932416,
  "ram_before_phys_kb" : 5793,
  "ram_before_resident_bytes" : 17711104,
  "ram_before_resident_kb" : 17296,
  "ram_delta_phys_bytes" : 720896,
  "ram_delta_phys_kb" : 704,
  "ram_delta_resident_bytes" : 999424,
  "ram_delta_resident_kb" : 976,
  "ram_metric" : "phys_footprint",
  "readings_count" : 400,
  "retrieval_latencies_us" : [
    189.875,
    188.583,
    188.458,
    187.792,
    187.833,
    188.416,
    187.792,
    188.209,
    187.458,
    187.75,
    188.417,
    187.375,
    169.125,
    140.875,
    141.292,
    142.667,
    141.333,
    160.375,
    140.917,
    141.417,
    142.084,
    141.458,
    141.292,
    141.959,
    141.417,
    141.708,
    141.958,
    141.625,
    142.292,
    141.166,
    142.208,
    140.875,
    141.458,
    141.875,
    141.042,
    141.208,
    141.041,
    140.792,
    141.083,
    141.333,
    141.042,
    140.958,
    141.042,
    141.125,
    141.5,
    140.958,
    140.875,
    140.417,
    140.875,
    140.875,
    141.125,
    141.125,
    141.584,
    113.917,
    112.042,
    112.292,
    112,
    112.375,
    111.916,
    112.5,
    111.917,
    112.084,
    111.583,
    112.042,
    112.125,
    112,
    112.416,
    111.959,
    112.166,
    112.625,
    112.584,
    112.125,
    111.917,
    112.209,
    111.625,
    112.209,
    112.25,
    113.833,
    111.875,
    111.959,
    112.25,
    112.083,
    111.875,
    114.542,
    111.833,
    112.333,
    113.084,
    112,
    111.916,
    111.875,
    112.708,
    112.333,
    112.042,
    112.208,
    111.75,
    112,
    111.25,
    111.667,
    112.125,
    115.125
  ],
  "retrieval_samples" : 100,
  "synth_chars" : 1445,
  "synth_tokens_est" : 361,
  "timestamp" : "2026-04-27T15:24:52Z",
  "type" : "storage_only"
}