{
  "avg_retrieval_us" : 171.52752000000001,
  "backend" : "Dazzle-Precompute",
  "backend_key" : "dazzle-precompute",
  "backend_size_after_bytes" : 267816,
  "backend_size_before_bytes" : 110752,
  "backend_size_delta_bytes" : 157064,
  "backend_size_method" : "valkey:used_memory_dataset",
  "context_chars" : 248,
  "context_tokens_est" : 62,
  "device" : {
    "active_cpu_cores" : 6,
    "cpu_cores" : 6,
    "model" : "iPhone",
    "name" : "iPhone",
    "platform" : "iOS",
    "ram_total_bytes" : 5994528768,
    "systemName" : "iOS",
    "systemVersion" : "26.3"
  },
  "ingest_total_ms" : 76.551417000000001,
  "max_retrieval_us" : 319.791,
  "median_retrieval_us" : 184.375,
  "min_retrieval_us" : 138.375,
  "p50_retrieval_us" : 184.375,
  "p95_retrieval_us" : 205.834,
  "per_ingest_us" : 382.75708500000002,
  "ram_after_phys_bytes" : 6358464,
  "ram_after_phys_kb" : 6209,
  "ram_after_resident_bytes" : 15024128,
  "ram_after_resident_kb" : 14672,
  "ram_before_phys_bytes" : 5768640,
  "ram_before_phys_kb" : 5633,
  "ram_before_resident_bytes" : 14139392,
  "ram_before_resident_kb" : 13808,
  "ram_delta_phys_bytes" : 589824,
  "ram_delta_phys_kb" : 576,
  "ram_delta_resident_bytes" : 884736,
  "ram_delta_resident_kb" : 864,
  "ram_metric" : "phys_footprint",
  "readings_count" : 200,
  "retrieval_latencies_us" : [
    205.25,
    192.875,
    188,
    189.708,
    188.125,
    319.791,
    187.25,
    185.542,
    257.83300000000003,
    185.25,
    185.042,
    184.916,
    184.375,
    185.291,
    205.834,
    204.875,
    185.959,
    184.667,
    186,
    187.291,
    185.209,
    184.416,
    185,
    184.25,
    184.458,
    184.292,
    184.542,
    183.834,
    164.75,
    139.375,
    138.542,
    139.25,
    138.375,
    138.917,
    138.625,
    142.291,
    139.375,
    139.292,
    139.167,
    138.958,
    139.084,
    139.5,
    153.125,
    142.167,
    140.583,
    139.333,
    139.5,
    139.042,
    138.75,
    138.5
  ],
  "retrieval_samples" : 50,
  "synth_chars" : 815,
  "synth_tokens_est" : 203,
  "timestamp" : "2026-04-26T17:12:46Z",
  "type" : "storage_only"
}