{
  "avg_retrieval_us" : 34.675039999999996,
  "backend" : "Dazzle-Precompute",
  "backend_key" : "dazzle-precompute",
  "context_chars" : 307,
  "context_tokens_est" : 76,
  "device" : {
    "active_cpu_cores" : 6,
    "cpu_cores" : 6,
    "model" : "iPhone",
    "name" : "iPhone",
    "platform" : "iOS",
    "ram_total_bytes" : 5994528768,
    "systemName" : "iOS",
    "systemVersion" : "26.3"
  },
  "ingest_total_ms" : 82.959041999999997,
  "max_retrieval_us" : 73.207999999999998,
  "median_retrieval_us" : 33.457999999999998,
  "min_retrieval_us" : 30.5,
  "p50_retrieval_us" : 33.457999999999998,
  "p95_retrieval_us" : 47.332999999999998,
  "per_ingest_us" : 207.397605,
  "readings_count" : 400,
  "retrieval_latencies_us" : [
    33.917000000000002,
    31.207999999999998,
    33.042000000000002,
    32.875,
    33.165999999999997,
    33.582999999999998,
    42.667000000000002,
    37,
    33.332999999999998,
    34.082999999999998,
    33.542000000000002,
    33.457999999999998,
    33.417000000000002,
    31.042000000000002,
    32.957999999999998,
    32.832999999999998,
    33.292000000000002,
    33.082999999999998,
    30.5,
    32.667000000000002,
    33.125,
    33.084000000000003,
    30.5,
    32.667000000000002,
    32.709000000000003,
    33.290999999999997,
    33.082999999999998,
    32,
    32.832999999999998,
    32.5,
    33.125,
    33.125,
    35.875,
    33.917000000000002,
    47.332999999999998,
    33.625,
    34.625,
    73.207999999999998,
    37.084000000000003,
    34.75,
    31.459,
    49.75,
    33.832999999999998,
    33.459000000000003,
    33.084000000000003,
    30.916,
    32.834000000000003,
    33.540999999999997,
    33.457999999999998,
    36.125,
    37.832999999999998,
    38.5,
    34.75,
    33.584000000000003,
    33.125,
    36.667000000000002,
    31.25,
    50.917000000000002,
    52.25,
    34.042000000000002,
    33.209000000000003,
    33.959000000000003,
    31.167000000000002,
    32.875,
    32.792000000000002,
    33.125,
    33.540999999999997,
    35.292000000000002,
    36.292000000000002,
    34.165999999999997,
    33.332999999999998,
    33.667000000000002,
    36.457999999999998,
    31.167000000000002,
    33.957999999999998,
    34.125,
    33.375,
    33.542000000000002,
    35.459000000000003,
    34.290999999999997,
    34.457999999999998,
    33.75,
    33.042000000000002,
    35.292000000000002,
    34.792000000000002,
    33.792000000000002,
    34.125,
    33.957999999999998,
    30.792000000000002,
    33.792000000000002,
    34.084000000000003,
    33.125,
    33.375,
    30.916,
    32.917000000000002,
    33.332999999999998,
    33.040999999999997,
    33.625,
    31.125,
    32.875
  ],
  "retrieval_samples" : 100,
  "synth_chars" : 1445,
  "synth_tokens_est" : 361,
  "timestamp" : "2026-04-24T06:53:13Z",
  "type" : "storage_only"
}