{
  "avg_retrieval_us" : 33.457430000000016,
  "backend" : "Dazzle-Precompute",
  "backend_key" : "dazzle-precompute",
  "context_chars" : 307,
  "context_tokens_est" : 76,
  "device" : {
    "active_cpu_cores" : 6,
    "cpu_cores" : 6,
    "model" : "iPhone",
    "name" : "iPhone",
    "platform" : "iOS",
    "ram_total_bytes" : 5994528768,
    "systemName" : "iOS",
    "systemVersion" : "26.3"
  },
  "ingest_total_ms" : 85.822165999999996,
  "max_retrieval_us" : 45,
  "median_retrieval_us" : 33.042000000000002,
  "min_retrieval_us" : 30.125,
  "p50_retrieval_us" : 33.042000000000002,
  "p95_retrieval_us" : 38.292000000000002,
  "per_ingest_us" : 214.55541500000001,
  "readings_count" : 400,
  "retrieval_latencies_us" : [
    33.709000000000003,
    31.082999999999998,
    33.375,
    32.959000000000003,
    33.292000000000002,
    33.332999999999998,
    31.167000000000002,
    32.707999999999998,
    33.165999999999997,
    33.082999999999998,
    31.457999999999998,
    32.75,
    32.542000000000002,
    33.207999999999998,
    32.917000000000002,
    32.582999999999998,
    32.582999999999998,
    33.040999999999997,
    32.875,
    30.625,
    32.875,
    32.457999999999998,
    32.707999999999998,
    33,
    30.291,
    32.290999999999997,
    32.832999999999998,
    32.707999999999998,
    30.125,
    32.375,
    33.042000000000002,
    32.792000000000002,
    41.707999999999998,
    37,
    36.167000000000002,
    38.292000000000002,
    32.875,
    38.375,
    33.5,
    33,
    33.125,
    31.625,
    45,
    33.375,
    35.709000000000003,
    33,
    35.75,
    31.875,
    33.707999999999998,
    33.582999999999998,
    33.834000000000003,
    31.875,
    33.584000000000003,
    33.042000000000002,
    34.207999999999998,
    33.957999999999998,
    33.5,
    33.332999999999998,
    35.832999999999998,
    30.875,
    32.665999999999997,
    32.957999999999998,
    33.082999999999998,
    30.625,
    32.75,
    33.832999999999998,
    33.5,
    32.790999999999997,
    30.375,
    32.915999999999997,
    32.709000000000003,
    35.542000000000002,
    40.167000000000002,
    31.5,
    32.875,
    32.625,
    32.875,
    33.292000000000002,
    36.415999999999997,
    34.792000000000002,
    33.707999999999998,
    33.457999999999998,
    33.332999999999998,
    30.75,
    32.875,
    33.457999999999998,
    33.207999999999998,
    35.665999999999997,
    35.459000000000003,
    33.792000000000002,
    33.542000000000002,
    33.167000000000002,
    33.5,
    33.042000000000002,
    32.665999999999997,
    33.25,
    33.290999999999997,
    31.875,
    33.040999999999997,
    32.707999999999998
  ],
  "retrieval_samples" : 100,
  "synth_chars" : 1445,
  "synth_tokens_est" : 361,
  "timestamp" : "2026-04-24T06:52:51Z",
  "type" : "storage_only"
}