{
  "avg_retrieval_us" : 138.34619999999995,
  "backend" : "Dazzle-Precompute",
  "backend_key" : "dazzle-precompute",
  "backend_size_after_bytes" : 292776,
  "backend_size_before_bytes" : 135616,
  "backend_size_breakdown_after_bytes" : {
    "used_memory" : 1386864,
    "used_memory_dataset" : 292776,
    "used_memory_overhead" : 1094088,
    "used_memory_peak" : 1391520,
    "used_memory_rss" : 1386624
  },
  "backend_size_breakdown_before_bytes" : {
    "used_memory" : 1254192,
    "used_memory_dataset" : 160304,
    "used_memory_overhead" : 1093888,
    "used_memory_peak" : 1254192,
    "used_memory_rss" : 1229264
  },
  "backend_size_breakdown_delta_bytes" : {
    "used_memory" : 132672,
    "used_memory_dataset" : 132472,
    "used_memory_overhead" : 200,
    "used_memory_peak" : 137328,
    "used_memory_rss" : 157360
  },
  "backend_size_delta_bytes" : 157160,
  "backend_size_method" : "valkey:used_memory_dataset",
  "context_chars" : 307,
  "context_tokens_est" : 76,
  "device" : {
    "active_cpu_cores" : 6,
    "cpu_cores" : 6,
    "model" : "iPhone",
    "name" : "iPhone",
    "platform" : "iOS",
    "ram_total_bytes" : 5994528768,
    "systemName" : "iOS",
    "systemVersion" : "26.3"
  },
  "ingest_total_ms" : 106.47799999999999,
  "max_retrieval_us" : 298.625,
  "median_retrieval_us" : 142.208,
  "min_retrieval_us" : 93.917000000000002,
  "p50_retrieval_us" : 142.208,
  "p95_retrieval_us" : 189.5,
  "per_ingest_us" : 266.19499999999999,
  "ram_after_phys_bytes" : 6653312,
  "ram_after_phys_kb" : 6497,
  "ram_after_resident_bytes" : 18710528,
  "ram_after_resident_kb" : 18272,
  "ram_before_phys_bytes" : 5883264,
  "ram_before_phys_kb" : 5745,
  "ram_before_resident_bytes" : 17661952,
  "ram_before_resident_kb" : 17248,
  "ram_delta_phys_bytes" : 770048,
  "ram_delta_phys_kb" : 752,
  "ram_delta_resident_bytes" : 1048576,
  "ram_delta_resident_kb" : 1024,
  "ram_metric" : "phys_footprint",
  "readings_count" : 400,
  "retrieval_latencies_us" : [
    188.75,
    189.083,
    187.084,
    187.583,
    187.709,
    188.25,
    188.125,
    187.625,
    186.959,
    187.083,
    189.5,
    188.708,
    298.625,
    203.834,
    196.792,
    200.958,
    154.667,
    162.084,
    142.75,
    142.791,
    143.166,
    142.167,
    142.333,
    142,
    141.916,
    142.5,
    142.792,
    141.583,
    141.708,
    141.75,
    173.542,
    151.458,
    147.333,
    143.833,
    143.833,
    143.916,
    142.709,
    143.208,
    142.916,
    142.416,
    142.75,
    142.75,
    142.625,
    142.791,
    143.042,
    143.042,
    141.958,
    142.667,
    142.417,
    145.333,
    142.833,
    142.208,
    143.042,
    142.959,
    142.667,
    159.958,
    130.417,
    113.916,
    113.208,
    113.042,
    113.333,
    112.958,
    112.667,
    112.458,
    112.792,
    113.375,
    112.625,
    112.875,
    112.417,
    112.917,
    112.791,
    112.625,
    116.042,
    119.75,
    112.792,
    112.416,
    112.541,
    114.375,
    112.666,
    112.208,
    112.625,
    112.416,
    112.25,
    113.125,
    112.458,
    112.833,
    112.75,
    112.542,
    112.208,
    118.25,
    151.792,
    98.084000000000003,
    95.832999999999998,
    95.125,
    94.707999999999998,
    94.917000000000002,
    94.084000000000003,
    93.917000000000002,
    94.165999999999997,
    94.25
  ],
  "retrieval_samples" : 100,
  "synth_chars" : 1445,
  "synth_tokens_est" : 361,
  "timestamp" : "2026-04-27T15:25:36Z",
  "type" : "storage_only"
}