{
  "avg_retrieval_us" : 172.95824000000002,
  "backend" : "Dazzle-Precompute",
  "backend_key" : "dazzle-precompute",
  "backend_size_after_bytes" : -1,
  "backend_size_before_bytes" : -1,
  "backend_size_delta_bytes" : -1,
  "backend_size_method" : "valkey:used_memory_dataset",
  "context_chars" : 248,
  "context_tokens_est" : 62,
  "device" : {
    "active_cpu_cores" : 6,
    "cpu_cores" : 6,
    "model" : "iPhone",
    "name" : "iPhone",
    "platform" : "iOS",
    "ram_total_bytes" : 5994528768,
    "systemName" : "iOS",
    "systemVersion" : "26.3"
  },
  "ingest_total_ms" : 74.043042,
  "max_retrieval_us" : 312.16699999999997,
  "median_retrieval_us" : 185,
  "min_retrieval_us" : 138.375,
  "p50_retrieval_us" : 185,
  "p95_retrieval_us" : 205.542,
  "per_ingest_us" : 370.21521000000001,
  "ram_after_phys_bytes" : 6358464,
  "ram_after_phys_kb" : 6209,
  "ram_after_resident_bytes" : 14991360,
  "ram_after_resident_kb" : 14640,
  "ram_before_phys_bytes" : 5719488,
  "ram_before_phys_kb" : 5585,
  "ram_before_resident_bytes" : 14073856,
  "ram_before_resident_kb" : 13744,
  "ram_delta_phys_bytes" : 638976,
  "ram_delta_phys_kb" : 624,
  "ram_delta_resident_bytes" : 917504,
  "ram_delta_resident_kb" : 896,
  "ram_metric" : "phys_footprint",
  "readings_count" : 200,
  "retrieval_latencies_us" : [
    312.16699999999997,
    205.542,
    192.042,
    192.125,
    187.916,
    190.25,
    188.083,
    186.458,
    186.291,
    186.5,
    244.667,
    188.125,
    186.25,
    185.75,
    185,
    184.833,
    186,
    185.209,
    185.75,
    188.458,
    204.292,
    185.584,
    185.75,
    185.333,
    185.25,
    184.291,
    184.208,
    184.333,
    183.958,
    183.917,
    190.459,
    140.042,
    138.833,
    138.75,
    138.916,
    141.916,
    138.833,
    141.166,
    138.375,
    139.042,
    139.083,
    138.75,
    138.875,
    138.666,
    138.542,
    138.625,
    138.833,
    138.625,
    138.833,
    138.416
  ],
  "retrieval_samples" : 50,
  "synth_chars" : 815,
  "synth_tokens_est" : 203,
  "timestamp" : "2026-04-26T16:35:10Z",
  "type" : "storage_only"
}