{
  "avg_retrieval_us" : 34.162109999999991,
  "backend" : "Dazzle-Precompute",
  "backend_key" : "dazzle-precompute",
  "context_chars" : 307,
  "context_tokens_est" : 76,
  "device" : {
    "active_cpu_cores" : 6,
    "cpu_cores" : 6,
    "model" : "iPhone",
    "name" : "iPhone",
    "platform" : "iOS",
    "ram_total_bytes" : 5994528768,
    "systemName" : "iOS",
    "systemVersion" : "26.3"
  },
  "ingest_total_ms" : 77.467833999999996,
  "max_retrieval_us" : 64,
  "median_retrieval_us" : 33.25,
  "min_retrieval_us" : 30.542000000000002,
  "p50_retrieval_us" : 33.25,
  "p95_retrieval_us" : 38.707999999999998,
  "per_ingest_us" : 193.66958500000001,
  "readings_count" : 400,
  "retrieval_latencies_us" : [
    33.417000000000002,
    33.75,
    33.457999999999998,
    44.582999999999998,
    38.167000000000002,
    31.542000000000002,
    33.332999999999998,
    64,
    38.207999999999998,
    34.707999999999998,
    34.582999999999998,
    33.957999999999998,
    36.834000000000003,
    31.209,
    32.875,
    33.457999999999998,
    33.042000000000002,
    31.582999999999998,
    32.832999999999998,
    32.709000000000003,
    33.25,
    34,
    36.665999999999997,
    31.667000000000002,
    33.25,
    33.707999999999998,
    33.290999999999997,
    36.625,
    31.041,
    33,
    33.375,
    33.25,
    31.209,
    32.709000000000003,
    32.459000000000003,
    32.75,
    33.167000000000002,
    36,
    39.582999999999998,
    38.707999999999998,
    34.207999999999998,
    33.625,
    33.457999999999998,
    35.125,
    33.75,
    33.457999999999998,
    33.125,
    30.75,
    32.917000000000002,
    32.542000000000002,
    33.084000000000003,
    33.292000000000002,
    33.292000000000002,
    32.832999999999998,
    32.625,
    33.082999999999998,
    33.042000000000002,
    35.459000000000003,
    33.75,
    33.457999999999998,
    33.332999999999998,
    30.916,
    32.915999999999997,
    32.875,
    38.417000000000002,
    34.625,
    33.25,
    33.042000000000002,
    37.915999999999997,
    33.709000000000003,
    33.207999999999998,
    33,
    36.25,
    35.584000000000003,
    33.5,
    33.125,
    33.165999999999997,
    36.207999999999998,
    33.125,
    33.207999999999998,
    33.207999999999998,
    31.625,
    32.792000000000002,
    32.5,
    32.917000000000002,
    33.042000000000002,
    35.125,
    35.5,
    33.542000000000002,
    33.207999999999998,
    33.084000000000003,
    36.084000000000003,
    39.125,
    33.667000000000002,
    33.125,
    32.959000000000003,
    30.542000000000002,
    32.709000000000003,
    32.5,
    32.75
  ],
  "retrieval_samples" : 100,
  "synth_chars" : 1445,
  "synth_tokens_est" : 361,
  "timestamp" : "2026-04-24T06:52:40Z",
  "type" : "storage_only"
}