{
  "avg_retrieval_us" : 151.29207999999994,
  "backend" : "Dazzle-Precompute",
  "backend_key" : "dazzle-precompute",
  "backend_size_after_bytes" : 292776,
  "backend_size_before_bytes" : 135616,
  "backend_size_breakdown_after_bytes" : {
    "used_memory" : 1386736,
    "used_memory_dataset" : 292776,
    "used_memory_overhead" : 1093960,
    "used_memory_peak" : 1391392,
    "used_memory_rss" : 1386496
  },
  "backend_size_breakdown_before_bytes" : {
    "used_memory" : 1254064,
    "used_memory_dataset" : 160304,
    "used_memory_overhead" : 1093760,
    "used_memory_peak" : 1254064,
    "used_memory_rss" : 1229136
  },
  "backend_size_breakdown_delta_bytes" : {
    "used_memory" : 132672,
    "used_memory_dataset" : 132472,
    "used_memory_overhead" : 200,
    "used_memory_peak" : 137328,
    "used_memory_rss" : 157360
  },
  "backend_size_delta_bytes" : 157160,
  "backend_size_method" : "valkey:used_memory_dataset",
  "context_chars" : 307,
  "context_tokens_est" : 76,
  "device" : {
    "active_cpu_cores" : 6,
    "cpu_cores" : 6,
    "model" : "iPhone",
    "name" : "iPhone",
    "platform" : "iOS",
    "ram_total_bytes" : 5994528768,
    "systemName" : "iOS",
    "systemVersion" : "26.3"
  },
  "ingest_total_ms" : 108.619,
  "max_retrieval_us" : 260.75,
  "median_retrieval_us" : 143.125,
  "min_retrieval_us" : 111.292,
  "p50_retrieval_us" : 143.125,
  "p95_retrieval_us" : 188.208,
  "per_ingest_us" : 271.54750000000001,
  "ram_after_phys_bytes" : 6489472,
  "ram_after_phys_kb" : 6337,
  "ram_after_resident_bytes" : 18546688,
  "ram_after_resident_kb" : 18112,
  "ram_before_phys_bytes" : 5768576,
  "ram_before_phys_kb" : 5633,
  "ram_before_resident_bytes" : 17547264,
  "ram_before_resident_kb" : 17136,
  "ram_delta_phys_bytes" : 720896,
  "ram_delta_phys_kb" : 704,
  "ram_delta_resident_bytes" : 999424,
  "ram_delta_resident_kb" : 976,
  "ram_metric" : "phys_footprint",
  "readings_count" : 400,
  "retrieval_latencies_us" : [
    142.167,
    142.542,
    141.75,
    140.875,
    140.792,
    141.292,
    140.667,
    140.875,
    140.958,
    141.542,
    140.833,
    140.833,
    141.084,
    180.542,
    188.084,
    188.708,
    188.166,
    187.666,
    187.041,
    187.25,
    187.542,
    188.334,
    188,
    187.541,
    187.458,
    187.166,
    186.833,
    186.75,
    186.833,
    186.291,
    186.917,
    186.458,
    186.625,
    186.625,
    186.375,
    186.792,
    188.208,
    187.125,
    189.959,
    186.209,
    186.75,
    186.875,
    185.958,
    155.584,
    140.209,
    140.375,
    148.375,
    181.166,
    159.417,
    146.291,
    145.125,
    143.916,
    143.25,
    143.458,
    177.75,
    153,
    146.583,
    147.667,
    157.583,
    260.75,
    143.125,
    142.125,
    141.25,
    140.125,
    140.583,
    141.041,
    141.125,
    140.125,
    132.625,
    180.75,
    123.333,
    116.584,
    143.917,
    175.291,
    113.209,
    112.625,
    136.042,
    114.917,
    112.416,
    122.292,
    112.834,
    112.625,
    111.5,
    112.459,
    112.334,
    148.917,
    112.417,
    112.125,
    111.875,
    111.625,
    112.25,
    111.292,
    111.375,
    111.792,
    112.041,
    112.166,
    111.583,
    112,
    111.625,
    113.083
  ],
  "retrieval_samples" : 100,
  "synth_chars" : 1445,
  "synth_tokens_est" : 361,
  "timestamp" : "2026-04-27T15:25:14Z",
  "type" : "storage_only"
}