{
  "type": "storage_only",
  "timestamp": "2026-04-16T13:51:03.154167Z",
  "device": {
    "model": "moto g35 5G",
    "manufacturer": "motorola",
    "board": "manila",
    "hardware": "ums9620_2h10",
    "cpu_cores": 8,
    "ram_total_kb": 3497628,
    "android_version": "14",
    "sdk_int": 34,
    "abi": "arm64-v8a"
  },
  "backend": "Valkey-HLL",
  "backend_key": "valkey-hll",
  "readings_count": 200,
  "ingest_total_ms": 366.629577,
  "per_ingest_us": 1833.147885,
  "retrieval_samples": 50,
  "retrieval_latencies_us": [
    2883.653,
    2715.116,
    3053.808,
    2908.769,
    3528.884,
    3013.923,
    2898.885,
    3146.576,
    2662.077,
    2559.885,
    3022.962,
    2649.115,
    3927.154,
    3139.308,
    2396.693,
    2463.385,
    3109.923,
    3666.692,
    3023.923,
    3582.423,
    3000.615,
    3191.846,
    3543.308,
    3015.347,
    2620.962,
    2585.692,
    2712.308,
    2730.039,
    3601.693,
    2993.693,
    4581.0,
    3729.962,
    3869.885,
    3427.807,
    3293.77,
    2512.884,
    4071.269,
    9320.154,
    3095.769,
    3736.0,
    4962.538,
    2936.807,
    4996.269,
    3062.923,
    3030.038,
    4672.077,
    5114.0,
    3311.538,
    6429.038,
    3320.346
  ],
  "avg_retrieval_us": 3476.45462,
  "median_retrieval_us": 3109.923,
  "min_retrieval_us": 2396.693,
  "max_retrieval_us": 9320.154,
  "p50_retrieval_us": 3109.923,
  "p95_retrieval_us": 5114.0,
  "context_chars": 352,
  "context_tokens_est": 88,
  "synth_chars": 735,
  "synth_tokens_est": 183,
  "ram_before_kb": 161304,
  "ram_after_kb": 162896,
  "ram_delta_kb": 1592,
  "io_write_bytes_before": 4096,
  "io_write_bytes_after": 4096,
  "io_write_bytes_delta": 0
}