{
  "type": "storage_only",
  "timestamp": "2026-04-16T13:51:09.224578Z",
  "device": {
    "model": "moto g35 5G",
    "manufacturer": "motorola",
    "board": "manila",
    "hardware": "ums9620_2h10",
    "cpu_cores": 8,
    "ram_total_kb": 3497628,
    "android_version": "14",
    "sdk_int": 34,
    "abi": "arm64-v8a"
  },
  "backend": "Valkey-HLL",
  "backend_key": "valkey-hll",
  "readings_count": 200,
  "ingest_total_ms": 456.071269,
  "per_ingest_us": 2280.356345,
  "retrieval_samples": 50,
  "retrieval_latencies_us": [
    4755.884,
    5022.192,
    5547.115,
    4947.192,
    4625.77,
    5245.269,
    4393.269,
    4666.769,
    5365.962,
    4260.077,
    5671.5,
    5152.077,
    5013.807,
    6740.423,
    5267.923,
    5375.154,
    5092.884,
    4479.039,
    4600.693,
    5535.039,
    4991.385,
    4781.0,
    4446.308,
    4529.23,
    4337.846,
    4269.115,
    5061.807,
    4499.231,
    4656.384,
    4460.423,
    4157.116,
    4804.539,
    4747.269,
    4488.076,
    3781.654,
    4778.308,
    4640.077,
    3695.807,
    3921.423,
    3933.193,
    4225.884,
    3956.847,
    3421.461,
    5048.923,
    3642.384,
    4014.923,
    3884.077,
    4064.192,
    3903.038,
    4079.154
  ],
  "avg_retrieval_us": 4619.582240000001,
  "median_retrieval_us": 4625.77,
  "min_retrieval_us": 3421.461,
  "max_retrieval_us": 6740.423,
  "p50_retrieval_us": 4625.77,
  "p95_retrieval_us": 5547.115,
  "context_chars": 352,
  "context_tokens_est": 88,
  "synth_chars": 735,
  "synth_tokens_est": 183,
  "ram_before_kb": 163360,
  "ram_after_kb": 162672,
  "ram_delta_kb": -688,
  "io_write_bytes_before": 4096,
  "io_write_bytes_after": 4096,
  "io_write_bytes_delta": 0
}