{
  "type": "storage_only",
  "timestamp": "2026-04-16T13:51:32.795626Z",
  "device": {
    "model": "moto g35 5G",
    "manufacturer": "motorola",
    "board": "manila",
    "hardware": "ums9620_2h10",
    "cpu_cores": 8,
    "ram_total_kb": 3497628,
    "android_version": "14",
    "sdk_int": 34,
    "abi": "arm64-v8a"
  },
  "backend": "Valkey-HLL",
  "backend_key": "valkey-hll",
  "readings_count": 200,
  "ingest_total_ms": 462.659269,
  "per_ingest_us": 2313.296345,
  "retrieval_samples": 50,
  "retrieval_latencies_us": [
    5363.962,
    4913.923,
    4994.423,
    4678.538,
    4611.076,
    4666.846,
    4819.0,
    4229.923,
    4906.692,
    4474.5,
    6098.192,
    5134.654,
    4412.423,
    4861.0,
    4610.615,
    4947.269,
    4069.731,
    4219.807,
    4251.116,
    4495.923,
    4327.808,
    6317.577,
    4280.846,
    4842.115,
    4451.308,
    4416.731,
    4826.654,
    5046.308,
    4369.038,
    4636.5,
    3972.116,
    4132.654,
    4228.153,
    4334.193,
    4328.5,
    4875.538,
    4286.154,
    3869.039,
    4747.077,
    3822.346,
    3756.692,
    4381.192,
    4022.654,
    5170.77,
    3553.0,
    3810.577,
    3716.577,
    4384.423,
    4085.116,
    4176.269
  ],
  "avg_retrieval_us": 4518.550760000001,
  "median_retrieval_us": 4416.731,
  "min_retrieval_us": 3553.0,
  "max_retrieval_us": 6317.577,
  "p50_retrieval_us": 4416.731,
  "p95_retrieval_us": 5363.962,
  "context_chars": 352,
  "context_tokens_est": 88,
  "synth_chars": 735,
  "synth_tokens_est": 183,
  "ram_before_kb": 161384,
  "ram_after_kb": 162888,
  "ram_delta_kb": 1504,
  "io_write_bytes_before": 0,
  "io_write_bytes_after": 0,
  "io_write_bytes_delta": 0
}