{
  "type": "storage_only",
  "timestamp": "2026-04-16T13:51:21.040714Z",
  "device": {
    "model": "moto g35 5G",
    "manufacturer": "motorola",
    "board": "manila",
    "hardware": "ums9620_2h10",
    "cpu_cores": 8,
    "ram_total_kb": 3497628,
    "android_version": "14",
    "sdk_int": 34,
    "abi": "arm64-v8a"
  },
  "backend": "Valkey-HLL",
  "backend_key": "valkey-hll",
  "readings_count": 200,
  "ingest_total_ms": 463.940192,
  "per_ingest_us": 2319.70096,
  "retrieval_samples": 50,
  "retrieval_latencies_us": [
    5122.731,
    4132.231,
    5696.154,
    4987.462,
    5217.615,
    4620.0,
    4469.27,
    4842.038,
    4836.577,
    5149.346,
    4905.269,
    5363.807,
    6089.193,
    6232.038,
    5118.115,
    4327.077,
    5362.539,
    5193.423,
    4319.038,
    5437.038,
    4625.692,
    4929.308,
    4912.308,
    5621.0,
    5194.384,
    4713.538,
    5520.769,
    4536.846,
    5630.154,
    4442.0,
    5558.038,
    4323.808,
    4095.077,
    4951.0,
    4012.077,
    4508.346,
    4105.962,
    6166.577,
    3823.0,
    5046.039,
    3939.193,
    4165.577,
    4319.154,
    5394.346,
    3503.269,
    5353.308,
    5205.577,
    5702.384,
    5145.308,
    4386.308
  ],
  "avg_retrieval_us": 4905.026159999998,
  "median_retrieval_us": 4951.0,
  "min_retrieval_us": 3503.269,
  "max_retrieval_us": 6232.038,
  "p50_retrieval_us": 4951.0,
  "p95_retrieval_us": 6089.193,
  "context_chars": 352,
  "context_tokens_est": 88,
  "synth_chars": 735,
  "synth_tokens_est": 183,
  "ram_before_kb": 161176,
  "ram_after_kb": 162388,
  "ram_delta_kb": 1212,
  "io_write_bytes_before": 0,
  "io_write_bytes_after": 0,
  "io_write_bytes_delta": 0
}