{
  "type": "storage_only",
  "timestamp": "2026-04-16T13:51:26.933112Z",
  "device": {
    "model": "moto g35 5G",
    "manufacturer": "motorola",
    "board": "manila",
    "hardware": "ums9620_2h10",
    "cpu_cores": 8,
    "ram_total_kb": 3497628,
    "android_version": "14",
    "sdk_int": 34,
    "abi": "arm64-v8a"
  },
  "backend": "Valkey-HLL",
  "backend_key": "valkey-hll",
  "readings_count": 200,
  "ingest_total_ms": 467.897653,
  "per_ingest_us": 2339.488265,
  "retrieval_samples": 50,
  "retrieval_latencies_us": [
    5909.693,
    4749.692,
    5197.615,
    4563.808,
    4819.846,
    4762.693,
    5493.577,
    4742.193,
    6860.0,
    5325.423,
    6944.923,
    6476.885,
    5730.577,
    5703.5,
    5379.846,
    4562.731,
    6183.539,
    4908.653,
    5243.423,
    5218.769,
    5505.5,
    5172.192,
    4511.231,
    4933.923,
    5072.0,
    5299.269,
    5643.462,
    5286.346,
    5202.192,
    4753.23,
    4747.577,
    4900.346,
    5294.308,
    4354.115,
    4909.231,
    5290.077,
    4865.577,
    4080.961,
    3522.115,
    4132.076,
    3877.423,
    3871.615,
    3459.692,
    4644.0,
    4434.577,
    3600.423,
    3680.423,
    3963.346,
    3659.769,
    4337.269
  ],
  "avg_retrieval_us": 4915.633019999999,
  "median_retrieval_us": 4908.653,
  "min_retrieval_us": 3459.692,
  "max_retrieval_us": 6944.923,
  "p50_retrieval_us": 4908.653,
  "p95_retrieval_us": 6476.885,
  "context_chars": 352,
  "context_tokens_est": 88,
  "synth_chars": 735,
  "synth_tokens_est": 183,
  "ram_before_kb": 161352,
  "ram_after_kb": 162684,
  "ram_delta_kb": 1332,
  "io_write_bytes_before": 0,
  "io_write_bytes_after": 0,
  "io_write_bytes_delta": 0
}