{
  "type": "storage_only",
  "timestamp": "2026-04-16T13:51:50.671421Z",
  "device": {
    "model": "moto g35 5G",
    "manufacturer": "motorola",
    "board": "manila",
    "hardware": "ums9620_2h10",
    "cpu_cores": 8,
    "ram_total_kb": 3497628,
    "android_version": "14",
    "sdk_int": 34,
    "abi": "arm64-v8a"
  },
  "backend": "Valkey-HLL",
  "backend_key": "valkey-hll",
  "readings_count": 200,
  "ingest_total_ms": 462.881269,
  "per_ingest_us": 2314.406345,
  "retrieval_samples": 50,
  "retrieval_latencies_us": [
    4981.846,
    6120.615,
    5486.154,
    5482.462,
    4931.231,
    4706.115,
    4566.923,
    4466.0,
    6134.307,
    6822.885,
    5985.0,
    7020.346,
    5295.193,
    6504.462,
    5165.577,
    4301.077,
    5009.154,
    5251.039,
    4361.308,
    4620.884,
    5256.077,
    4944.192,
    5104.885,
    5131.846,
    4525.539,
    5275.692,
    5069.307,
    4689.808,
    4521.961,
    4774.27,
    4784.769,
    4663.154,
    4303.808,
    5454.538,
    4274.0,
    4512.731,
    4265.923,
    4546.077,
    4258.923,
    4453.769,
    3828.538,
    3835.153,
    3801.692,
    4439.077,
    3694.153,
    3650.193,
    4000.769,
    4171.539,
    4257.0,
    4041.692
  ],
  "avg_retrieval_us": 4834.873060000001,
  "median_retrieval_us": 4689.808,
  "min_retrieval_us": 3650.193,
  "max_retrieval_us": 7020.346,
  "p50_retrieval_us": 4689.808,
  "p95_retrieval_us": 6504.462,
  "context_chars": 352,
  "context_tokens_est": 88,
  "synth_chars": 735,
  "synth_tokens_est": 183,
  "ram_before_kb": 163436,
  "ram_after_kb": 162728,
  "ram_delta_kb": -708,
  "io_write_bytes_before": 4096,
  "io_write_bytes_after": 4096,
  "io_write_bytes_delta": 0
}