{
  "type": "storage_only",
  "timestamp": "2026-04-16T13:51:15.106475Z",
  "device": {
    "model": "moto g35 5G",
    "manufacturer": "motorola",
    "board": "manila",
    "hardware": "ums9620_2h10",
    "cpu_cores": 8,
    "ram_total_kb": 3497628,
    "android_version": "14",
    "sdk_int": 34,
    "abi": "arm64-v8a"
  },
  "backend": "Valkey-HLL",
  "backend_key": "valkey-hll",
  "readings_count": 200,
  "ingest_total_ms": 466.262884,
  "per_ingest_us": 2331.31442,
  "retrieval_samples": 50,
  "retrieval_latencies_us": [
    4111.269,
    4317.346,
    4179.231,
    4767.385,
    4818.962,
    5025.769,
    4897.846,
    4842.692,
    5079.923,
    4788.577,
    5132.115,
    5540.769,
    5000.769,
    4633.731,
    4010.154,
    4103.346,
    3493.885,
    3174.846,
    3209.885,
    3389.653,
    3081.461,
    2986.193,
    3932.577,
    5156.884,
    4072.846,
    4194.385,
    4331.847,
    4419.923,
    4295.962,
    4902.692,
    4823.462,
    4447.615,
    4104.0,
    4400.462,
    4526.538,
    5079.192,
    4273.077,
    4410.038,
    4088.077,
    4633.923,
    5006.308,
    3571.384,
    3854.038,
    4402.538,
    3848.308,
    3974.039,
    4003.269,
    4310.807,
    4899.115,
    3691.038
  ],
  "avg_retrieval_us": 4324.8030199999985,
  "median_retrieval_us": 4331.847,
  "min_retrieval_us": 2986.193,
  "max_retrieval_us": 5540.769,
  "p50_retrieval_us": 4331.847,
  "p95_retrieval_us": 5132.115,
  "context_chars": 352,
  "context_tokens_est": 88,
  "synth_chars": 735,
  "synth_tokens_est": 183,
  "ram_before_kb": 161168,
  "ram_after_kb": 162456,
  "ram_delta_kb": 1288,
  "io_write_bytes_before": 4096,
  "io_write_bytes_after": 4096,
  "io_write_bytes_delta": 0
}