{
  "type": "storage_only",
  "timestamp": "2026-04-16T13:51:38.691140Z",
  "device": {
    "model": "moto g35 5G",
    "manufacturer": "motorola",
    "board": "manila",
    "hardware": "ums9620_2h10",
    "cpu_cores": 8,
    "ram_total_kb": 3497628,
    "android_version": "14",
    "sdk_int": 34,
    "abi": "arm64-v8a"
  },
  "backend": "Valkey-HLL",
  "backend_key": "valkey-hll",
  "readings_count": 200,
  "ingest_total_ms": 436.468077,
  "per_ingest_us": 2182.340385,
  "retrieval_samples": 50,
  "retrieval_latencies_us": [
    4249.077,
    5419.539,
    4492.307,
    4984.039,
    4908.385,
    4449.654,
    4232.885,
    4155.616,
    4795.231,
    4440.346,
    4527.577,
    4053.385,
    4248.923,
    4251.616,
    4250.538,
    4084.5,
    4501.384,
    4308.615,
    5472.462,
    5353.615,
    4428.885,
    4547.0,
    5265.0,
    4215.307,
    4167.846,
    4505.307,
    4503.154,
    4512.423,
    4177.115,
    4245.692,
    4218.038,
    4919.23,
    4382.577,
    4545.077,
    3840.5,
    3840.807,
    4789.615,
    4197.27,
    3920.308,
    6836.577,
    4289.769,
    4687.269,
    3604.116,
    6581.808,
    6189.5,
    5564.769,
    5588.193,
    4358.039,
    3498.577,
    3795.693
  ],
  "avg_retrieval_us": 4587.903099999999,
  "median_retrieval_us": 4440.346,
  "min_retrieval_us": 3498.577,
  "max_retrieval_us": 6836.577,
  "p50_retrieval_us": 4440.346,
  "p95_retrieval_us": 6189.5,
  "context_chars": 352,
  "context_tokens_est": 88,
  "synth_chars": 735,
  "synth_tokens_est": 183,
  "ram_before_kb": 161092,
  "ram_after_kb": 162440,
  "ram_delta_kb": 1348,
  "io_write_bytes_before": 4096,
  "io_write_bytes_after": 4096,
  "io_write_bytes_delta": 0
}