{
  "type": "storage_only",
  "timestamp": "2026-04-16T13:51:44.662858Z",
  "device": {
    "model": "moto g35 5G",
    "manufacturer": "motorola",
    "board": "manila",
    "hardware": "ums9620_2h10",
    "cpu_cores": 8,
    "ram_total_kb": 3497628,
    "android_version": "14",
    "sdk_int": 34,
    "abi": "arm64-v8a"
  },
  "backend": "Valkey-HLL",
  "backend_key": "valkey-hll",
  "readings_count": 200,
  "ingest_total_ms": 459.795038,
  "per_ingest_us": 2298.97519,
  "retrieval_samples": 50,
  "retrieval_latencies_us": [
    4664.154,
    4408.693,
    4284.962,
    4557.808,
    4410.0,
    5191.307,
    4819.538,
    4655.269,
    4801.923,
    4738.654,
    4948.77,
    5093.692,
    4867.154,
    5256.846,
    4283.115,
    4310.346,
    4617.154,
    4086.923,
    4001.154,
    5432.193,
    4634.462,
    4031.231,
    6403.731,
    4175.154,
    4152.577,
    4168.653,
    4715.461,
    5437.539,
    6043.347,
    5896.884,
    6147.653,
    4937.961,
    4199.192,
    4701.038,
    4063.73,
    4394.884,
    4374.846,
    3815.192,
    5366.538,
    4495.076,
    3798.192,
    3494.808,
    3263.077,
    4582.307,
    4083.615,
    3830.269,
    4007.577,
    3878.039,
    3627.385,
    5205.038
  ],
  "avg_retrieval_us": 4587.10222,
  "median_retrieval_us": 4557.808,
  "min_retrieval_us": 3263.077,
  "max_retrieval_us": 6403.731,
  "p50_retrieval_us": 4557.808,
  "p95_retrieval_us": 6043.347,
  "context_chars": 352,
  "context_tokens_est": 88,
  "synth_chars": 735,
  "synth_tokens_est": 183,
  "ram_before_kb": 161300,
  "ram_after_kb": 162472,
  "ram_delta_kb": 1172,
  "io_write_bytes_before": 8192,
  "io_write_bytes_after": 8192,
  "io_write_bytes_delta": 0
}