{
  "type": "storage_only",
  "timestamp": "2026-04-16T13:50:57.434735Z",
  "device": {
    "model": "moto g35 5G",
    "manufacturer": "motorola",
    "board": "manila",
    "hardware": "ums9620_2h10",
    "cpu_cores": 8,
    "ram_total_kb": 3497628,
    "android_version": "14",
    "sdk_int": 34,
    "abi": "arm64-v8a"
  },
  "backend": "Valkey-HLL",
  "backend_key": "valkey-hll",
  "readings_count": 200,
  "ingest_total_ms": 458.897923,
  "per_ingest_us": 2294.489615,
  "retrieval_samples": 50,
  "retrieval_latencies_us": [
    6915.615,
    5890.0,
    5700.77,
    5191.269,
    4440.192,
    5036.462,
    4862.962,
    4479.846,
    5339.577,
    4915.692,
    5192.423,
    7371.27,
    4927.577,
    4997.846,
    5412.077,
    5810.038,
    5125.0,
    5841.5,
    4993.808,
    5125.693,
    5549.385,
    5112.27,
    5463.308,
    5570.308,
    4820.385,
    5077.923,
    5229.077,
    4837.73,
    4999.846,
    4815.769,
    4115.077,
    4467.962,
    4304.539,
    4584.962,
    4198.692,
    4502.269,
    4014.153,
    3822.807,
    4039.346,
    3965.808,
    4123.192,
    3416.346,
    3863.807,
    4449.039,
    4032.539,
    4222.077,
    3671.538,
    4219.885,
    4335.885,
    3952.192
  ],
  "avg_retrieval_us": 4826.95466,
  "median_retrieval_us": 4862.962,
  "min_retrieval_us": 3416.346,
  "max_retrieval_us": 7371.27,
  "p50_retrieval_us": 4862.962,
  "p95_retrieval_us": 5890.0,
  "context_chars": 352,
  "context_tokens_est": 88,
  "synth_chars": 735,
  "synth_tokens_est": 183,
  "ram_before_kb": 161500,
  "ram_after_kb": 162828,
  "ram_delta_kb": 1328,
  "io_write_bytes_before": 8192,
  "io_write_bytes_after": 8192,
  "io_write_bytes_delta": 0
}