{
  "type": "storage_only",
  "timestamp": "2026-04-16T12:52:11.807300Z",
  "device": {
    "model": "moto g35 5G",
    "manufacturer": "motorola",
    "board": "manila",
    "hardware": "ums9620_2h10",
    "cpu_cores": 8,
    "ram_total_kb": 3497628,
    "android_version": "14",
    "sdk_int": 34,
    "abi": "arm64-v8a"
  },
  "backend": "InMemory",
  "backend_key": "inmemory",
  "readings_count": 200,
  "ingest_total_ms": 2.343885,
  "per_ingest_us": 11.719425,
  "retrieval_samples": 50,
  "retrieval_latencies_us": [
    1123.462,
    1177.923,
    1121.577,
    1131.423,
    1151.654,
    1167.577,
    1129.693,
    1144.692,
    1188.808,
    1118.923,
    1152.193,
    1201.462,
    1162.193,
    1195.307,
    1228.0,
    1162.769,
    1185.962,
    1190.731,
    1227.846,
    1186.385,
    1176.0,
    1313.192,
    1390.231,
    1349.5,
    1475.154,
    1352.269,
    1487.847,
    1518.154,
    1554.577,
    1492.923,
    1354.385,
    1202.077,
    1318.192,
    1211.193,
    1348.577,
    1379.231,
    1504.615,
    1290.385,
    1341.769,
    1340.077,
    1505.231,
    1378.885,
    1253.962,
    1220.346,
    1262.384,
    1183.115,
    1184.692,
    1260.192,
    1437.654,
    1340.0
  ],
  "avg_retrieval_us": 1275.5077800000001,
  "median_retrieval_us": 1228.0,
  "min_retrieval_us": 1118.923,
  "max_retrieval_us": 1554.577,
  "p50_retrieval_us": 1228.0,
  "p95_retrieval_us": 1505.231,
  "context_chars": 315,
  "context_tokens_est": 78,
  "synth_chars": 815,
  "synth_tokens_est": 203,
  "ram_before_kb": 118224,
  "ram_after_kb": 128172,
  "ram_delta_kb": 9948,
  "io_write_bytes_before": 0,
  "io_write_bytes_after": 0,
  "io_write_bytes_delta": 0
}