{
  "type": "storage_only",
  "timestamp": "2026-04-24T05:15:23.460532Z",
  "device": {
    "model": "moto g35 5G",
    "manufacturer": "motorola",
    "board": "manila",
    "hardware": "ums9620_2h10",
    "cpu_cores": 8,
    "ram_total_kb": 3497628,
    "android_version": "14",
    "sdk_int": 34,
    "abi": "arm64-v8a"
  },
  "backend": "InMemory",
  "backend_key": "inmemory",
  "readings_count": 400,
  "ingest_total_ms": 4.1595,
  "per_ingest_us": 10.39875,
  "retrieval_samples": 100,
  "retrieval_latencies_us": [
    1580.5,
    1373.346,
    1581.731,
    1367.846,
    1756.5,
    1391.961,
    1319.692,
    1383.154,
    1268.539,
    1278.961,
    1342.231,
    1364.654,
    1497.385,
    1437.654,
    1695.73,
    1361.346,
    1523.077,
    1359.193,
    1571.885,
    1502.307,
    1470.846,
    1441.653,
    1367.23,
    1326.038,
    1344.308,
    1422.424,
    1446.653,
    1376.576,
    1270.0,
    1251.27,
    1308.346,
    1219.27,
    1189.769,
    1244.538,
    1358.807,
    1521.962,
    1376.692,
    1307.192,
    1237.346,
    1312.615,
    1223.154,
    1258.846,
    1383.423,
    1444.346,
    1438.385,
    4543.346,
    1568.653,
    1469.961,
    1395.615,
    1389.385,
    1436.462,
    1608.923,
    1218.961,
    1259.923,
    1323.307,
    1222.077,
    1268.038,
    1464.231,
    1227.769,
    1333.577,
    1274.423,
    1177.539,
    1164.0,
    1236.346,
    1250.039,
    1418.577,
    1436.577,
    1310.5,
    1249.269,
    1223.654,
    1191.5,
    1176.692,
    1245.615,
    1413.116,
    1492.385,
    1386.769,
    1208.038,
    1184.346,
    1206.423,
    1156.423,
    1171.077,
    1371.308,
    1406.231,
    1276.5,
    1393.308,
    1204.077,
    1157.153,
    1232.192,
    1151.769,
    1165.115,
    1320.731,
    1260.192,
    1255.424,
    1196.731,
    1248.269,
    1183.231,
    1172.577,
    1201.0,
    1162.692,
    1317.154
  ],
  "avg_retrieval_us": 1364.7857100000003,
  "median_retrieval_us": 1320.731,
  "min_retrieval_us": 1151.769,
  "max_retrieval_us": 4543.346,
  "p50_retrieval_us": 1320.731,
  "p95_retrieval_us": 1581.731,
  "context_chars": 315,
  "context_tokens_est": 78,
  "synth_chars": 1445,
  "synth_tokens_est": 361,
  "ram_before_kb": 122508,
  "ram_after_kb": 149632,
  "ram_delta_kb": 27124,
  "io_write_bytes_before": 0,
  "io_write_bytes_after": 0,
  "io_write_bytes_delta": 0
}