{
  "type": "storage_only",
  "timestamp": "2026-04-16T12:52:54.428253Z",
  "device": {
    "model": "moto g35 5G",
    "manufacturer": "motorola",
    "board": "manila",
    "hardware": "ums9620_2h10",
    "cpu_cores": 8,
    "ram_total_kb": 3497628,
    "android_version": "14",
    "sdk_int": 34,
    "abi": "arm64-v8a"
  },
  "backend": "InMemory",
  "backend_key": "inmemory",
  "readings_count": 200,
  "ingest_total_ms": 2.289538,
  "per_ingest_us": 11.44769,
  "retrieval_samples": 50,
  "retrieval_latencies_us": [
    1191.5,
    1189.346,
    1230.923,
    1173.385,
    1183.154,
    1218.077,
    1147.538,
    1163.73,
    1204.5,
    1233.116,
    1195.077,
    1195.077,
    1256.115,
    1213.692,
    1264.962,
    1270.923,
    1190.346,
    1242.423,
    1358.923,
    1442.038,
    1423.962,
    1437.769,
    1408.154,
    1422.576,
    1588.731,
    1421.73,
    1388.462,
    1231.462,
    1238.039,
    1294.769,
    1546.0,
    1289.077,
    2249.231,
    1543.577,
    1453.923,
    1490.692,
    1409.654,
    1395.577,
    1271.654,
    1190.577,
    1304.847,
    1213.5,
    1271.077,
    1472.384,
    1355.654,
    1276.5,
    1272.884,
    1232.384,
    1230.538,
    1323.538
  ],
  "avg_retrieval_us": 1324.27534,
  "median_retrieval_us": 1271.654,
  "min_retrieval_us": 1147.538,
  "max_retrieval_us": 2249.231,
  "p50_retrieval_us": 1271.654,
  "p95_retrieval_us": 1546.0,
  "context_chars": 315,
  "context_tokens_est": 78,
  "synth_chars": 815,
  "synth_tokens_est": 203,
  "ram_before_kb": 117856,
  "ram_after_kb": 128052,
  "ram_delta_kb": 10196,
  "io_write_bytes_before": 0,
  "io_write_bytes_after": 0,
  "io_write_bytes_delta": 0
}