{
  "type": "storage_only",
  "timestamp": "2026-04-16T12:52:17.854198Z",
  "device": {
    "model": "moto g35 5G",
    "manufacturer": "motorola",
    "board": "manila",
    "hardware": "ums9620_2h10",
    "cpu_cores": 8,
    "ram_total_kb": 3497628,
    "android_version": "14",
    "sdk_int": 34,
    "abi": "arm64-v8a"
  },
  "backend": "InMemory",
  "backend_key": "inmemory",
  "readings_count": 200,
  "ingest_total_ms": 2.398307,
  "per_ingest_us": 11.991535,
  "retrieval_samples": 50,
  "retrieval_latencies_us": [
    1186.693,
    1168.269,
    1137.73,
    1111.654,
    1098.347,
    1136.577,
    1160.308,
    1137.192,
    1180.077,
    1325.077,
    1255.846,
    1174.807,
    1184.808,
    1165.769,
    1200.884,
    1220.346,
    1177.462,
    1181.807,
    1264.923,
    1235.462,
    1329.731,
    1459.577,
    1406.154,
    1301.0,
    1288.039,
    1537.885,
    1482.923,
    1265.462,
    1229.923,
    1184.577,
    1176.192,
    1327.615,
    1232.308,
    1322.231,
    1293.538,
    1492.654,
    1412.154,
    1375.231,
    1359.731,
    1266.462,
    1270.0,
    1162.961,
    1301.5,
    2967.731,
    1331.308,
    1303.308,
    1226.346,
    1136.616,
    1191.231,
    1269.423
  ],
  "avg_retrieval_us": 1292.15698,
  "median_retrieval_us": 1255.846,
  "min_retrieval_us": 1098.347,
  "max_retrieval_us": 2967.731,
  "p50_retrieval_us": 1255.846,
  "p95_retrieval_us": 1492.654,
  "context_chars": 315,
  "context_tokens_est": 78,
  "synth_chars": 815,
  "synth_tokens_est": 203,
  "ram_before_kb": 118100,
  "ram_after_kb": 128300,
  "ram_delta_kb": 10200,
  "io_write_bytes_before": 0,
  "io_write_bytes_after": 0,
  "io_write_bytes_delta": 0
}