{
  "type": "storage_only",
  "timestamp": "2026-04-24T05:15:29.378292Z",
  "device": {
    "model": "moto g35 5G",
    "manufacturer": "motorola",
    "board": "manila",
    "hardware": "ums9620_2h10",
    "cpu_cores": 8,
    "ram_total_kb": 3497628,
    "android_version": "14",
    "sdk_int": 34,
    "abi": "arm64-v8a"
  },
  "backend": "InMemory",
  "backend_key": "inmemory",
  "readings_count": 400,
  "ingest_total_ms": 4.324577,
  "per_ingest_us": 10.8114425,
  "retrieval_samples": 100,
  "retrieval_latencies_us": [
    1503.615,
    1355.424,
    1510.423,
    1533.847,
    1444.231,
    1682.077,
    1496.0,
    1229.423,
    1226.538,
    1242.039,
    1359.769,
    1456.154,
    1378.616,
    1474.615,
    1408.923,
    1266.154,
    1218.039,
    1526.885,
    1383.269,
    1399.846,
    1346.5,
    1372.385,
    1381.462,
    1280.693,
    1285.192,
    1404.692,
    1476.231,
    1586.115,
    1432.615,
    1298.269,
    1228.039,
    1330.5,
    1287.884,
    1379.807,
    1551.731,
    1438.539,
    1447.962,
    1320.654,
    1184.347,
    1221.192,
    1310.885,
    1398.039,
    1596.423,
    1433.5,
    1278.731,
    1363.616,
    1194.577,
    1180.346,
    1172.576,
    1394.0,
    1379.615,
    1325.769,
    1337.807,
    1414.923,
    1238.539,
    1207.308,
    1139.923,
    1240.423,
    1485.0,
    1393.539,
    1294.654,
    1214.462,
    1179.461,
    1165.192,
    1163.961,
    1179.424,
    1342.769,
    1416.154,
    1336.0,
    1280.693,
    1276.538,
    1164.538,
    1171.538,
    1219.962,
    1149.923,
    1420.923,
    1439.5,
    1278.0,
    1218.115,
    1219.5,
    1208.538,
    1168.654,
    1157.346,
    1178.769,
    1349.923,
    1379.346,
    1263.038,
    1258.961,
    1204.577,
    1196.193,
    1151.539,
    1144.5,
    1255.577,
    1235.27,
    1289.115,
    1297.347,
    1251.77,
    1172.0,
    1178.885,
    1195.308
  ],
  "avg_retrieval_us": 1315.04198,
  "median_retrieval_us": 1294.654,
  "min_retrieval_us": 1139.923,
  "max_retrieval_us": 1682.077,
  "p50_retrieval_us": 1294.654,
  "p95_retrieval_us": 1533.847,
  "context_chars": 315,
  "context_tokens_est": 78,
  "synth_chars": 1445,
  "synth_tokens_est": 361,
  "ram_before_kb": 122980,
  "ram_after_kb": 150832,
  "ram_delta_kb": 27852,
  "io_write_bytes_before": 0,
  "io_write_bytes_after": 0,
  "io_write_bytes_delta": 0
}