{
  "type": "storage_only",
  "timestamp": "2026-04-16T12:52:05.747395Z",
  "device": {
    "model": "moto g35 5G",
    "manufacturer": "motorola",
    "board": "manila",
    "hardware": "ums9620_2h10",
    "cpu_cores": 8,
    "ram_total_kb": 3497628,
    "android_version": "14",
    "sdk_int": 34,
    "abi": "arm64-v8a"
  },
  "backend": "InMemory",
  "backend_key": "inmemory",
  "readings_count": 200,
  "ingest_total_ms": 2.2825,
  "per_ingest_us": 11.4125,
  "retrieval_samples": 50,
  "retrieval_latencies_us": [
    1145.654,
    1164.847,
    1200.615,
    1165.27,
    1164.424,
    1139.847,
    1140.077,
    1107.615,
    1160.693,
    1166.154,
    1200.346,
    1251.231,
    1190.923,
    1257.308,
    1247.154,
    1276.154,
    1176.885,
    1302.385,
    1367.692,
    1434.884,
    1534.077,
    1423.577,
    1380.77,
    1414.0,
    1516.308,
    1484.615,
    1285.039,
    1207.269,
    1218.384,
    1363.231,
    1382.846,
    1286.385,
    1361.308,
    1329.885,
    1153.115,
    1455.423,
    1421.269,
    1456.5,
    1323.692,
    1321.077,
    1237.423,
    1229.808,
    1177.961,
    1267.5,
    1526.269,
    1312.039,
    1241.846,
    1323.577,
    1252.692,
    1243.154
  ],
  "avg_retrieval_us": 1287.8239399999998,
  "median_retrieval_us": 1267.5,
  "min_retrieval_us": 1107.615,
  "max_retrieval_us": 1534.077,
  "p50_retrieval_us": 1267.5,
  "p95_retrieval_us": 1516.308,
  "context_chars": 315,
  "context_tokens_est": 78,
  "synth_chars": 815,
  "synth_tokens_est": 203,
  "ram_before_kb": 118316,
  "ram_after_kb": 128500,
  "ram_delta_kb": 10184,
  "io_write_bytes_before": 0,
  "io_write_bytes_after": 0,
  "io_write_bytes_delta": 0
}