{
  "type": "storage_only",
  "timestamp": "2026-04-16T12:52:30.018121Z",
  "device": {
    "model": "moto g35 5G",
    "manufacturer": "motorola",
    "board": "manila",
    "hardware": "ums9620_2h10",
    "cpu_cores": 8,
    "ram_total_kb": 3497628,
    "android_version": "14",
    "sdk_int": 34,
    "abi": "arm64-v8a"
  },
  "backend": "InMemory",
  "backend_key": "inmemory",
  "readings_count": 200,
  "ingest_total_ms": 2.598885,
  "per_ingest_us": 12.994425,
  "retrieval_samples": 50,
  "retrieval_latencies_us": [
    1351.346,
    1302.692,
    1376.961,
    1344.0,
    1273.385,
    1363.846,
    1423.462,
    1388.654,
    1408.423,
    1318.962,
    1494.192,
    1618.885,
    1530.5,
    1434.346,
    1496.307,
    1589.077,
    1685.577,
    1638.616,
    1639.577,
    1329.808,
    1313.884,
    1378.385,
    1308.769,
    1465.693,
    1607.461,
    1453.307,
    1534.769,
    1484.269,
    1527.923,
    1454.076,
    1413.654,
    1508.884,
    1460.0,
    1324.346,
    1318.923,
    1599.461,
    1530.192,
    1460.731,
    1411.653,
    1416.616,
    1535.269,
    1345.846,
    1386.5,
    2309.923,
    1524.885,
    1399.231,
    1328.385,
    1281.308,
    1305.846,
    1279.039
  ],
  "avg_retrieval_us": 1453.5568800000003,
  "median_retrieval_us": 1423.462,
  "min_retrieval_us": 1273.385,
  "max_retrieval_us": 2309.923,
  "p50_retrieval_us": 1423.462,
  "p95_retrieval_us": 1639.577,
  "context_chars": 315,
  "context_tokens_est": 78,
  "synth_chars": 815,
  "synth_tokens_est": 203,
  "ram_before_kb": 118992,
  "ram_after_kb": 138604,
  "ram_delta_kb": 19612,
  "io_write_bytes_before": 0,
  "io_write_bytes_after": 0,
  "io_write_bytes_delta": 0
}