{
  "type": "storage_only",
  "timestamp": "2026-04-16T12:52:23.891430Z",
  "device": {
    "model": "moto g35 5G",
    "manufacturer": "motorola",
    "board": "manila",
    "hardware": "ums9620_2h10",
    "cpu_cores": 8,
    "ram_total_kb": 3497628,
    "android_version": "14",
    "sdk_int": 34,
    "abi": "arm64-v8a"
  },
  "backend": "InMemory",
  "backend_key": "inmemory",
  "readings_count": 200,
  "ingest_total_ms": 2.39,
  "per_ingest_us": 11.95,
  "retrieval_samples": 50,
  "retrieval_latencies_us": [
    1341.307,
    1285.0,
    1247.846,
    1268.615,
    1321.961,
    1389.23,
    1373.116,
    1348.538,
    1496.385,
    1418.076,
    1386.807,
    1270.769,
    1428.269,
    1611.384,
    1643.346,
    1708.885,
    1494.115,
    1612.576,
    1603.308,
    1259.308,
    1272.269,
    1331.961,
    1342.0,
    1573.308,
    1627.462,
    1504.269,
    2271.808,
    1550.846,
    1674.231,
    1464.038,
    2317.847,
    1351.115,
    1323.308,
    1386.384,
    1476.923,
    1494.731,
    1484.577,
    1423.769,
    1464.961,
    1353.731,
    1309.269,
    1401.577,
    1542.077,
    1469.961,
    1414.308,
    1391.577,
    1266.5,
    1289.616,
    1228.615,
    1239.615
  ],
  "avg_retrieval_us": 1455.02988,
  "median_retrieval_us": 1414.308,
  "min_retrieval_us": 1228.615,
  "max_retrieval_us": 2317.847,
  "p50_retrieval_us": 1414.308,
  "p95_retrieval_us": 1708.885,
  "context_chars": 315,
  "context_tokens_est": 78,
  "synth_chars": 815,
  "synth_tokens_est": 203,
  "ram_before_kb": 118568,
  "ram_after_kb": 131232,
  "ram_delta_kb": 12664,
  "io_write_bytes_before": 0,
  "io_write_bytes_after": 0,
  "io_write_bytes_delta": 0
}