{
  "type": "storage_only",
  "timestamp": "2026-04-16T12:52:48.335676Z",
  "device": {
    "model": "moto g35 5G",
    "manufacturer": "motorola",
    "board": "manila",
    "hardware": "ums9620_2h10",
    "cpu_cores": 8,
    "ram_total_kb": 3497628,
    "android_version": "14",
    "sdk_int": 34,
    "abi": "arm64-v8a"
  },
  "backend": "InMemory",
  "backend_key": "inmemory",
  "readings_count": 200,
  "ingest_total_ms": 2.351076,
  "per_ingest_us": 11.75538,
  "retrieval_samples": 50,
  "retrieval_latencies_us": [
    2844.615,
    1507.039,
    1413.077,
    1369.923,
    1336.5,
    1466.154,
    1406.77,
    1467.731,
    1530.461,
    1725.577,
    1614.769,
    1555.961,
    1557.308,
    1581.462,
    1623.73,
    1384.077,
    1376.038,
    1355.731,
    1493.885,
    1500.115,
    1510.808,
    1510.846,
    1664.769,
    1566.154,
    1448.115,
    1411.538,
    1538.538,
    1572.269,
    1719.308,
    1530.462,
    1531.807,
    1411.192,
    1371.846,
    1396.885,
    1263.039,
    1452.423,
    1570.424,
    1388.154,
    1371.731,
    1526.693,
    1435.192,
    1402.769,
    1366.846,
    1548.231,
    1605.269,
    1497.654,
    1339.962,
    1407.039,
    1365.692,
    1291.577
  ],
  "avg_retrieval_us": 1502.5631,
  "median_retrieval_us": 1493.885,
  "min_retrieval_us": 1263.039,
  "max_retrieval_us": 2844.615,
  "p50_retrieval_us": 1493.885,
  "p95_retrieval_us": 1719.308,
  "context_chars": 315,
  "context_tokens_est": 78,
  "synth_chars": 815,
  "synth_tokens_est": 203,
  "ram_before_kb": 118840,
  "ram_after_kb": 138800,
  "ram_delta_kb": 19960,
  "io_write_bytes_before": 0,
  "io_write_bytes_after": 0,
  "io_write_bytes_delta": 0
}