{
  "type": "storage_only",
  "timestamp": "2026-04-24T05:15:41.029473Z",
  "device": {
    "model": "moto g35 5G",
    "manufacturer": "motorola",
    "board": "manila",
    "hardware": "ums9620_2h10",
    "cpu_cores": 8,
    "ram_total_kb": 3497628,
    "android_version": "14",
    "sdk_int": 34,
    "abi": "arm64-v8a"
  },
  "backend": "InMemory",
  "backend_key": "inmemory",
  "readings_count": 400,
  "ingest_total_ms": 3.919769,
  "per_ingest_us": 9.7994225,
  "retrieval_samples": 100,
  "retrieval_latencies_us": [
    1558.231,
    1463.077,
    1499.539,
    1466.923,
    1485.846,
    1634.308,
    1577.192,
    1415.692,
    1381.115,
    1340.077,
    1544.423,
    1431.731,
    1505.346,
    1295.577,
    1244.27,
    1395.961,
    1339.346,
    1477.577,
    1493.231,
    1251.423,
    1239.462,
    1265.308,
    1205.692,
    1278.192,
    1577.577,
    1343.654,
    1263.269,
    1328.461,
    1232.308,
    1287.5,
    1229.039,
    1167.731,
    1412.231,
    1405.692,
    1244.692,
    1275.384,
    1278.116,
    1176.885,
    1182.0,
    1212.385,
    1227.539,
    1459.885,
    1443.307,
    1324.615,
    1750.923,
    1284.116,
    1212.692,
    1181.616,
    1282.116,
    1284.539,
    1420.961,
    2884.347,
    1268.115,
    1263.154,
    1215.423,
    1217.885,
    2831.269,
    1392.692,
    1500.192,
    1275.23,
    1165.884,
    1180.808,
    1150.961,
    1242.923,
    1439.808,
    1257.039,
    1292.0,
    1248.692,
    1154.077,
    1153.769,
    1188.154,
    1136.884,
    1275.539,
    1417.269,
    1293.385,
    1247.769,
    1218.73,
    1178.654,
    1127.884,
    1119.23,
    1175.308,
    1218.462,
    1437.73,
    1329.77,
    1240.385,
    1229.461,
    1167.153,
    1119.154,
    1135.384,
    1140.347,
    1188.961,
    1322.884,
    1234.077,
    1211.884,
    1201.923,
    1176.769,
    1207.231,
    1132.269,
    1148.962,
    1196.231
  ],
  "avg_retrieval_us": 1328.30883,
  "median_retrieval_us": 1265.308,
  "min_retrieval_us": 1119.154,
  "max_retrieval_us": 2884.347,
  "p50_retrieval_us": 1265.308,
  "p95_retrieval_us": 1577.577,
  "context_chars": 315,
  "context_tokens_est": 78,
  "synth_chars": 1445,
  "synth_tokens_est": 361,
  "ram_before_kb": 122984,
  "ram_after_kb": 149936,
  "ram_delta_kb": 26952,
  "io_write_bytes_before": 0,
  "io_write_bytes_after": 0,
  "io_write_bytes_delta": 0
}