{
  "type": "storage_only",
  "timestamp": "2026-04-24T05:15:17.638328Z",
  "device": {
    "model": "moto g35 5G",
    "manufacturer": "motorola",
    "board": "manila",
    "hardware": "ums9620_2h10",
    "cpu_cores": 8,
    "ram_total_kb": 3497628,
    "android_version": "14",
    "sdk_int": 34,
    "abi": "arm64-v8a"
  },
  "backend": "InMemory",
  "backend_key": "inmemory",
  "readings_count": 400,
  "ingest_total_ms": 4.203885,
  "per_ingest_us": 10.5097125,
  "retrieval_samples": 100,
  "retrieval_latencies_us": [
    1463.692,
    1503.846,
    1678.923,
    1603.77,
    1675.769,
    2476.154,
    8610.923,
    1498.577,
    3178.385,
    1509.0,
    1450.039,
    1402.308,
    1334.307,
    1366.154,
    1427.231,
    1546.692,
    1585.038,
    1422.769,
    1406.961,
    1455.654,
    1384.5,
    1374.885,
    1546.462,
    1597.692,
    1970.231,
    1467.385,
    1386.346,
    1373.308,
    1325.115,
    3502.923,
    2497.308,
    1682.269,
    1344.307,
    1363.654,
    2597.5,
    4826.077,
    1394.5,
    1324.077,
    1294.923,
    1569.27,
    1532.539,
    1485.192,
    1377.692,
    1365.77,
    1287.385,
    1258.154,
    1319.269,
    1554.423,
    1527.116,
    1427.461,
    1393.193,
    1259.5,
    1336.884,
    1282.0,
    1279.116,
    1605.346,
    1524.154,
    1393.731,
    1397.0,
    1349.923,
    1293.693,
    1320.577,
    1271.308,
    1536.308,
    1613.807,
    1388.539,
    1388.154,
    1285.808,
    1305.654,
    1287.039,
    1307.077,
    1480.615,
    1443.847,
    1340.423,
    1288.846,
    1305.808,
    1246.269,
    1281.154,
    1322.769,
    1402.5,
    1402.5,
    1423.231,
    1350.962,
    1310.346,
    1332.731,
    1220.731,
    1233.423,
    1442.5,
    1347.154,
    1487.154,
    1373.961,
    1297.577,
    1298.307,
    1291.769,
    1277.5,
    1355.885,
    1415.346,
    1331.077,
    1292.616,
    1322.269
  ],
  "avg_retrieval_us": 1582.9200600000001,
  "median_retrieval_us": 1388.539,
  "min_retrieval_us": 1220.731,
  "max_retrieval_us": 8610.923,
  "p50_retrieval_us": 1388.539,
  "p95_retrieval_us": 2597.5,
  "context_chars": 315,
  "context_tokens_est": 78,
  "synth_chars": 1445,
  "synth_tokens_est": 361,
  "ram_before_kb": 120724,
  "ram_after_kb": 150988,
  "ram_delta_kb": 30264,
  "io_write_bytes_before": 0,
  "io_write_bytes_after": 0,
  "io_write_bytes_delta": 0
}