{
  "type": "storage_only",
  "timestamp": "2026-04-16T12:52:36.108594Z",
  "device": {
    "model": "moto g35 5G",
    "manufacturer": "motorola",
    "board": "manila",
    "hardware": "ums9620_2h10",
    "cpu_cores": 8,
    "ram_total_kb": 3497628,
    "android_version": "14",
    "sdk_int": 34,
    "abi": "arm64-v8a"
  },
  "backend": "InMemory",
  "backend_key": "inmemory",
  "readings_count": 200,
  "ingest_total_ms": 2.355384,
  "per_ingest_us": 11.77692,
  "retrieval_samples": 50,
  "retrieval_latencies_us": [
    1160.269,
    1120.424,
    1134.423,
    1133.0,
    1147.654,
    1200.769,
    1148.116,
    1108.693,
    1113.616,
    1146.808,
    1159.577,
    1116.269,
    1175.269,
    1193.385,
    1155.0,
    1348.423,
    1190.731,
    1156.77,
    1199.346,
    1242.0,
    1223.693,
    1161.038,
    1227.039,
    1342.808,
    1450.769,
    1506.885,
    1415.769,
    1260.423,
    1367.808,
    1400.23,
    1509.0,
    1166.269,
    1194.115,
    1170.884,
    1327.038,
    1324.616,
    1279.538,
    1464.308,
    1289.769,
    1376.116,
    1389.961,
    1251.615,
    1302.77,
    1311.615,
    1207.538,
    1159.577,
    1200.346,
    1330.5,
    1223.423,
    1337.846
  ],
  "avg_retrieval_us": 1250.4769599999997,
  "median_retrieval_us": 1223.423,
  "min_retrieval_us": 1108.693,
  "max_retrieval_us": 1509.0,
  "p50_retrieval_us": 1223.423,
  "p95_retrieval_us": 1464.308,
  "context_chars": 315,
  "context_tokens_est": 78,
  "synth_chars": 815,
  "synth_tokens_est": 203,
  "ram_before_kb": 119068,
  "ram_after_kb": 128124,
  "ram_delta_kb": 9056,
  "io_write_bytes_before": 0,
  "io_write_bytes_after": 0,
  "io_write_bytes_delta": 0
}