{
  "type": "storage_only",
  "timestamp": "2026-04-16T12:52:42.233722Z",
  "device": {
    "model": "moto g35 5G",
    "manufacturer": "motorola",
    "board": "manila",
    "hardware": "ums9620_2h10",
    "cpu_cores": 8,
    "ram_total_kb": 3497628,
    "android_version": "14",
    "sdk_int": 34,
    "abi": "arm64-v8a"
  },
  "backend": "InMemory",
  "backend_key": "inmemory",
  "readings_count": 200,
  "ingest_total_ms": 2.379654,
  "per_ingest_us": 11.89827,
  "retrieval_samples": 50,
  "retrieval_latencies_us": [
    1293.0,
    1239.384,
    1236.269,
    1283.846,
    1307.769,
    1261.731,
    1386.885,
    1304.731,
    1285.192,
    1331.807,
    1384.615,
    1353.308,
    1315.27,
    1425.77,
    1476.462,
    1609.731,
    1821.077,
    1913.154,
    1617.769,
    1520.577,
    1418.808,
    1272.769,
    1312.0,
    1282.962,
    1372.462,
    1523.807,
    1514.923,
    1961.885,
    1578.538,
    1336.731,
    1381.384,
    1302.039,
    1276.039,
    1433.538,
    1350.962,
    3020.462,
    1523.885,
    1398.692,
    1404.038,
    1359.846,
    1345.577,
    1345.923,
    1380.308,
    1683.0,
    1931.885,
    1426.769,
    1307.307,
    1273.23,
    1335.077,
    1479.654
  ],
  "avg_retrieval_us": 1458.05694,
  "median_retrieval_us": 1380.308,
  "min_retrieval_us": 1236.269,
  "max_retrieval_us": 3020.462,
  "p50_retrieval_us": 1380.308,
  "p95_retrieval_us": 1931.885,
  "context_chars": 315,
  "context_tokens_est": 78,
  "synth_chars": 815,
  "synth_tokens_est": 203,
  "ram_before_kb": 119012,
  "ram_after_kb": 128512,
  "ram_delta_kb": 9500,
  "io_write_bytes_before": 0,
  "io_write_bytes_after": 0,
  "io_write_bytes_delta": 0
}