{
  "type": "storage_only",
  "timestamp": "2026-04-16T12:53:00.515212Z",
  "device": {
    "model": "moto g35 5G",
    "manufacturer": "motorola",
    "board": "manila",
    "hardware": "ums9620_2h10",
    "cpu_cores": 8,
    "ram_total_kb": 3497628,
    "android_version": "14",
    "sdk_int": 34,
    "abi": "arm64-v8a"
  },
  "backend": "InMemory",
  "backend_key": "inmemory",
  "readings_count": 200,
  "ingest_total_ms": 2.259731,
  "per_ingest_us": 11.298655,
  "retrieval_samples": 50,
  "retrieval_latencies_us": [
    1292.039,
    1343.692,
    1336.385,
    1336.269,
    1367.731,
    1372.577,
    1368.769,
    1354.423,
    1358.423,
    1413.039,
    1600.616,
    1616.346,
    1531.692,
    1492.885,
    1589.769,
    1800.038,
    1581.384,
    1378.27,
    1310.654,
    1286.769,
    1371.539,
    1406.0,
    1410.0,
    1467.385,
    1404.962,
    2082.308,
    1433.385,
    1466.038,
    1443.731,
    1383.039,
    1385.346,
    1473.615,
    1502.193,
    1445.539,
    1397.923,
    1406.5,
    1442.615,
    1393.577,
    1372.577,
    1383.884,
    1510.576,
    1578.731,
    1480.847,
    1366.307,
    1378.577,
    1433.731,
    1301.961,
    1329.692,
    1620.308,
    1459.539
  ],
  "avg_retrieval_us": 1445.2838999999994,
  "median_retrieval_us": 1406.5,
  "min_retrieval_us": 1286.769,
  "max_retrieval_us": 2082.308,
  "p50_retrieval_us": 1406.5,
  "p95_retrieval_us": 1620.308,
  "context_chars": 315,
  "context_tokens_est": 78,
  "synth_chars": 815,
  "synth_tokens_est": 203,
  "ram_before_kb": 118652,
  "ram_after_kb": 140336,
  "ram_delta_kb": 21684,
  "io_write_bytes_before": 0,
  "io_write_bytes_after": 0,
  "io_write_bytes_delta": 0
}