{
  "type": "storage_only",
  "timestamp": "2026-04-24T05:15:35.204463Z",
  "device": {
    "model": "moto g35 5G",
    "manufacturer": "motorola",
    "board": "manila",
    "hardware": "ums9620_2h10",
    "cpu_cores": 8,
    "ram_total_kb": 3497628,
    "android_version": "14",
    "sdk_int": 34,
    "abi": "arm64-v8a"
  },
  "backend": "InMemory",
  "backend_key": "inmemory",
  "readings_count": 400,
  "ingest_total_ms": 3.874808,
  "per_ingest_us": 9.68702,
  "retrieval_samples": 100,
  "retrieval_latencies_us": [
    1297.731,
    1325.077,
    1549.577,
    1466.231,
    1315.423,
    1205.0,
    1258.153,
    1398.885,
    1409.577,
    1441.808,
    1474.692,
    1543.077,
    1512.961,
    1527.077,
    1601.154,
    2340.884,
    1424.116,
    1260.385,
    1620.462,
    1507.384,
    1480.807,
    1394.307,
    1457.115,
    1466.192,
    1448.077,
    1390.039,
    1341.269,
    1297.423,
    1364.462,
    1284.731,
    1233.808,
    1506.885,
    1464.654,
    1336.462,
    1361.538,
    1368.385,
    1225.961,
    1262.769,
    1220.962,
    1358.423,
    1522.308,
    1463.461,
    1373.923,
    1280.154,
    1274.576,
    1217.846,
    1253.116,
    1249.077,
    1269.616,
    1969.77,
    2050.962,
    1422.538,
    1245.116,
    1234.077,
    1300.308,
    1331.154,
    1614.692,
    1349.192,
    1317.577,
    1326.077,
    1226.154,
    1199.769,
    1195.654,
    1468.923,
    1387.577,
    1357.462,
    1249.269,
    1211.808,
    1206.808,
    1229.5,
    1152.347,
    1200.077,
    1503.423,
    1389.808,
    1321.039,
    1290.615,
    1192.346,
    1158.115,
    1182.423,
    1175.846,
    1256.461,
    1406.808,
    1288.961,
    1274.192,
    1272.5,
    1194.77,
    1147.038,
    1150.423,
    1167.385,
    1306.269,
    1341.077,
    1306.692,
    1264.231,
    1217.0,
    1209.731,
    1171.077,
    1176.308,
    1208.193,
    1357.847,
    1229.577
  ],
  "avg_retrieval_us": 1350.5496600000001,
  "median_retrieval_us": 1315.423,
  "min_retrieval_us": 1147.038,
  "max_retrieval_us": 2340.884,
  "p50_retrieval_us": 1315.423,
  "p95_retrieval_us": 1614.692,
  "context_chars": 315,
  "context_tokens_est": 78,
  "synth_chars": 1445,
  "synth_tokens_est": 361,
  "ram_before_kb": 122756,
  "ram_after_kb": 149548,
  "ram_delta_kb": 26792,
  "io_write_bytes_before": 0,
  "io_write_bytes_after": 0,
  "io_write_bytes_delta": 0
}