{
  "type": "storage_only",
  "timestamp": "2026-04-16T12:47:19.907971Z",
  "device": {
    "model": "moto g35 5G",
    "manufacturer": "motorola",
    "board": "manila",
    "hardware": "ums9620_2h10",
    "cpu_cores": 8,
    "ram_total_kb": 3497628,
    "android_version": "14",
    "sdk_int": 34,
    "abi": "arm64-v8a"
  },
  "backend": "Valkey-HLL",
  "backend_key": "valkey-hll",
  "readings_count": 200,
  "ingest_total_ms": 469.601539,
  "per_ingest_us": 2348.007695,
  "retrieval_samples": 50,
  "retrieval_latencies_us": [
    5049.231,
    4533.807,
    5029.154,
    4907.193,
    4195.5,
    4216.769,
    4886.192,
    4132.615,
    4003.539,
    3867.731,
    4674.731,
    4885.346,
    4628.462,
    3853.692,
    3844.577,
    5167.885,
    4141.577,
    4540.5,
    3889.0,
    3832.847,
    4491.308,
    4428.885,
    4240.692,
    3887.038,
    4021.884,
    3863.769,
    6425.616,
    4547.269,
    4517.539,
    4482.731,
    3718.308,
    4165.077,
    3883.384,
    3658.076,
    4014.692,
    4211.5,
    4069.731,
    4142.731,
    4126.924,
    3805.731,
    5810.116,
    3655.193,
    4652.962,
    6059.577,
    5226.577,
    5123.884,
    4687.5,
    4737.0,
    4024.115,
    4419.308
  ],
  "avg_retrieval_us": 4427.589299999999,
  "median_retrieval_us": 4240.692,
  "min_retrieval_us": 3655.193,
  "max_retrieval_us": 6425.616,
  "p50_retrieval_us": 4240.692,
  "p95_retrieval_us": 5810.116,
  "context_chars": 352,
  "context_tokens_est": 88,
  "synth_chars": 735,
  "synth_tokens_est": 183,
  "ram_before_kb": 162296,
  "ram_after_kb": 163440,
  "ram_delta_kb": 1144,
  "io_write_bytes_before": 0,
  "io_write_bytes_after": 0,
  "io_write_bytes_delta": 0
}