{
  "type": "storage_only",
  "timestamp": "2026-04-16T12:48:01.531617Z",
  "device": {
    "model": "moto g35 5G",
    "manufacturer": "motorola",
    "board": "manila",
    "hardware": "ums9620_2h10",
    "cpu_cores": 8,
    "ram_total_kb": 3497628,
    "android_version": "14",
    "sdk_int": 34,
    "abi": "arm64-v8a"
  },
  "backend": "Valkey-HLL",
  "backend_key": "valkey-hll",
  "readings_count": 200,
  "ingest_total_ms": 461.074038,
  "per_ingest_us": 2305.37019,
  "retrieval_samples": 50,
  "retrieval_latencies_us": [
    6214.231,
    5425.884,
    5384.038,
    4959.423,
    5362.731,
    5186.154,
    4387.693,
    4509.346,
    5149.692,
    4932.5,
    4971.5,
    4581.5,
    5520.347,
    5046.961,
    4705.193,
    4055.769,
    3984.923,
    4456.384,
    4674.577,
    4455.731,
    5072.538,
    5164.038,
    4432.962,
    4432.961,
    5736.308,
    7102.692,
    7925.077,
    7602.346,
    7226.115,
    5304.538,
    4553.384,
    5366.192,
    4404.654,
    5634.5,
    5674.384,
    4799.115,
    4468.154,
    4449.884,
    4661.654,
    6241.307,
    5220.0,
    4769.346,
    4907.385,
    4934.346,
    4169.269,
    4716.039,
    5452.192,
    4753.961,
    4848.731,
    4080.77
  ],
  "avg_retrieval_us": 5121.388379999999,
  "median_retrieval_us": 4934.346,
  "min_retrieval_us": 3984.923,
  "max_retrieval_us": 7925.077,
  "p50_retrieval_us": 4934.346,
  "p95_retrieval_us": 7226.115,
  "context_chars": 352,
  "context_tokens_est": 88,
  "synth_chars": 735,
  "synth_tokens_est": 183,
  "ram_before_kb": 161264,
  "ram_after_kb": 162556,
  "ram_delta_kb": 1292,
  "io_write_bytes_before": 0,
  "io_write_bytes_after": 0,
  "io_write_bytes_delta": 0
}