{
  "type": "storage_only",
  "timestamp": "2026-04-16T12:47:43.523888Z",
  "device": {
    "model": "moto g35 5G",
    "manufacturer": "motorola",
    "board": "manila",
    "hardware": "ums9620_2h10",
    "cpu_cores": 8,
    "ram_total_kb": 3497628,
    "android_version": "14",
    "sdk_int": 34,
    "abi": "arm64-v8a"
  },
  "backend": "Valkey-HLL",
  "backend_key": "valkey-hll",
  "readings_count": 200,
  "ingest_total_ms": 458.417885,
  "per_ingest_us": 2292.089425,
  "retrieval_samples": 50,
  "retrieval_latencies_us": [
    4602.846,
    4408.5,
    4714.731,
    3551.0,
    6414.307,
    3767.461,
    3822.693,
    5092.307,
    3552.077,
    3583.116,
    5128.962,
    4222.039,
    3993.461,
    4822.577,
    5256.885,
    5104.654,
    4067.154,
    4089.077,
    3881.884,
    3816.923,
    3949.115,
    4293.23,
    4137.962,
    4326.307,
    4177.077,
    3777.0,
    4118.923,
    4082.731,
    4226.461,
    3988.731,
    4217.308,
    4611.385,
    3649.962,
    3883.0,
    4245.115,
    3898.615,
    4123.115,
    3973.0,
    3986.269,
    4057.538,
    4630.923,
    4508.962,
    4670.885,
    3856.923,
    4448.0,
    4374.77,
    3673.077,
    5142.115,
    4929.923,
    4493.731
  ],
  "avg_retrieval_us": 4286.89614,
  "median_retrieval_us": 4177.077,
  "min_retrieval_us": 3551.0,
  "max_retrieval_us": 6414.307,
  "p50_retrieval_us": 4177.077,
  "p95_retrieval_us": 5142.115,
  "context_chars": 352,
  "context_tokens_est": 88,
  "synth_chars": 735,
  "synth_tokens_est": 183,
  "ram_before_kb": 161452,
  "ram_after_kb": 162792,
  "ram_delta_kb": 1340,
  "io_write_bytes_before": 4096,
  "io_write_bytes_after": 4096,
  "io_write_bytes_delta": 0
}