{
  "type": "storage_only",
  "timestamp": "2026-04-16T12:47:49.603445Z",
  "device": {
    "model": "moto g35 5G",
    "manufacturer": "motorola",
    "board": "manila",
    "hardware": "ums9620_2h10",
    "cpu_cores": 8,
    "ram_total_kb": 3497628,
    "android_version": "14",
    "sdk_int": 34,
    "abi": "arm64-v8a"
  },
  "backend": "Valkey-HLL",
  "backend_key": "valkey-hll",
  "readings_count": 200,
  "ingest_total_ms": 464.019999,
  "per_ingest_us": 2320.099995,
  "retrieval_samples": 50,
  "retrieval_latencies_us": [
    4498.846,
    5443.423,
    4768.538,
    5467.538,
    3976.577,
    4607.77,
    4108.27,
    3925.808,
    5448.308,
    3719.192,
    3728.807,
    4997.231,
    4572.346,
    4608.308,
    3651.269,
    4392.308,
    4357.769,
    4547.385,
    3907.308,
    3902.423,
    4166.462,
    5132.654,
    4517.847,
    4241.962,
    4109.961,
    3902.077,
    6090.038,
    4174.038,
    4666.231,
    4681.115,
    4025.693,
    4648.808,
    4556.962,
    4461.038,
    4387.924,
    4967.462,
    4982.269,
    4198.923,
    4541.73,
    4557.116,
    4654.038,
    4493.27,
    4501.192,
    4829.923,
    4565.693,
    4503.807,
    5448.962,
    4554.5,
    4652.961,
    5722.308
  ],
  "avg_retrieval_us": 4551.32776,
  "median_retrieval_us": 4547.385,
  "min_retrieval_us": 3651.269,
  "max_retrieval_us": 6090.038,
  "p50_retrieval_us": 4547.385,
  "p95_retrieval_us": 5467.538,
  "context_chars": 352,
  "context_tokens_est": 88,
  "synth_chars": 735,
  "synth_tokens_est": 183,
  "ram_before_kb": 161280,
  "ram_after_kb": 162664,
  "ram_delta_kb": 1384,
  "io_write_bytes_before": 8192,
  "io_write_bytes_after": 8192,
  "io_write_bytes_delta": 0
}