{
  "type": "storage_only",
  "timestamp": "2026-04-16T12:47:08.158336Z",
  "device": {
    "model": "moto g35 5G",
    "manufacturer": "motorola",
    "board": "manila",
    "hardware": "ums9620_2h10",
    "cpu_cores": 8,
    "ram_total_kb": 3497628,
    "android_version": "14",
    "sdk_int": 34,
    "abi": "arm64-v8a"
  },
  "backend": "Valkey-HLL",
  "backend_key": "valkey-hll",
  "readings_count": 200,
  "ingest_total_ms": 478.035769,
  "per_ingest_us": 2390.178845,
  "retrieval_samples": 50,
  "retrieval_latencies_us": [
    5788.423,
    4603.0,
    4468.616,
    4907.539,
    8031.154,
    6938.577,
    5013.808,
    6063.038,
    5949.462,
    4286.346,
    5353.923,
    4477.692,
    5282.692,
    4392.961,
    5015.615,
    4001.0,
    4442.0,
    4672.616,
    4359.5,
    4366.654,
    4458.115,
    3970.269,
    3671.615,
    5804.962,
    3693.308,
    4414.807,
    4823.23,
    4210.27,
    4613.462,
    4111.731,
    3824.885,
    5948.808,
    3805.423,
    4440.885,
    3968.885,
    4666.346,
    4589.269,
    4158.231,
    4523.269,
    3776.731,
    6539.692,
    3784.961,
    4855.808,
    4932.615,
    4110.193,
    4994.462,
    5240.731,
    5401.462,
    4286.038,
    4757.961
  ],
  "avg_retrieval_us": 4775.8608,
  "median_retrieval_us": 4589.269,
  "min_retrieval_us": 3671.615,
  "max_retrieval_us": 8031.154,
  "p50_retrieval_us": 4589.269,
  "p95_retrieval_us": 6539.692,
  "context_chars": 352,
  "context_tokens_est": 88,
  "synth_chars": 735,
  "synth_tokens_est": 183,
  "ram_before_kb": 161336,
  "ram_after_kb": 162952,
  "ram_delta_kb": 1616,
  "io_write_bytes_before": 0,
  "io_write_bytes_after": 0,
  "io_write_bytes_delta": 0
}