{
  "type": "storage_only",
  "timestamp": "2026-04-16T12:47:25.841964Z",
  "device": {
    "model": "moto g35 5G",
    "manufacturer": "motorola",
    "board": "manila",
    "hardware": "ums9620_2h10",
    "cpu_cores": 8,
    "ram_total_kb": 3497628,
    "android_version": "14",
    "sdk_int": 34,
    "abi": "arm64-v8a"
  },
  "backend": "Valkey-HLL",
  "backend_key": "valkey-hll",
  "readings_count": 200,
  "ingest_total_ms": 482.991384,
  "per_ingest_us": 2414.95692,
  "retrieval_samples": 50,
  "retrieval_latencies_us": [
    5461.385,
    4712.923,
    5041.384,
    4610.231,
    4589.077,
    4651.962,
    4221.269,
    6893.077,
    5218.308,
    7029.539,
    6699.154,
    5435.846,
    4535.885,
    4298.0,
    4305.807,
    3424.384,
    4824.0,
    3537.615,
    6347.462,
    4229.962,
    4451.961,
    4220.577,
    4185.808,
    4010.039,
    3737.154,
    4214.307,
    4027.077,
    3775.5,
    3852.577,
    3929.385,
    4012.077,
    4745.269,
    4308.077,
    3863.577,
    5780.923,
    4566.27,
    3903.5,
    4029.5,
    4830.077,
    4533.385,
    5083.269,
    4236.038,
    4737.385,
    5382.769,
    4366.538,
    5121.576,
    4614.615,
    4988.077,
    5039.615,
    4045.077
  ],
  "avg_retrieval_us": 4653.185379999999,
  "median_retrieval_us": 4535.885,
  "min_retrieval_us": 3424.384,
  "max_retrieval_us": 7029.539,
  "p50_retrieval_us": 4535.885,
  "p95_retrieval_us": 6699.154,
  "context_chars": 352,
  "context_tokens_est": 88,
  "synth_chars": 735,
  "synth_tokens_est": 183,
  "ram_before_kb": 163440,
  "ram_after_kb": 162536,
  "ram_delta_kb": -904,
  "io_write_bytes_before": 4096,
  "io_write_bytes_after": 4096,
  "io_write_bytes_delta": 0
}