{
  "type": "storage_only",
  "timestamp": "2026-04-16T12:47:31.756741Z",
  "device": {
    "model": "moto g35 5G",
    "manufacturer": "motorola",
    "board": "manila",
    "hardware": "ums9620_2h10",
    "cpu_cores": 8,
    "ram_total_kb": 3497628,
    "android_version": "14",
    "sdk_int": 34,
    "abi": "arm64-v8a"
  },
  "backend": "Valkey-HLL",
  "backend_key": "valkey-hll",
  "readings_count": 200,
  "ingest_total_ms": 467.162115,
  "per_ingest_us": 2335.810575,
  "retrieval_samples": 50,
  "retrieval_latencies_us": [
    6994.807,
    4498.577,
    4515.538,
    4217.616,
    6210.846,
    4260.923,
    4406.923,
    4251.577,
    4596.654,
    4325.962,
    4163.769,
    5478.539,
    5014.577,
    6016.423,
    7535.192,
    4207.539,
    5379.385,
    4840.847,
    4238.616,
    4346.693,
    5279.731,
    4755.961,
    4382.269,
    4769.577,
    4524.269,
    4456.693,
    4639.231,
    4746.385,
    4718.538,
    5485.27,
    4287.808,
    4488.385,
    5800.538,
    4461.884,
    6763.731,
    6984.308,
    6509.076,
    5276.693,
    3979.693,
    4092.346,
    4078.038,
    4002.692,
    4087.885,
    3927.769,
    4302.307,
    4987.0,
    4552.654,
    4442.923,
    4248.347,
    4250.846
  ],
  "avg_retrieval_us": 4855.677,
  "median_retrieval_us": 4515.538,
  "min_retrieval_us": 3927.769,
  "max_retrieval_us": 7535.192,
  "p50_retrieval_us": 4515.538,
  "p95_retrieval_us": 6984.308,
  "context_chars": 352,
  "context_tokens_est": 88,
  "synth_chars": 735,
  "synth_tokens_est": 183,
  "ram_before_kb": 161296,
  "ram_after_kb": 162724,
  "ram_delta_kb": 1428,
  "io_write_bytes_before": 0,
  "io_write_bytes_after": 0,
  "io_write_bytes_delta": 0
}