{
  "type": "storage_only",
  "timestamp": "2026-04-16T12:47:14.007888Z",
  "device": {
    "model": "moto g35 5G",
    "manufacturer": "motorola",
    "board": "manila",
    "hardware": "ums9620_2h10",
    "cpu_cores": 8,
    "ram_total_kb": 3497628,
    "android_version": "14",
    "sdk_int": 34,
    "abi": "arm64-v8a"
  },
  "backend": "Valkey-HLL",
  "backend_key": "valkey-hll",
  "readings_count": 200,
  "ingest_total_ms": 471.409538,
  "per_ingest_us": 2357.04769,
  "retrieval_samples": 50,
  "retrieval_latencies_us": [
    4695.73,
    5548.884,
    4429.692,
    4599.154,
    4652.653,
    5980.576,
    6754.653,
    5449.308,
    4193.462,
    5828.576,
    5449.346,
    5649.347,
    3920.5,
    4043.808,
    3747.808,
    5732.962,
    4267.73,
    4499.653,
    4177.654,
    4148.923,
    4146.192,
    4092.269,
    4149.461,
    3844.0,
    4353.077,
    4582.154,
    3938.192,
    4001.039,
    4089.192,
    3893.116,
    3873.115,
    3828.23,
    4086.653,
    4347.269,
    3900.384,
    3925.846,
    5579.115,
    4200.077,
    4392.192,
    4748.807,
    4933.385,
    4218.923,
    4600.154,
    5211.077,
    4832.808,
    3998.884,
    4876.615,
    4596.616,
    5295.231,
    4905.615
  ],
  "avg_retrieval_us": 4584.202139999999,
  "median_retrieval_us": 4392.192,
  "min_retrieval_us": 3747.808,
  "max_retrieval_us": 6754.653,
  "p50_retrieval_us": 4392.192,
  "p95_retrieval_us": 5828.576,
  "context_chars": 352,
  "context_tokens_est": 88,
  "synth_chars": 735,
  "synth_tokens_est": 183,
  "ram_before_kb": 163532,
  "ram_after_kb": 163108,
  "ram_delta_kb": -424,
  "io_write_bytes_before": 8192,
  "io_write_bytes_after": 8192,
  "io_write_bytes_delta": 0
}