{
  "type": "storage_only",
  "timestamp": "2026-04-16T12:47:55.565109Z",
  "device": {
    "model": "moto g35 5G",
    "manufacturer": "motorola",
    "board": "manila",
    "hardware": "ums9620_2h10",
    "cpu_cores": 8,
    "ram_total_kb": 3497628,
    "android_version": "14",
    "sdk_int": 34,
    "abi": "arm64-v8a"
  },
  "backend": "Valkey-HLL",
  "backend_key": "valkey-hll",
  "readings_count": 200,
  "ingest_total_ms": 451.997076,
  "per_ingest_us": 2259.98538,
  "retrieval_samples": 50,
  "retrieval_latencies_us": [
    5448.961,
    5758.962,
    4926.693,
    5009.346,
    4514.616,
    4512.192,
    4509.731,
    4762.962,
    6522.154,
    4279.731,
    4416.307,
    4422.692,
    4885.577,
    4540.731,
    5602.307,
    3572.192,
    5963.347,
    4307.539,
    4163.269,
    4073.0,
    4222.961,
    4186.423,
    4041.462,
    4056.769,
    4036.308,
    4068.116,
    4143.769,
    4227.923,
    4014.154,
    4154.5,
    4401.269,
    4384.846,
    4479.384,
    4859.577,
    5351.577,
    4488.846,
    4263.039,
    4443.154,
    4683.0,
    4731.577,
    4500.808,
    4593.5,
    4447.769,
    4572.962,
    5449.731,
    5988.154,
    4213.769,
    4764.923,
    5457.0,
    4809.616
  ],
  "avg_retrieval_us": 4644.583899999999,
  "median_retrieval_us": 4500.808,
  "min_retrieval_us": 3572.192,
  "max_retrieval_us": 6522.154,
  "p50_retrieval_us": 4500.808,
  "p95_retrieval_us": 5963.347,
  "context_chars": 352,
  "context_tokens_est": 88,
  "synth_chars": 735,
  "synth_tokens_est": 183,
  "ram_before_kb": 161124,
  "ram_after_kb": 162452,
  "ram_delta_kb": 1328,
  "io_write_bytes_before": 0,
  "io_write_bytes_after": 0,
  "io_write_bytes_delta": 0
}