{
  "type": "storage_only",
  "timestamp": "2026-04-16T12:47:37.710759Z",
  "device": {
    "model": "moto g35 5G",
    "manufacturer": "motorola",
    "board": "manila",
    "hardware": "ums9620_2h10",
    "cpu_cores": 8,
    "ram_total_kb": 3497628,
    "android_version": "14",
    "sdk_int": 34,
    "abi": "arm64-v8a"
  },
  "backend": "Valkey-HLL",
  "backend_key": "valkey-hll",
  "readings_count": 200,
  "ingest_total_ms": 473.71323,
  "per_ingest_us": 2368.56615,
  "retrieval_samples": 50,
  "retrieval_latencies_us": [
    7327.038,
    6623.538,
    6736.192,
    6146.961,
    5187.038,
    4944.615,
    4551.461,
    5590.885,
    4959.23,
    4675.654,
    4648.577,
    5779.653,
    4368.577,
    4556.116,
    4314.769,
    6336.385,
    6167.0,
    8069.077,
    5895.231,
    6664.808,
    6885.423,
    5799.423,
    5831.962,
    5948.193,
    5889.808,
    4672.461,
    4641.539,
    5096.385,
    4940.769,
    4905.154,
    3994.577,
    4264.654,
    4433.885,
    4515.385,
    5018.077,
    4895.231,
    4833.808,
    4078.731,
    4458.654,
    4553.0,
    4613.192,
    4475.885,
    5342.692,
    4623.77,
    4851.27,
    3848.847,
    4404.692,
    4302.692,
    4569.346,
    5103.0
  ],
  "avg_retrieval_us": 5186.706200000001,
  "median_retrieval_us": 4905.154,
  "min_retrieval_us": 3848.847,
  "max_retrieval_us": 8069.077,
  "p50_retrieval_us": 4905.154,
  "p95_retrieval_us": 6885.423,
  "context_chars": 352,
  "context_tokens_est": 88,
  "synth_chars": 735,
  "synth_tokens_est": 183,
  "ram_before_kb": 161204,
  "ram_after_kb": 162772,
  "ram_delta_kb": 1568,
  "io_write_bytes_before": 4096,
  "io_write_bytes_after": 4096,
  "io_write_bytes_delta": 0
}