{
  "type": "storage_only",
  "timestamp": "2026-04-16T13:48:19.211158Z",
  "device": {
    "model": "moto g35 5G",
    "manufacturer": "motorola",
    "board": "manila",
    "hardware": "ums9620_2h10",
    "cpu_cores": 8,
    "ram_total_kb": 3497628,
    "android_version": "14",
    "sdk_int": 34,
    "abi": "arm64-v8a"
  },
  "backend": "Valkey-Precompute",
  "backend_key": "valkey-precompute",
  "readings_count": 200,
  "ingest_total_ms": 768.885499,
  "per_ingest_us": 3844.427495,
  "retrieval_samples": 50,
  "retrieval_latencies_us": [
    1364.846,
    1000.269,
    854.154,
    1168.576,
    1157.039,
    983.347,
    1093.039,
    1223.154,
    1072.423,
    1059.846,
    785.269,
    1079.154,
    1034.846,
    797.692,
    952.846,
    1120.5,
    713.462,
    1115.423,
    953.461,
    1069.5,
    1033.307,
    760.038,
    1039.769,
    1160.693,
    735.731,
    656.116,
    1398.423,
    1011.346,
    644.231,
    1027.731,
    828.692,
    833.731,
    990.615,
    704.962,
    629.577,
    1564.231,
    809.885,
    648.385,
    1011.23,
    660.807,
    869.769,
    958.731,
    694.307,
    630.731,
    1099.423,
    796.807,
    816.808,
    1033.808,
    804.962,
    838.731
  ],
  "avg_retrieval_us": 945.84846,
  "median_retrieval_us": 983.347,
  "min_retrieval_us": 629.577,
  "max_retrieval_us": 1564.231,
  "p50_retrieval_us": 983.347,
  "p95_retrieval_us": 1364.846,
  "context_chars": 248,
  "context_tokens_est": 62,
  "synth_chars": 815,
  "synth_tokens_est": 203,
  "ram_before_kb": 161228,
  "ram_after_kb": 162372,
  "ram_delta_kb": 1144,
  "io_write_bytes_before": 4096,
  "io_write_bytes_after": 4096,
  "io_write_bytes_delta": 0
}