{
  "type": "storage_only",
  "timestamp": "2026-04-16T13:48:36.784699Z",
  "device": {
    "model": "moto g35 5G",
    "manufacturer": "motorola",
    "board": "manila",
    "hardware": "ums9620_2h10",
    "cpu_cores": 8,
    "ram_total_kb": 3497628,
    "android_version": "14",
    "sdk_int": 34,
    "abi": "arm64-v8a"
  },
  "backend": "Valkey-Precompute",
  "backend_key": "valkey-precompute",
  "readings_count": 200,
  "ingest_total_ms": 764.236884,
  "per_ingest_us": 3821.18442,
  "retrieval_samples": 50,
  "retrieval_latencies_us": [
    1173.577,
    664.847,
    944.269,
    997.615,
    621.808,
    1246.73,
    953.962,
    1051.731,
    974.077,
    871.038,
    1023.769,
    1474.154,
    618.769,
    1374.5,
    635.385,
    1024.538,
    982.308,
    890.192,
    592.808,
    935.0,
    711.115,
    628.5,
    1059.769,
    591.154,
    1088.192,
    1175.039,
    706.884,
    645.193,
    958.731,
    752.231,
    628.039,
    1031.385,
    835.423,
    836.846,
    969.0,
    711.23,
    639.538,
    973.731,
    1074.462,
    607.731,
    1065.193,
    695.23,
    631.23,
    1022.0,
    760.154,
    648.077,
    1026.577,
    971.539,
    643.538,
    945.115
  ],
  "avg_retrieval_us": 881.6784599999999,
  "median_retrieval_us": 944.269,
  "min_retrieval_us": 591.154,
  "max_retrieval_us": 1474.154,
  "p50_retrieval_us": 944.269,
  "p95_retrieval_us": 1246.73,
  "context_chars": 248,
  "context_tokens_est": 62,
  "synth_chars": 815,
  "synth_tokens_est": 203,
  "ram_before_kb": 161480,
  "ram_after_kb": 162748,
  "ram_delta_kb": 1268,
  "io_write_bytes_before": 8192,
  "io_write_bytes_after": 8192,
  "io_write_bytes_delta": 0
}