{
  "type": "storage_only",
  "timestamp": "2026-04-16T13:48:42.590115Z",
  "device": {
    "model": "moto g35 5G",
    "manufacturer": "motorola",
    "board": "manila",
    "hardware": "ums9620_2h10",
    "cpu_cores": 8,
    "ram_total_kb": 3497628,
    "android_version": "14",
    "sdk_int": 34,
    "abi": "arm64-v8a"
  },
  "backend": "Valkey-Precompute",
  "backend_key": "valkey-precompute",
  "readings_count": 200,
  "ingest_total_ms": 781.602307,
  "per_ingest_us": 3908.011535,
  "retrieval_samples": 50,
  "retrieval_latencies_us": [
    1061.808,
    903.615,
    1058.616,
    1031.962,
    1157.384,
    1075.654,
    1414.962,
    892.846,
    1313.692,
    1031.0,
    745.038,
    1310.923,
    932.192,
    1276.5,
    995.884,
    773.269,
    1179.846,
    1345.961,
    751.615,
    1080.961,
    1245.0,
    912.769,
    1279.923,
    824.961,
    1039.346,
    1040.808,
    723.423,
    1195.154,
    1061.923,
    637.73,
    1272.116,
    826.538,
    1081.231,
    1014.23,
    679.923,
    1214.654,
    1036.846,
    640.077,
    1110.731,
    653.731,
    629.577,
    1005.077,
    724.847,
    616.154,
    1035.192,
    831.231,
    620.654,
    995.5,
    739.693,
    782.693
  ],
  "avg_retrieval_us": 976.1092000000001,
  "median_retrieval_us": 1031.0,
  "min_retrieval_us": 616.154,
  "max_retrieval_us": 1414.962,
  "p50_retrieval_us": 1031.0,
  "p95_retrieval_us": 1313.692,
  "context_chars": 248,
  "context_tokens_est": 62,
  "synth_chars": 815,
  "synth_tokens_est": 203,
  "ram_before_kb": 160848,
  "ram_after_kb": 162124,
  "ram_delta_kb": 1276,
  "io_write_bytes_before": 4096,
  "io_write_bytes_after": 4096,
  "io_write_bytes_delta": 0
}