{
  "type": "storage_only",
  "timestamp": "2026-04-16T13:48:13.413454Z",
  "device": {
    "model": "moto g35 5G",
    "manufacturer": "motorola",
    "board": "manila",
    "hardware": "ums9620_2h10",
    "cpu_cores": 8,
    "ram_total_kb": 3497628,
    "android_version": "14",
    "sdk_int": 34,
    "abi": "arm64-v8a"
  },
  "backend": "Valkey-Precompute",
  "backend_key": "valkey-precompute",
  "readings_count": 200,
  "ingest_total_ms": 744.799807,
  "per_ingest_us": 3723.999035,
  "retrieval_samples": 50,
  "retrieval_latencies_us": [
    1141.73,
    1006.807,
    999.076,
    1149.385,
    1021.038,
    1033.769,
    805.115,
    1140.346,
    1280.307,
    726.423,
    1174.346,
    896.847,
    1108.385,
    934.962,
    716.039,
    969.192,
    989.346,
    687.731,
    1283.77,
    684.077,
    1067.731,
    1056.538,
    682.807,
    1058.077,
    992.346,
    905.5,
    974.231,
    1031.615,
    874.577,
    1175.654,
    1022.577,
    612.115,
    848.0,
    1190.539,
    745.308,
    628.153,
    948.769,
    802.923,
    612.154,
    1015.346,
    744.962,
    827.5,
    994.654,
    795.616,
    730.385,
    1111.039,
    780.193,
    679.385,
    946.462,
    762.576
  ],
  "avg_retrieval_us": 927.3284600000002,
  "median_retrieval_us": 969.192,
  "min_retrieval_us": 612.115,
  "max_retrieval_us": 1283.77,
  "p50_retrieval_us": 969.192,
  "p95_retrieval_us": 1190.539,
  "context_chars": 248,
  "context_tokens_est": 62,
  "synth_chars": 815,
  "synth_tokens_est": 203,
  "ram_before_kb": 161264,
  "ram_after_kb": 162556,
  "ram_delta_kb": 1292,
  "io_write_bytes_before": 4096,
  "io_write_bytes_after": 4096,
  "io_write_bytes_delta": 0
}