{
  "type": "storage_only",
  "timestamp": "2026-04-16T13:48:54.239134Z",
  "device": {
    "model": "moto g35 5G",
    "manufacturer": "motorola",
    "board": "manila",
    "hardware": "ums9620_2h10",
    "cpu_cores": 8,
    "ram_total_kb": 3497628,
    "android_version": "14",
    "sdk_int": 34,
    "abi": "arm64-v8a"
  },
  "backend": "Valkey-Precompute",
  "backend_key": "valkey-precompute",
  "readings_count": 200,
  "ingest_total_ms": 795.488768,
  "per_ingest_us": 3977.44384,
  "retrieval_samples": 50,
  "retrieval_latencies_us": [
    1235.885,
    1145.654,
    1197.5,
    1018.73,
    923.269,
    1289.538,
    1090.73,
    1099.5,
    1002.769,
    1148.884,
    1026.577,
    961.576,
    846.346,
    1247.424,
    1000.616,
    684.885,
    1033.654,
    1215.269,
    852.5,
    1067.461,
    855.153,
    1246.693,
    942.308,
    681.384,
    1578.0,
    712.77,
    1090.654,
    1011.077,
    879.038,
    754.961,
    1562.654,
    1247.807,
    862.384,
    1544.0,
    1308.769,
    846.539,
    1199.231,
    743.077,
    625.385,
    1573.192,
    1511.654,
    631.0,
    1443.807,
    887.308,
    1596.846,
    678.5,
    670.0,
    1596.653,
    1209.731,
    665.384
  ],
  "avg_retrieval_us": 1064.8945199999998,
  "median_retrieval_us": 1033.654,
  "min_retrieval_us": 625.385,
  "max_retrieval_us": 1596.846,
  "p50_retrieval_us": 1033.654,
  "p95_retrieval_us": 1578.0,
  "context_chars": 248,
  "context_tokens_est": 62,
  "synth_chars": 815,
  "synth_tokens_est": 203,
  "ram_before_kb": 161300,
  "ram_after_kb": 162512,
  "ram_delta_kb": 1212,
  "io_write_bytes_before": 0,
  "io_write_bytes_after": 0,
  "io_write_bytes_delta": 0
}