{
  "type": "storage_only",
  "timestamp": "2026-04-16T13:48:48.408199Z",
  "device": {
    "model": "moto g35 5G",
    "manufacturer": "motorola",
    "board": "manila",
    "hardware": "ums9620_2h10",
    "cpu_cores": 8,
    "ram_total_kb": 3497628,
    "android_version": "14",
    "sdk_int": 34,
    "abi": "arm64-v8a"
  },
  "backend": "Valkey-Precompute",
  "backend_key": "valkey-precompute",
  "readings_count": 200,
  "ingest_total_ms": 753.472846,
  "per_ingest_us": 3767.36423,
  "retrieval_samples": 50,
  "retrieval_latencies_us": [
    1272.692,
    664.577,
    994.269,
    1019.885,
    714.693,
    972.923,
    1031.846,
    724.346,
    913.808,
    616.192,
    1063.654,
    755.538,
    642.692,
    1022.423,
    751.0,
    654.961,
    894.0,
    714.231,
    643.807,
    980.308,
    766.115,
    625.731,
    992.539,
    692.307,
    653.461,
    978.731,
    760.077,
    636.423,
    1016.847,
    982.038,
    809.192,
    907.807,
    734.0,
    651.5,
    936.423,
    757.077,
    631.116,
    1017.347,
    596.962,
    644.808,
    995.923,
    704.731,
    629.23,
    1060.692,
    778.154,
    659.192,
    1031.692,
    720.77,
    816.154,
    934.577
  ],
  "avg_retrieval_us": 823.3892200000004,
  "median_retrieval_us": 766.115,
  "min_retrieval_us": 596.962,
  "max_retrieval_us": 1272.692,
  "p50_retrieval_us": 766.115,
  "p95_retrieval_us": 1060.692,
  "context_chars": 248,
  "context_tokens_est": 62,
  "synth_chars": 815,
  "synth_tokens_est": 203,
  "ram_before_kb": 161388,
  "ram_after_kb": 162604,
  "ram_delta_kb": 1216,
  "io_write_bytes_before": 0,
  "io_write_bytes_after": 0,
  "io_write_bytes_delta": 0
}