{
  "type": "storage_only",
  "timestamp": "2026-04-16T13:48:25.062223Z",
  "device": {
    "model": "moto g35 5G",
    "manufacturer": "motorola",
    "board": "manila",
    "hardware": "ums9620_2h10",
    "cpu_cores": 8,
    "ram_total_kb": 3497628,
    "android_version": "14",
    "sdk_int": 34,
    "abi": "arm64-v8a"
  },
  "backend": "Valkey-Precompute",
  "backend_key": "valkey-precompute",
  "readings_count": 200,
  "ingest_total_ms": 737.553,
  "per_ingest_us": 3687.765,
  "retrieval_samples": 50,
  "retrieval_latencies_us": [
    975.577,
    625.615,
    963.462,
    1002.077,
    681.885,
    1025.346,
    982.23,
    684.539,
    975.0,
    1028.769,
    676.231,
    1022.077,
    694.5,
    648.115,
    963.346,
    725.269,
    634.5,
    1102.538,
    800.039,
    617.269,
    1018.5,
    758.154,
    806.539,
    1189.384,
    999.577,
    656.923,
    1069.693,
    1001.346,
    821.808,
    1060.192,
    865.846,
    649.269,
    1050.385,
    721.615,
    596.808,
    1084.5,
    742.385,
    768.769,
    980.039,
    722.0,
    816.692,
    966.347,
    771.115,
    616.923,
    888.923,
    778.808,
    1036.923,
    722.0,
    618.885,
    1049.807
  ],
  "avg_retrieval_us": 853.17078,
  "median_retrieval_us": 821.808,
  "min_retrieval_us": 596.808,
  "max_retrieval_us": 1189.384,
  "p50_retrieval_us": 821.808,
  "p95_retrieval_us": 1084.5,
  "context_chars": 248,
  "context_tokens_est": 62,
  "synth_chars": 815,
  "synth_tokens_est": 203,
  "ram_before_kb": 161432,
  "ram_after_kb": 162756,
  "ram_delta_kb": 1324,
  "io_write_bytes_before": 4096,
  "io_write_bytes_after": 4096,
  "io_write_bytes_delta": 0
}