{
  "type": "storage_only",
  "timestamp": "2026-04-16T13:48:01.859353Z",
  "device": {
    "model": "moto g35 5G",
    "manufacturer": "motorola",
    "board": "manila",
    "hardware": "ums9620_2h10",
    "cpu_cores": 8,
    "ram_total_kb": 3497628,
    "android_version": "14",
    "sdk_int": 34,
    "abi": "arm64-v8a"
  },
  "backend": "Valkey-Precompute",
  "backend_key": "valkey-precompute",
  "readings_count": 200,
  "ingest_total_ms": 789.668461,
  "per_ingest_us": 3948.342305,
  "retrieval_samples": 50,
  "retrieval_latencies_us": [
    1021.192,
    921.231,
    1196.0,
    1158.038,
    884.038,
    1411.693,
    1106.307,
    968.731,
    1174.231,
    1127.769,
    1000.923,
    1247.039,
    829.616,
    1378.346,
    996.231,
    840.346,
    1027.423,
    982.846,
    1162.461,
    1140.461,
    944.654,
    1016.192,
    940.116,
    883.885,
    1098.346,
    1192.5,
    666.269,
    1286.5,
    657.5,
    1041.153,
    1035.462,
    920.5,
    1007.807,
    1235.731,
    651.231,
    1009.808,
    595.808,
    1319.038,
    769.962,
    886.923,
    960.346,
    1247.847,
    587.846,
    1091.731,
    892.847,
    917.846,
    953.038,
    720.269,
    860.307,
    1025.116
  ],
  "avg_retrieval_us": 999.8299999999998,
  "median_retrieval_us": 1007.807,
  "min_retrieval_us": 587.846,
  "max_retrieval_us": 1411.693,
  "p50_retrieval_us": 1007.807,
  "p95_retrieval_us": 1319.038,
  "context_chars": 248,
  "context_tokens_est": 62,
  "synth_chars": 815,
  "synth_tokens_est": 203,
  "ram_before_kb": 161732,
  "ram_after_kb": 162812,
  "ram_delta_kb": 1080,
  "io_write_bytes_before": 4096,
  "io_write_bytes_after": 4096,
  "io_write_bytes_delta": 0
}