{
  "type": "storage_only",
  "timestamp": "2026-04-16T13:48:07.668884Z",
  "device": {
    "model": "moto g35 5G",
    "manufacturer": "motorola",
    "board": "manila",
    "hardware": "ums9620_2h10",
    "cpu_cores": 8,
    "ram_total_kb": 3497628,
    "android_version": "14",
    "sdk_int": 34,
    "abi": "arm64-v8a"
  },
  "backend": "Valkey-Precompute",
  "backend_key": "valkey-precompute",
  "readings_count": 200,
  "ingest_total_ms": 797.631961,
  "per_ingest_us": 3988.159805,
  "retrieval_samples": 50,
  "retrieval_latencies_us": [
    1460.808,
    846.384,
    1018.577,
    1041.654,
    1379.115,
    1040.923,
    1108.385,
    1330.847,
    720.346,
    1192.615,
    973.846,
    1225.577,
    1034.961,
    972.385,
    951.346,
    1173.577,
    702.808,
    928.385,
    900.269,
    1357.615,
    654.5,
    1344.808,
    771.885,
    1256.692,
    930.385,
    926.538,
    965.346,
    1336.615,
    630.0,
    1233.347,
    779.692,
    1288.654,
    963.5,
    932.462,
    571.346,
    1056.307,
    571.038,
    1084.0,
    820.384,
    851.308,
    1020.923,
    684.731,
    807.154,
    1150.346,
    1109.423,
    589.693,
    1058.0,
    746.577,
    1059.884,
    561.116
  ],
  "avg_retrieval_us": 982.3415399999999,
  "median_retrieval_us": 973.846,
  "min_retrieval_us": 561.116,
  "max_retrieval_us": 1460.808,
  "p50_retrieval_us": 973.846,
  "p95_retrieval_us": 1357.615,
  "context_chars": 248,
  "context_tokens_est": 62,
  "synth_chars": 815,
  "synth_tokens_est": 203,
  "ram_before_kb": 161372,
  "ram_after_kb": 162692,
  "ram_delta_kb": 1320,
  "io_write_bytes_before": 4096,
  "io_write_bytes_after": 4096,
  "io_write_bytes_delta": 0
}