{
  "type": "storage_only",
  "timestamp": "2026-04-16T13:48:30.937391Z",
  "device": {
    "model": "moto g35 5G",
    "manufacturer": "motorola",
    "board": "manila",
    "hardware": "ums9620_2h10",
    "cpu_cores": 8,
    "ram_total_kb": 3497628,
    "android_version": "14",
    "sdk_int": 34,
    "abi": "arm64-v8a"
  },
  "backend": "Valkey-Precompute",
  "backend_key": "valkey-precompute",
  "readings_count": 200,
  "ingest_total_ms": 755.481384,
  "per_ingest_us": 3777.40692,
  "retrieval_samples": 50,
  "retrieval_latencies_us": [
    993.346,
    716.923,
    1432.808,
    655.116,
    1407.962,
    700.154,
    1586.5,
    1463.924,
    675.308,
    1569.077,
    1536.653,
    727.154,
    1576.192,
    1313.384,
    686.769,
    1630.654,
    1257.269,
    689.924,
    1585.692,
    1239.731,
    664.616,
    1575.654,
    1225.423,
    667.615,
    1227.5,
    614.77,
    1202.731,
    672.73,
    1264.423,
    687.654,
    1254.577,
    782.808,
    611.654,
    1070.693,
    1382.423,
    634.846,
    1362.077,
    804.346,
    1278.962,
    790.0,
    645.346,
    900.885,
    938.347,
    801.077,
    1007.27,
    715.462,
    811.308,
    962.923,
    714.231,
    627.923
  ],
  "avg_retrieval_us": 1026.8962799999997,
  "median_retrieval_us": 962.923,
  "min_retrieval_us": 611.654,
  "max_retrieval_us": 1630.654,
  "p50_retrieval_us": 962.923,
  "p95_retrieval_us": 1585.692,
  "context_chars": 248,
  "context_tokens_est": 62,
  "synth_chars": 815,
  "synth_tokens_est": 203,
  "ram_before_kb": 162400,
  "ram_after_kb": 163528,
  "ram_delta_kb": 1128,
  "io_write_bytes_before": 4096,
  "io_write_bytes_after": 4096,
  "io_write_bytes_delta": 0
}