{
  "type": "storage_only",
  "timestamp": "2026-04-16T13:55:00.296759Z",
  "device": {
    "model": "moto g35 5G",
    "manufacturer": "motorola",
    "board": "manila",
    "hardware": "ums9620_2h10",
    "cpu_cores": 8,
    "ram_total_kb": 3497628,
    "android_version": "14",
    "sdk_int": 34,
    "abi": "arm64-v8a"
  },
  "backend": "LMDB",
  "backend_key": "lmdb",
  "readings_count": 200,
  "ingest_total_ms": 65.869808,
  "per_ingest_us": 329.34904,
  "retrieval_samples": 50,
  "retrieval_latencies_us": [
    1949.192,
    1865.462,
    1805.846,
    2083.423,
    1979.231,
    1852.731,
    1857.615,
    1704.154,
    1796.346,
    2082.769,
    2064.231,
    1839.962,
    1833.27,
    1719.269,
    1881.346,
    2468.115,
    1997.0,
    2048.5,
    1830.923,
    1677.885,
    2101.962,
    2044.308,
    1992.269,
    1831.615,
    1793.115,
    1711.077,
    2115.923,
    1893.654,
    1920.5,
    1835.077,
    1682.308,
    1720.039,
    2114.731,
    1926.654,
    1864.654,
    1860.269,
    1704.961,
    1802.346,
    1995.808,
    1902.308,
    1866.577,
    1709.5,
    1670.307,
    1834.231,
    1913.692,
    1866.269,
    1850.769,
    1722.115,
    1691.5,
    1712.385
  ],
  "avg_retrieval_us": 1879.76386,
  "median_retrieval_us": 1860.269,
  "min_retrieval_us": 1670.307,
  "max_retrieval_us": 2468.115,
  "p50_retrieval_us": 1860.269,
  "p95_retrieval_us": 2114.731,
  "context_chars": 315,
  "context_tokens_est": 78,
  "synth_chars": 815,
  "synth_tokens_est": 203,
  "ram_before_kb": 116972,
  "ram_after_kb": 153592,
  "ram_delta_kb": 36620,
  "io_write_bytes_before": 0,
  "io_write_bytes_after": 0,
  "io_write_bytes_delta": 0
}