{
  "type": "storage_only",
  "timestamp": "2026-04-16T13:55:24.322207Z",
  "device": {
    "model": "moto g35 5G",
    "manufacturer": "motorola",
    "board": "manila",
    "hardware": "ums9620_2h10",
    "cpu_cores": 8,
    "ram_total_kb": 3497628,
    "android_version": "14",
    "sdk_int": 34,
    "abi": "arm64-v8a"
  },
  "backend": "LMDB",
  "backend_key": "lmdb",
  "readings_count": 200,
  "ingest_total_ms": 75.507615,
  "per_ingest_us": 377.538075,
  "retrieval_samples": 50,
  "retrieval_latencies_us": [
    1996.808,
    2000.115,
    2804.038,
    2293.346,
    2585.346,
    1988.692,
    2180.154,
    2216.038,
    2117.847,
    2074.961,
    2024.423,
    2093.154,
    2331.231,
    2188.192,
    2081.23,
    1994.577,
    1913.577,
    2346.5,
    2212.0,
    2130.693,
    2004.538,
    2026.923,
    2332.27,
    2466.192,
    2202.807,
    1969.077,
    1959.846,
    2249.884,
    2331.308,
    2058.769,
    1985.077,
    1898.961,
    2145.385,
    2117.923,
    2080.153,
    2025.577,
    1955.27,
    2003.923,
    2155.692,
    2025.654,
    2014.462,
    1888.038,
    1947.115,
    2111.961,
    2219.692,
    2117.923,
    1968.154,
    2041.076,
    2022.23,
    2208.462
  ],
  "avg_retrieval_us": 2122.145279999999,
  "median_retrieval_us": 2081.23,
  "min_retrieval_us": 1888.038,
  "max_retrieval_us": 2804.038,
  "p50_retrieval_us": 2081.23,
  "p95_retrieval_us": 2466.192,
  "context_chars": 315,
  "context_tokens_est": 78,
  "synth_chars": 815,
  "synth_tokens_est": 203,
  "ram_before_kb": 117184,
  "ram_after_kb": 154432,
  "ram_delta_kb": 37248,
  "io_write_bytes_before": 0,
  "io_write_bytes_after": 0,
  "io_write_bytes_delta": 0
}