{
  "type": "storage_only",
  "timestamp": "2026-04-16T13:54:54.358633Z",
  "device": {
    "model": "moto g35 5G",
    "manufacturer": "motorola",
    "board": "manila",
    "hardware": "ums9620_2h10",
    "cpu_cores": 8,
    "ram_total_kb": 3497628,
    "android_version": "14",
    "sdk_int": 34,
    "abi": "arm64-v8a"
  },
  "backend": "LMDB",
  "backend_key": "lmdb",
  "readings_count": 200,
  "ingest_total_ms": 76.134961,
  "per_ingest_us": 380.674805,
  "retrieval_samples": 50,
  "retrieval_latencies_us": [
    2291.692,
    2104.692,
    1949.384,
    1966.769,
    2658.192,
    2408.73,
    2542.538,
    2040.461,
    2158.962,
    2371.077,
    2344.231,
    2115.616,
    1982.115,
    2053.692,
    2281.577,
    2306.923,
    2033.423,
    1971.654,
    1929.077,
    2293.115,
    2318.731,
    2155.961,
    2056.808,
    1983.462,
    2283.884,
    2354.385,
    2141.461,
    1989.923,
    1987.962,
    2279.192,
    2257.923,
    2102.269,
    2032.846,
    1937.307,
    2137.654,
    2196.693,
    2087.654,
    2045.231,
    1981.192,
    2111.193,
    2260.653,
    2079.538,
    2052.0,
    2015.385,
    2024.077,
    2097.308,
    2276.423,
    2066.961,
    1952.807,
    1943.808
  ],
  "avg_retrieval_us": 2140.2922200000003,
  "median_retrieval_us": 2102.269,
  "min_retrieval_us": 1929.077,
  "max_retrieval_us": 2658.192,
  "p50_retrieval_us": 2102.269,
  "p95_retrieval_us": 2408.73,
  "context_chars": 315,
  "context_tokens_est": 78,
  "synth_chars": 815,
  "synth_tokens_est": 203,
  "ram_before_kb": 118648,
  "ram_after_kb": 154304,
  "ram_delta_kb": 35656,
  "io_write_bytes_before": 53248,
  "io_write_bytes_after": 77824,
  "io_write_bytes_delta": 24576
}