{
  "type": "storage_only",
  "timestamp": "2026-04-16T13:55:06.316270Z",
  "device": {
    "model": "moto g35 5G",
    "manufacturer": "motorola",
    "board": "manila",
    "hardware": "ums9620_2h10",
    "cpu_cores": 8,
    "ram_total_kb": 3497628,
    "android_version": "14",
    "sdk_int": 34,
    "abi": "arm64-v8a"
  },
  "backend": "LMDB",
  "backend_key": "lmdb",
  "readings_count": 200,
  "ingest_total_ms": 75.345846,
  "per_ingest_us": 376.72923,
  "retrieval_samples": 50,
  "retrieval_latencies_us": [
    2327.462,
    2025.77,
    1903.692,
    2062.115,
    2722.577,
    2269.192,
    2346.154,
    2003.808,
    2092.654,
    2225.116,
    2181.808,
    2061.616,
    1956.923,
    1963.5,
    2622.423,
    2179.231,
    2060.115,
    1917.5,
    1947.23,
    2352.616,
    2175.269,
    2158.192,
    1981.193,
    1929.038,
    2215.077,
    2403.461,
    2207.577,
    2039.73,
    1921.615,
    2176.923,
    2153.307,
    2115.884,
    1948.0,
    1948.846,
    1962.769,
    2245.115,
    2069.616,
    2157.115,
    1920.385,
    1958.962,
    2230.961,
    2228.77,
    2062.385,
    2019.692,
    2000.923,
    2366.5,
    2080.846,
    1887.423,
    1930.231,
    1877.654
  ],
  "avg_retrieval_us": 2111.89922,
  "median_retrieval_us": 2069.616,
  "min_retrieval_us": 1877.654,
  "max_retrieval_us": 2722.577,
  "p50_retrieval_us": 2069.616,
  "p95_retrieval_us": 2403.461,
  "context_chars": 315,
  "context_tokens_est": 78,
  "synth_chars": 815,
  "synth_tokens_est": 203,
  "ram_before_kb": 118332,
  "ram_after_kb": 154116,
  "ram_delta_kb": 35784,
  "io_write_bytes_before": 0,
  "io_write_bytes_after": 0,
  "io_write_bytes_delta": 0
}