{
  "type": "storage_only",
  "timestamp": "2026-04-16T13:55:30.319961Z",
  "device": {
    "model": "moto g35 5G",
    "manufacturer": "motorola",
    "board": "manila",
    "hardware": "ums9620_2h10",
    "cpu_cores": 8,
    "ram_total_kb": 3497628,
    "android_version": "14",
    "sdk_int": 34,
    "abi": "arm64-v8a"
  },
  "backend": "LMDB",
  "backend_key": "lmdb",
  "readings_count": 200,
  "ingest_total_ms": 66.121077,
  "per_ingest_us": 330.605385,
  "retrieval_samples": 50,
  "retrieval_latencies_us": [
    2364.654,
    1967.0,
    1867.038,
    1795.385,
    2129.269,
    2025.308,
    2002.231,
    1830.693,
    1780.5,
    1680.807,
    2106.423,
    2035.961,
    1964.769,
    1901.193,
    1777.654,
    1710.962,
    2071.885,
    1926.961,
    1832.461,
    1683.269,
    1707.346,
    1712.615,
    2274.154,
    2119.385,
    2250.73,
    1909.308,
    1747.654,
    1957.962,
    2051.192,
    1881.193,
    1855.693,
    1666.654,
    1647.693,
    1909.539,
    1915.808,
    1976.847,
    1791.5,
    1721.077,
    1668.308,
    1899.923,
    1927.654,
    1950.461,
    1809.346,
    1721.923,
    1699.385,
    1832.077,
    1940.808,
    1831.923,
    1798.039,
    1676.5
  ],
  "avg_retrieval_us": 1886.1424,
  "median_retrieval_us": 1881.193,
  "min_retrieval_us": 1647.693,
  "max_retrieval_us": 2364.654,
  "p50_retrieval_us": 1881.193,
  "p95_retrieval_us": 2250.73,
  "context_chars": 315,
  "context_tokens_est": 78,
  "synth_chars": 815,
  "synth_tokens_est": 203,
  "ram_before_kb": 116216,
  "ram_after_kb": 155456,
  "ram_delta_kb": 39240,
  "io_write_bytes_before": 53248,
  "io_write_bytes_after": 77824,
  "io_write_bytes_delta": 24576
}