{
  "type": "storage_only",
  "timestamp": "2026-04-16T13:55:48.445499Z",
  "device": {
    "model": "moto g35 5G",
    "manufacturer": "motorola",
    "board": "manila",
    "hardware": "ums9620_2h10",
    "cpu_cores": 8,
    "ram_total_kb": 3497628,
    "android_version": "14",
    "sdk_int": 34,
    "abi": "arm64-v8a"
  },
  "backend": "LMDB",
  "backend_key": "lmdb",
  "readings_count": 200,
  "ingest_total_ms": 76.530077,
  "per_ingest_us": 382.650385,
  "retrieval_samples": 50,
  "retrieval_latencies_us": [
    2011.923,
    2303.884,
    2358.5,
    2045.653,
    1984.039,
    1936.308,
    2214.962,
    2543.27,
    2521.154,
    2080.538,
    1958.5,
    2381.115,
    2216.577,
    2111.154,
    1933.807,
    1958.885,
    2200.384,
    2278.154,
    2103.731,
    2041.769,
    1931.654,
    2057.653,
    2375.884,
    2111.692,
    2048.616,
    2012.577,
    1960.077,
    2431.923,
    2190.039,
    2063.731,
    1966.807,
    1867.077,
    2150.616,
    2128.769,
    2033.423,
    2042.539,
    1966.308,
    2013.077,
    2243.731,
    2054.692,
    2032.0,
    1923.384,
    1904.193,
    2142.269,
    2203.616,
    2010.23,
    1938.769,
    1898.577,
    2144.616,
    2021.654
  ],
  "avg_retrieval_us": 2101.0899999999997,
  "median_retrieval_us": 2054.692,
  "min_retrieval_us": 1867.077,
  "max_retrieval_us": 2543.27,
  "p50_retrieval_us": 2054.692,
  "p95_retrieval_us": 2431.923,
  "context_chars": 315,
  "context_tokens_est": 78,
  "synth_chars": 815,
  "synth_tokens_est": 203,
  "ram_before_kb": 117860,
  "ram_after_kb": 154068,
  "ram_delta_kb": 36208,
  "io_write_bytes_before": 53248,
  "io_write_bytes_after": 77824,
  "io_write_bytes_delta": 24576
}