{
  "type": "storage_only",
  "timestamp": "2026-04-16T13:55:12.276594Z",
  "device": {
    "model": "moto g35 5G",
    "manufacturer": "motorola",
    "board": "manila",
    "hardware": "ums9620_2h10",
    "cpu_cores": 8,
    "ram_total_kb": 3497628,
    "android_version": "14",
    "sdk_int": 34,
    "abi": "arm64-v8a"
  },
  "backend": "LMDB",
  "backend_key": "lmdb",
  "readings_count": 200,
  "ingest_total_ms": 66.667192,
  "per_ingest_us": 333.33596,
  "retrieval_samples": 50,
  "retrieval_latencies_us": [
    2033.769,
    1982.846,
    2126.769,
    1987.846,
    1896.962,
    1884.0,
    1797.384,
    2054.808,
    2126.269,
    1940.461,
    1910.769,
    1795.346,
    1712.423,
    2103.693,
    2047.615,
    1930.385,
    1818.385,
    1709.115,
    1707.423,
    2119.5,
    2536.116,
    2318.0,
    2064.577,
    1824.962,
    2108.269,
    2226.808,
    1871.385,
    1896.73,
    1780.885,
    1841.5,
    2152.346,
    1978.23,
    1964.885,
    1777.116,
    1713.269,
    1984.923,
    1967.461,
    2043.616,
    1887.538,
    1860.116,
    1744.654,
    2033.884,
    1939.231,
    1911.346,
    1853.461,
    1729.846,
    1747.654,
    1915.077,
    1952.846,
    1853.154
  ],
  "avg_retrieval_us": 1943.3130599999997,
  "median_retrieval_us": 1930.385,
  "min_retrieval_us": 1707.423,
  "max_retrieval_us": 2536.116,
  "p50_retrieval_us": 1930.385,
  "p95_retrieval_us": 2226.808,
  "context_chars": 315,
  "context_tokens_est": 78,
  "synth_chars": 815,
  "synth_tokens_est": 203,
  "ram_before_kb": 116908,
  "ram_after_kb": 153316,
  "ram_delta_kb": 36408,
  "io_write_bytes_before": 0,
  "io_write_bytes_after": 0,
  "io_write_bytes_delta": 0
}