{
  "type": "storage_only",
  "timestamp": "2026-04-16T13:55:42.419791Z",
  "device": {
    "model": "moto g35 5G",
    "manufacturer": "motorola",
    "board": "manila",
    "hardware": "ums9620_2h10",
    "cpu_cores": 8,
    "ram_total_kb": 3497628,
    "android_version": "14",
    "sdk_int": 34,
    "abi": "arm64-v8a"
  },
  "backend": "LMDB",
  "backend_key": "lmdb",
  "readings_count": 200,
  "ingest_total_ms": 65.135462,
  "per_ingest_us": 325.67731,
  "retrieval_samples": 50,
  "retrieval_latencies_us": [
    1822.077,
    1907.385,
    2268.73,
    2002.923,
    1833.039,
    1699.076,
    1690.346,
    2142.308,
    2053.923,
    1947.846,
    1829.731,
    1705.923,
    1850.346,
    2119.961,
    1949.153,
    1910.885,
    1678.808,
    1681.23,
    1858.731,
    2438.462,
    2041.538,
    2329.462,
    1831.423,
    1902.769,
    2187.5,
    1978.116,
    1815.269,
    1839.616,
    1733.039,
    1969.269,
    2029.807,
    1910.423,
    1836.924,
    1716.346,
    1656.231,
    1951.615,
    1977.538,
    1916.461,
    1886.154,
    1723.846,
    1728.924,
    1895.885,
    2091.116,
    1984.769,
    1817.692,
    1683.423,
    1682.115,
    1818.808,
    1948.462,
    1838.961
  ],
  "avg_retrieval_us": 1902.28768,
  "median_retrieval_us": 1895.885,
  "min_retrieval_us": 1656.231,
  "max_retrieval_us": 2438.462,
  "p50_retrieval_us": 1895.885,
  "p95_retrieval_us": 2268.73,
  "context_chars": 315,
  "context_tokens_est": 78,
  "synth_chars": 815,
  "synth_tokens_est": 203,
  "ram_before_kb": 117896,
  "ram_after_kb": 154080,
  "ram_delta_kb": 36184,
  "io_write_bytes_before": 53248,
  "io_write_bytes_after": 77824,
  "io_write_bytes_delta": 24576
}