{
  "type": "storage_only",
  "timestamp": "2026-04-16T13:55:36.389756Z",
  "device": {
    "model": "moto g35 5G",
    "manufacturer": "motorola",
    "board": "manila",
    "hardware": "ums9620_2h10",
    "cpu_cores": 8,
    "ram_total_kb": 3497628,
    "android_version": "14",
    "sdk_int": 34,
    "abi": "arm64-v8a"
  },
  "backend": "LMDB",
  "backend_key": "lmdb",
  "readings_count": 200,
  "ingest_total_ms": 75.696077,
  "per_ingest_us": 378.480385,
  "retrieval_samples": 50,
  "retrieval_latencies_us": [
    2263.307,
    2035.077,
    1956.962,
    2120.769,
    2700.192,
    2530.5,
    2165.769,
    2029.115,
    2253.423,
    2425.654,
    2309.769,
    2077.0,
    1961.654,
    2319.346,
    2269.0,
    2132.308,
    2031.423,
    1942.192,
    2145.807,
    2182.693,
    2257.615,
    2121.961,
    1989.461,
    2136.423,
    2223.153,
    2428.654,
    2224.731,
    2036.769,
    2125.923,
    2428.577,
    2175.308,
    2062.576,
    1991.307,
    1935.884,
    2294.539,
    2202.808,
    2059.115,
    1974.654,
    2022.923,
    2267.0,
    2202.769,
    2075.846,
    2045.539,
    1959.461,
    2151.0,
    2038.231,
    2069.346,
    1947.231,
    1991.731,
    2049.193
  ],
  "avg_retrieval_us": 2146.833760000001,
  "median_retrieval_us": 2125.923,
  "min_retrieval_us": 1935.884,
  "max_retrieval_us": 2700.192,
  "p50_retrieval_us": 2125.923,
  "p95_retrieval_us": 2428.654,
  "context_chars": 315,
  "context_tokens_est": 78,
  "synth_chars": 815,
  "synth_tokens_est": 203,
  "ram_before_kb": 117812,
  "ram_after_kb": 154132,
  "ram_delta_kb": 36320,
  "io_write_bytes_before": 53248,
  "io_write_bytes_after": 77824,
  "io_write_bytes_delta": 24576
}