{
  "type": "storage_only",
  "timestamp": "2026-04-16T13:55:18.321146Z",
  "device": {
    "model": "moto g35 5G",
    "manufacturer": "motorola",
    "board": "manila",
    "hardware": "ums9620_2h10",
    "cpu_cores": 8,
    "ram_total_kb": 3497628,
    "android_version": "14",
    "sdk_int": 34,
    "abi": "arm64-v8a"
  },
  "backend": "LMDB",
  "backend_key": "lmdb",
  "readings_count": 200,
  "ingest_total_ms": 75.651654,
  "per_ingest_us": 378.25827,
  "retrieval_samples": 50,
  "retrieval_latencies_us": [
    2203.231,
    2446.231,
    2179.539,
    2108.73,
    2000.462,
    2084.654,
    2668.961,
    2356.231,
    2241.193,
    2055.654,
    2302.231,
    2248.615,
    2153.73,
    2240.115,
    2024.692,
    2161.5,
    2344.692,
    2169.538,
    2071.0,
    1921.384,
    2131.038,
    2415.385,
    2214.039,
    2132.5,
    1960.0,
    2077.731,
    2241.577,
    2295.923,
    2053.884,
    2054.5,
    1957.692,
    2226.0,
    2197.538,
    2104.616,
    2000.654,
    2021.0,
    2260.346,
    2079.731,
    2086.154,
    1993.154,
    1999.847,
    2028.039,
    2215.769,
    2040.846,
    2100.116,
    2018.808,
    1975.538,
    2107.153,
    2059.231,
    1964.154
  ],
  "avg_retrieval_us": 2139.9069199999994,
  "median_retrieval_us": 2107.153,
  "min_retrieval_us": 1921.384,
  "max_retrieval_us": 2668.961,
  "p50_retrieval_us": 2107.153,
  "p95_retrieval_us": 2415.385,
  "context_chars": 315,
  "context_tokens_est": 78,
  "synth_chars": 815,
  "synth_tokens_est": 203,
  "ram_before_kb": 117704,
  "ram_after_kb": 154120,
  "ram_delta_kb": 36416,
  "io_write_bytes_before": 53248,
  "io_write_bytes_after": 77824,
  "io_write_bytes_delta": 24576
}