{
  "type": "storage_only",
  "timestamp": "2026-04-16T07:34:36.616118Z",
  "device": {
    "model": "moto g35 5G",
    "manufacturer": "motorola",
    "board": "manila",
    "hardware": "ums9620_2h10",
    "cpu_cores": 8,
    "ram_total_kb": 3497628,
    "android_version": "14",
    "sdk_int": 34,
    "abi": "arm64-v8a"
  },
  "backend": "ObjectBox",
  "backend_key": "objectbox",
  "readings_count": 200,
  "ingest_total_ms": 580.369808,
  "per_ingest_us": 2901.84904,
  "retrieval_latencies_us": [
    3083.462,
    2366.038,
    2350.308,
    2306.539,
    2329.115,
    2336.308,
    2275.077,
    2360.577,
    2292.962,
    2283.539
  ],
  "avg_retrieval_us": 2398.3925000000004,
  "min_retrieval_us": 2275.077,
  "max_retrieval_us": 3083.462,
  "p50_retrieval_us": 2336.308,
  "p95_retrieval_us": 3083.462,
  "context_chars": 315,
  "context_tokens_est": 78,
  "synth_chars": 815,
  "synth_tokens_est": 203,
  "ram_before_kb": 126668,
  "ram_after_kb": 168536,
  "ram_delta_kb": 41868,
  "io_write_bytes_before": 118784,
  "io_write_bytes_after": 18464768,
  "io_write_bytes_delta": 18345984
}