{
  "type": "storage_only",
  "timestamp": "2026-04-16T12:50:35.671318Z",
  "device": {
    "model": "moto g35 5G",
    "manufacturer": "motorola",
    "board": "manila",
    "hardware": "ums9620_2h10",
    "cpu_cores": 8,
    "ram_total_kb": 3497628,
    "android_version": "14",
    "sdk_int": 34,
    "abi": "arm64-v8a"
  },
  "backend": "ObjectBox",
  "backend_key": "objectbox",
  "readings_count": 200,
  "ingest_total_ms": 585.382422,
  "per_ingest_us": 2926.91211,
  "retrieval_samples": 50,
  "retrieval_latencies_us": [
    2576.193,
    2552.385,
    2499.423,
    2606.808,
    2536.308,
    2539.962,
    2506.924,
    2544.077,
    2569.077,
    2499.884,
    2588.193,
    2690.308,
    2572.5,
    2491.885,
    2512.23,
    2465.923,
    2442.962,
    2466.808,
    2479.077,
    2441.0,
    2488.577,
    2426.039,
    2402.192,
    2492.346,
    2439.962,
    2593.231,
    2542.885,
    2426.0,
    2335.154,
    2022.654,
    1803.884,
    1801.193,
    1669.192,
    1536.384,
    1313.961,
    1379.23,
    1389.615,
    1161.154,
    1117.231,
    1182.5,
    1215.385,
    1131.923,
    986.346,
    1040.846,
    1077.5,
    930.654,
    941.577,
    911.808,
    902.231,
    901.692
  ],
  "avg_retrieval_us": 1982.9054599999997,
  "median_retrieval_us": 2439.962,
  "min_retrieval_us": 901.692,
  "max_retrieval_us": 2690.308,
  "p50_retrieval_us": 2439.962,
  "p95_retrieval_us": 2593.231,
  "context_chars": 315,
  "context_tokens_est": 78,
  "synth_chars": 815,
  "synth_tokens_est": 203,
  "ram_before_kb": 124240,
  "ram_after_kb": 166012,
  "ram_delta_kb": 41772,
  "io_write_bytes_before": 102400,
  "io_write_bytes_after": 18452480,
  "io_write_bytes_delta": 18350080
}