{
  "type": "storage_only",
  "timestamp": "2026-04-24T05:14:20.334295Z",
  "device": {
    "model": "moto g35 5G",
    "manufacturer": "motorola",
    "board": "manila",
    "hardware": "ums9620_2h10",
    "cpu_cores": 8,
    "ram_total_kb": 3497628,
    "android_version": "14",
    "sdk_int": 34,
    "abi": "arm64-v8a"
  },
  "backend": "ObjectBox",
  "backend_key": "objectbox",
  "readings_count": 400,
  "ingest_total_ms": 973.842768,
  "per_ingest_us": 2434.60692,
  "retrieval_samples": 100,
  "retrieval_latencies_us": [
    1254.346,
    1188.346,
    1126.654,
    1094.116,
    1049.577,
    936.885,
    922.5,
    824.577,
    859.461,
    836.039,
    876.654,
    842.5,
    884.461,
    831.0,
    837.615,
    831.346,
    837.154,
    789.077,
    817.115,
    809.384,
    865.73,
    818.461,
    842.654,
    908.154,
    890.538,
    877.577,
    858.654,
    899.654,
    847.577,
    868.039,
    804.808,
    820.308,
    853.807,
    903.884,
    815.346,
    868.577,
    879.5,
    848.193,
    875.077,
    863.346,
    867.539,
    881.347,
    839.423,
    847.154,
    899.577,
    856.346,
    854.961,
    816.693,
    850.884,
    853.269,
    830.884,
    809.5,
    815.461,
    858.769,
    796.962,
    867.576,
    864.577,
    832.808,
    804.5,
    830.923,
    833.423,
    797.039,
    776.231,
    846.077,
    864.616,
    836.192,
    795.077,
    784.077,
    839.615,
    856.846,
    840.423,
    827.23,
    812.423,
    805.0,
    807.885,
    790.154,
    858.577,
    804.577,
    814.961,
    804.884,
    835.653,
    809.346,
    795.27,
    842.731,
    818.346,
    799.769,
    858.384,
    784.923,
    865.808,
    782.038,
    836.115,
    762.269,
    797.462,
    807.769,
    788.5,
    812.077,
    802.115,
    792.692,
    829.961,
    787.269
  ],
  "avg_retrieval_us": 851.4164800000004,
  "median_retrieval_us": 837.154,
  "min_retrieval_us": 762.269,
  "max_retrieval_us": 1254.346,
  "p50_retrieval_us": 837.154,
  "p95_retrieval_us": 1049.577,
  "context_chars": 315,
  "context_tokens_est": 78,
  "synth_chars": 1445,
  "synth_tokens_est": 361,
  "ram_before_kb": 127444,
  "ram_after_kb": 165888,
  "ram_delta_kb": 38444,
  "io_write_bytes_before": 131072,
  "io_write_bytes_after": 37175296,
  "io_write_bytes_delta": 37044224
}