{
  "type": "storage_only",
  "timestamp": "2026-04-24T05:14:43.506877Z",
  "device": {
    "model": "moto g35 5G",
    "manufacturer": "motorola",
    "board": "manila",
    "hardware": "ums9620_2h10",
    "cpu_cores": 8,
    "ram_total_kb": 3497628,
    "android_version": "14",
    "sdk_int": 34,
    "abi": "arm64-v8a"
  },
  "backend": "ObjectBox",
  "backend_key": "objectbox",
  "readings_count": 400,
  "ingest_total_ms": 902.815268,
  "per_ingest_us": 2257.03817,
  "retrieval_samples": 100,
  "retrieval_latencies_us": [
    1289.308,
    1214.731,
    1164.923,
    1196.846,
    1203.923,
    1172.0,
    1158.154,
    1144.154,
    1058.615,
    954.115,
    898.077,
    909.962,
    824.615,
    798.462,
    820.539,
    813.116,
    827.807,
    793.616,
    802.346,
    817.462,
    871.923,
    797.692,
    819.846,
    885.731,
    865.192,
    837.923,
    811.846,
    833.423,
    810.654,
    826.615,
    774.692,
    796.962,
    814.577,
    854.961,
    798.0,
    832.462,
    851.0,
    830.462,
    819.693,
    805.231,
    829.615,
    841.308,
    806.269,
    814.654,
    873.116,
    812.153,
    827.346,
    814.346,
    844.693,
    852.884,
    828.154,
    817.462,
    869.615,
    820.193,
    830.923,
    843.269,
    841.808,
    842.269,
    813.193,
    847.192,
    836.0,
    797.231,
    787.347,
    853.193,
    817.961,
    832.269,
    813.846,
    807.385,
    856.154,
    823.115,
    797.423,
    883.884,
    841.423,
    832.539,
    786.769,
    782.846,
    796.885,
    773.769,
    813.884,
    775.539,
    843.731,
    806.231,
    811.654,
    855.154,
    802.23,
    864.115,
    852.846,
    803.693,
    826.884,
    757.192,
    810.539,
    748.539,
    820.5,
    823.0,
    757.115,
    814.384,
    789.154,
    788.192,
    810.5,
    813.884
  ],
  "avg_retrieval_us": 855.8111700000002,
  "median_retrieval_us": 823.115,
  "min_retrieval_us": 748.539,
  "max_retrieval_us": 1289.308,
  "p50_retrieval_us": 823.115,
  "p95_retrieval_us": 1172.0,
  "context_chars": 315,
  "context_tokens_est": 78,
  "synth_chars": 1445,
  "synth_tokens_est": 361,
  "ram_before_kb": 128352,
  "ram_after_kb": 165868,
  "ram_delta_kb": 37516,
  "io_write_bytes_before": 114688,
  "io_write_bytes_after": 37072896,
  "io_write_bytes_delta": 36958208
}