{
  "type": "storage_only",
  "timestamp": "2026-04-16T07:35:30.040850Z",
  "device": {
    "model": "moto g35 5G",
    "manufacturer": "motorola",
    "board": "manila",
    "hardware": "ums9620_2h10",
    "cpu_cores": 8,
    "ram_total_kb": 3497628,
    "android_version": "14",
    "sdk_int": 34,
    "abi": "arm64-v8a"
  },
  "backend": "ObjectBox",
  "backend_key": "objectbox",
  "readings_count": 200,
  "ingest_total_ms": 571.775192,
  "per_ingest_us": 2858.87596,
  "retrieval_latencies_us": [
    3122.923,
    2338.807,
    2373.731,
    2334.5,
    2312.269,
    2299.538,
    2289.885,
    2366.0,
    2376.192,
    2296.346
  ],
  "avg_retrieval_us": 2411.0191,
  "min_retrieval_us": 2289.885,
  "max_retrieval_us": 3122.923,
  "p50_retrieval_us": 2338.807,
  "p95_retrieval_us": 3122.923,
  "context_chars": 315,
  "context_tokens_est": 78,
  "synth_chars": 815,
  "synth_tokens_est": 203,
  "ram_before_kb": 126312,
  "ram_after_kb": 168564,
  "ram_delta_kb": 42252,
  "io_write_bytes_before": 106496,
  "io_write_bytes_after": 18444288,
  "io_write_bytes_delta": 18337792
}