{
  "type": "storage_only",
  "timestamp": "2026-04-24T05:14:26.051439Z",
  "device": {
    "model": "moto g35 5G",
    "manufacturer": "motorola",
    "board": "manila",
    "hardware": "ums9620_2h10",
    "cpu_cores": 8,
    "ram_total_kb": 3497628,
    "android_version": "14",
    "sdk_int": 34,
    "abi": "arm64-v8a"
  },
  "backend": "ObjectBox",
  "backend_key": "objectbox",
  "readings_count": 400,
  "ingest_total_ms": 909.897076,
  "per_ingest_us": 2274.74269,
  "retrieval_samples": 100,
  "retrieval_latencies_us": [
    1316.923,
    1224.154,
    1285.5,
    1187.654,
    1172.538,
    1204.192,
    1201.808,
    1149.423,
    1124.385,
    1088.5,
    1125.807,
    1009.154,
    937.885,
    901.077,
    836.846,
    807.154,
    806.962,
    806.192,
    802.231,
    782.038,
    843.884,
    825.769,
    810.5,
    888.577,
    860.539,
    836.423,
    852.961,
    833.346,
    848.693,
    801.0,
    787.384,
    795.654,
    794.462,
    806.153,
    881.5,
    846.115,
    847.0,
    805.962,
    851.076,
    869.731,
    857.847,
    909.307,
    847.384,
    828.385,
    820.462,
    798.115,
    793.308,
    812.885,
    794.346,
    813.308,
    789.923,
    816.692,
    829.116,
    796.461,
    831.731,
    878.346,
    783.615,
    854.461,
    786.154,
    798.346,
    794.385,
    805.884,
    774.039,
    758.154,
    834.461,
    848.962,
    816.23,
    781.616,
    810.731,
    816.384,
    788.153,
    806.654,
    847.962,
    796.654,
    808.961,
    776.192,
    781.154,
    764.077,
    733.962,
    801.346,
    788.654,
    800.693,
    798.615,
    804.885,
    813.423,
    850.731,
    786.5,
    765.692,
    838.769,
    783.769,
    766.615,
    783.0,
    793.231,
    761.961,
    794.885,
    802.961,
    772.846,
    794.653,
    798.846,
    796.154
  ],
  "avg_retrieval_us": 857.4018799999999,
  "median_retrieval_us": 810.5,
  "min_retrieval_us": 733.962,
  "max_retrieval_us": 1316.923,
  "p50_retrieval_us": 810.5,
  "p95_retrieval_us": 1201.808,
  "context_chars": 315,
  "context_tokens_est": 78,
  "synth_chars": 1445,
  "synth_tokens_est": 361,
  "ram_before_kb": 128924,
  "ram_after_kb": 166512,
  "ram_delta_kb": 37588,
  "io_write_bytes_before": 114688,
  "io_write_bytes_after": 37076992,
  "io_write_bytes_delta": 36962304
}