{
  "type": "storage_only",
  "timestamp": "2026-04-16T12:50:29.626019Z",
  "device": {
    "model": "moto g35 5G",
    "manufacturer": "motorola",
    "board": "manila",
    "hardware": "ums9620_2h10",
    "cpu_cores": 8,
    "ram_total_kb": 3497628,
    "android_version": "14",
    "sdk_int": 34,
    "abi": "arm64-v8a"
  },
  "backend": "ObjectBox",
  "backend_key": "objectbox",
  "readings_count": 200,
  "ingest_total_ms": 552.24573,
  "per_ingest_us": 2761.22865,
  "retrieval_samples": 50,
  "retrieval_latencies_us": [
    2342.461,
    2387.692,
    2326.346,
    2379.615,
    2494.193,
    2442.076,
    2345.692,
    2302.077,
    2299.962,
    2331.654,
    3456.807,
    2397.654,
    2329.269,
    2339.038,
    2324.346,
    2272.115,
    2258.961,
    2227.923,
    2222.385,
    2288.847,
    2281.885,
    2346.423,
    2271.5,
    2275.039,
    2390.538,
    2301.846,
    2355.115,
    2282.731,
    2289.115,
    2294.769,
    2304.461,
    2280.231,
    2246.27,
    2254.539,
    2201.77,
    2302.885,
    2207.0,
    2197.654,
    2270.115,
    2197.423,
    2304.038,
    2123.769,
    2154.808,
    2206.346,
    2234.538,
    2234.693,
    2230.346,
    2237.423,
    2178.538,
    2012.884
  ],
  "avg_retrieval_us": 2304.7561000000005,
  "median_retrieval_us": 2288.847,
  "min_retrieval_us": 2012.884,
  "max_retrieval_us": 3456.807,
  "p50_retrieval_us": 2288.847,
  "p95_retrieval_us": 2442.076,
  "context_chars": 315,
  "context_tokens_est": 78,
  "synth_chars": 815,
  "synth_tokens_est": 203,
  "ram_before_kb": 125020,
  "ram_after_kb": 165316,
  "ram_delta_kb": 40296,
  "io_write_bytes_before": 106496,
  "io_write_bytes_after": 18415616,
  "io_write_bytes_delta": 18309120
}