{
  "type": "storage_only",
  "timestamp": "2026-04-16T12:50:47.684772Z",
  "device": {
    "model": "moto g35 5G",
    "manufacturer": "motorola",
    "board": "manila",
    "hardware": "ums9620_2h10",
    "cpu_cores": 8,
    "ram_total_kb": 3497628,
    "android_version": "14",
    "sdk_int": 34,
    "abi": "arm64-v8a"
  },
  "backend": "ObjectBox",
  "backend_key": "objectbox",
  "readings_count": 200,
  "ingest_total_ms": 625.435422,
  "per_ingest_us": 3127.17711,
  "retrieval_samples": 50,
  "retrieval_latencies_us": [
    2470.192,
    2538.308,
    2599.769,
    2546.115,
    2720.385,
    2565.5,
    2483.231,
    2473.307,
    2504.116,
    2464.731,
    2551.577,
    2480.384,
    2542.039,
    2583.807,
    2612.962,
    2566.731,
    2476.885,
    2439.269,
    2292.884,
    1974.846,
    1924.192,
    1716.231,
    1594.846,
    1367.385,
    1489.5,
    1435.27,
    1274.923,
    1144.692,
    1194.192,
    1041.539,
    1167.423,
    1008.077,
    1037.308,
    950.231,
    1008.961,
    1036.961,
    944.385,
    995.423,
    960.5,
    975.462,
    933.269,
    892.231,
    900.846,
    887.884,
    916.077,
    921.577,
    899.615,
    920.615,
    878.576,
    871.539
  ],
  "avg_retrieval_us": 1663.5353600000005,
  "median_retrieval_us": 1435.27,
  "min_retrieval_us": 871.539,
  "max_retrieval_us": 2720.385,
  "p50_retrieval_us": 1435.27,
  "p95_retrieval_us": 2599.769,
  "context_chars": 315,
  "context_tokens_est": 78,
  "synth_chars": 815,
  "synth_tokens_est": 203,
  "ram_before_kb": 124956,
  "ram_after_kb": 165564,
  "ram_delta_kb": 40608,
  "io_write_bytes_before": 106496,
  "io_write_bytes_after": 18493440,
  "io_write_bytes_delta": 18386944
}