{
  "type": "storage_only",
  "timestamp": "2026-04-16T12:50:11.659750Z",
  "device": {
    "model": "moto g35 5G",
    "manufacturer": "motorola",
    "board": "manila",
    "hardware": "ums9620_2h10",
    "cpu_cores": 8,
    "ram_total_kb": 3497628,
    "android_version": "14",
    "sdk_int": 34,
    "abi": "arm64-v8a"
  },
  "backend": "ObjectBox",
  "backend_key": "objectbox",
  "readings_count": 200,
  "ingest_total_ms": 600.998346,
  "per_ingest_us": 3004.99173,
  "retrieval_samples": 50,
  "retrieval_latencies_us": [
    2520.23,
    2443.077,
    2575.923,
    2495.731,
    2535.461,
    2533.115,
    2431.27,
    2520.923,
    2485.962,
    2423.846,
    2467.5,
    2498.846,
    2505.884,
    2465.0,
    2434.154,
    2461.423,
    2443.962,
    2368.0,
    2429.885,
    2371.192,
    2445.423,
    2715.884,
    2160.039,
    2297.615,
    2057.924,
    1901.923,
    2082.5,
    1849.308,
    1520.616,
    1283.0,
    1237.269,
    1275.461,
    1114.807,
    1074.654,
    1038.231,
    1079.154,
    1029.731,
    1195.539,
    1089.884,
    949.115,
    992.885,
    895.808,
    911.423,
    853.423,
    875.5,
    875.577,
    843.73,
    821.923,
    882.077,
    869.384
  ],
  "avg_retrieval_us": 1792.62382,
  "median_retrieval_us": 2082.5,
  "min_retrieval_us": 821.923,
  "max_retrieval_us": 2715.884,
  "p50_retrieval_us": 2082.5,
  "p95_retrieval_us": 2535.461,
  "context_chars": 315,
  "context_tokens_est": 78,
  "synth_chars": 815,
  "synth_tokens_est": 203,
  "ram_before_kb": 122464,
  "ram_after_kb": 165688,
  "ram_delta_kb": 43224,
  "io_write_bytes_before": 106496,
  "io_write_bytes_after": 18468864,
  "io_write_bytes_delta": 18362368
}