{
  "type": "storage_only",
  "timestamp": "2026-04-16T12:50:17.615280Z",
  "device": {
    "model": "moto g35 5G",
    "manufacturer": "motorola",
    "board": "manila",
    "hardware": "ums9620_2h10",
    "cpu_cores": 8,
    "ram_total_kb": 3497628,
    "android_version": "14",
    "sdk_int": 34,
    "abi": "arm64-v8a"
  },
  "backend": "ObjectBox",
  "backend_key": "objectbox",
  "readings_count": 200,
  "ingest_total_ms": 565.619807,
  "per_ingest_us": 2828.099035,
  "retrieval_samples": 50,
  "retrieval_latencies_us": [
    2311.346,
    2247.423,
    2262.0,
    2376.116,
    2347.731,
    2330.115,
    2228.423,
    2311.846,
    2257.884,
    2315.23,
    2312.615,
    2318.384,
    2286.154,
    2290.115,
    2295.73,
    2325.731,
    2314.269,
    2267.577,
    2339.654,
    2303.308,
    2293.73,
    2336.769,
    2254.192,
    2345.731,
    2421.731,
    2333.923,
    2332.423,
    2271.038,
    2393.461,
    2323.885,
    2280.347,
    2289.731,
    2302.808,
    2332.116,
    2168.038,
    2286.462,
    2228.538,
    2277.193,
    2263.885,
    2266.154,
    2402.5,
    2243.308,
    2276.846,
    2191.846,
    2256.654,
    2264.231,
    2188.461,
    2433.692,
    2376.962,
    2260.0
  ],
  "avg_retrieval_us": 2298.76612,
  "median_retrieval_us": 2295.73,
  "min_retrieval_us": 2168.038,
  "max_retrieval_us": 2433.692,
  "p50_retrieval_us": 2295.73,
  "p95_retrieval_us": 2402.5,
  "context_chars": 315,
  "context_tokens_est": 78,
  "synth_chars": 815,
  "synth_tokens_est": 203,
  "ram_before_kb": 125124,
  "ram_after_kb": 164856,
  "ram_delta_kb": 39732,
  "io_write_bytes_before": 110592,
  "io_write_bytes_after": 18436096,
  "io_write_bytes_delta": 18325504
}