{
  "type": "storage_only",
  "timestamp": "2026-04-24T05:14:31.891195Z",
  "device": {
    "model": "moto g35 5G",
    "manufacturer": "motorola",
    "board": "manila",
    "hardware": "ums9620_2h10",
    "cpu_cores": 8,
    "ram_total_kb": 3497628,
    "android_version": "14",
    "sdk_int": 34,
    "abi": "arm64-v8a"
  },
  "backend": "ObjectBox",
  "backend_key": "objectbox",
  "readings_count": 400,
  "ingest_total_ms": 950.1,
  "per_ingest_us": 2375.25,
  "retrieval_samples": 100,
  "retrieval_latencies_us": [
    1307.653,
    1184.808,
    1183.038,
    1228.385,
    1198.577,
    1187.231,
    1095.308,
    1100.615,
    999.346,
    962.308,
    949.346,
    912.808,
    864.462,
    792.116,
    841.231,
    836.385,
    776.692,
    804.654,
    790.538,
    786.154,
    815.153,
    816.692,
    815.154,
    925.23,
    845.577,
    854.615,
    835.269,
    831.231,
    831.923,
    836.769,
    792.462,
    790.885,
    813.153,
    811.077,
    778.308,
    918.962,
    803.347,
    883.576,
    849.077,
    868.846,
    812.846,
    858.769,
    845.077,
    822.116,
    799.654,
    792.308,
    800.192,
    839.653,
    769.539,
    763.423,
    819.462,
    772.885,
    891.077,
    818.0,
    809.154,
    852.577,
    801.577,
    838.307,
    768.962,
    804.654,
    766.0,
    807.039,
    772.539,
    752.961,
    777.346,
    821.231,
    800.231,
    784.5,
    789.884,
    832.0,
    794.077,
    777.461,
    838.692,
    821.385,
    777.73,
    760.846,
    766.384,
    782.038,
    749.846,
    794.846,
    796.961,
    819.307,
    798.808,
    796.346,
    798.231,
    825.769,
    775.5,
    834.962,
    844.346,
    797.269,
    748.847,
    772.884,
    763.116,
    763.153,
    783.808,
    770.846,
    768.923,
    787.077,
    765.038,
    752.231
  ],
  "avg_retrieval_us": 843.2965100000001,
  "median_retrieval_us": 809.154,
  "min_retrieval_us": 748.847,
  "max_retrieval_us": 1307.653,
  "p50_retrieval_us": 809.154,
  "p95_retrieval_us": 1184.808,
  "context_chars": 315,
  "context_tokens_est": 78,
  "synth_chars": 1445,
  "synth_tokens_est": 361,
  "ram_before_kb": 128784,
  "ram_after_kb": 165884,
  "ram_delta_kb": 37100,
  "io_write_bytes_before": 110592,
  "io_write_bytes_after": 37122048,
  "io_write_bytes_delta": 37011456
}