{
  "type": "storage_only",
  "timestamp": "2026-04-16T12:50:23.621062Z",
  "device": {
    "model": "moto g35 5G",
    "manufacturer": "motorola",
    "board": "manila",
    "hardware": "ums9620_2h10",
    "cpu_cores": 8,
    "ram_total_kb": 3497628,
    "android_version": "14",
    "sdk_int": 34,
    "abi": "arm64-v8a"
  },
  "backend": "ObjectBox",
  "backend_key": "objectbox",
  "readings_count": 200,
  "ingest_total_ms": 583.871461,
  "per_ingest_us": 2919.357305,
  "retrieval_samples": 50,
  "retrieval_latencies_us": [
    2328.769,
    2365.5,
    2334.885,
    2281.23,
    2337.192,
    2316.385,
    2332.193,
    2268.923,
    2304.23,
    2338.192,
    2320.384,
    2320.039,
    2289.346,
    2297.346,
    2279.923,
    2373.307,
    2298.654,
    2317.884,
    2328.654,
    2252.884,
    2474.461,
    2406.769,
    2309.462,
    2349.846,
    2487.808,
    2508.154,
    2383.808,
    2255.615,
    2302.346,
    2285.731,
    2315.962,
    2257.5,
    2270.808,
    2319.0,
    2283.115,
    2420.308,
    2239.385,
    2291.385,
    2313.654,
    2347.961,
    2439.0,
    2253.307,
    2258.039,
    2070.269,
    1844.769,
    1696.5,
    1580.615,
    1467.154,
    1348.539,
    1224.961
  ],
  "avg_retrieval_us": 2225.84302,
  "median_retrieval_us": 2309.462,
  "min_retrieval_us": 1224.961,
  "max_retrieval_us": 2508.154,
  "p50_retrieval_us": 2309.462,
  "p95_retrieval_us": 2474.461,
  "context_chars": 315,
  "context_tokens_est": 78,
  "synth_chars": 815,
  "synth_tokens_est": 203,
  "ram_before_kb": 124404,
  "ram_after_kb": 165172,
  "ram_delta_kb": 40768,
  "io_write_bytes_before": 106496,
  "io_write_bytes_after": 18448384,
  "io_write_bytes_delta": 18341888
}