{
  "type": "storage_only",
  "timestamp": "2026-04-24T05:14:37.739748Z",
  "device": {
    "model": "moto g35 5G",
    "manufacturer": "motorola",
    "board": "manila",
    "hardware": "ums9620_2h10",
    "cpu_cores": 8,
    "ram_total_kb": 3497628,
    "android_version": "14",
    "sdk_int": 34,
    "abi": "arm64-v8a"
  },
  "backend": "ObjectBox",
  "backend_key": "objectbox",
  "readings_count": 400,
  "ingest_total_ms": 920.249076,
  "per_ingest_us": 2300.62269,
  "retrieval_samples": 100,
  "retrieval_latencies_us": [
    1293.193,
    1212.077,
    1182.847,
    1243.769,
    1226.192,
    1166.193,
    1164.577,
    1103.807,
    1016.654,
    961.73,
    984.961,
    913.346,
    867.231,
    817.923,
    832.577,
    806.385,
    812.115,
    788.693,
    836.731,
    816.731,
    815.0,
    811.577,
    821.27,
    893.462,
    857.654,
    854.539,
    833.616,
    821.115,
    828.884,
    840.692,
    780.423,
    793.039,
    813.807,
    791.653,
    774.924,
    882.769,
    836.269,
    846.693,
    855.808,
    834.038,
    843.231,
    853.038,
    832.231,
    842.154,
    804.577,
    792.577,
    813.846,
    821.577,
    856.538,
    808.884,
    863.423,
    819.538,
    852.962,
    810.5,
    799.615,
    846.192,
    808.308,
    827.808,
    796.154,
    805.615,
    816.654,
    822.154,
    767.385,
    778.539,
    836.5,
    843.769,
    811.077,
    862.539,
    834.424,
    803.0,
    828.616,
    791.462,
    859.269,
    815.461,
    824.384,
    774.231,
    791.384,
    772.308,
    796.923,
    777.231,
    828.192,
    821.615,
    795.385,
    799.269,
    843.616,
    868.654,
    854.807,
    831.231,
    872.692,
    783.307,
    793.615,
    796.884,
    775.385,
    816.615,
    791.692,
    812.5,
    799.0,
    819.692,
    797.0,
    801.231
  ],
  "avg_retrieval_us": 856.4342399999997,
  "median_retrieval_us": 821.615,
  "min_retrieval_us": 767.385,
  "max_retrieval_us": 1293.193,
  "p50_retrieval_us": 821.615,
  "p95_retrieval_us": 1182.847,
  "context_chars": 315,
  "context_tokens_est": 78,
  "synth_chars": 1445,
  "synth_tokens_est": 361,
  "ram_before_kb": 128376,
  "ram_after_kb": 165756,
  "ram_delta_kb": 37380,
  "io_write_bytes_before": 110592,
  "io_write_bytes_after": 37089280,
  "io_write_bytes_delta": 36978688
}