{
  "type": "storage_only",
  "timestamp": "2026-04-16T12:50:59.696131Z",
  "device": {
    "model": "moto g35 5G",
    "manufacturer": "motorola",
    "board": "manila",
    "hardware": "ums9620_2h10",
    "cpu_cores": 8,
    "ram_total_kb": 3497628,
    "android_version": "14",
    "sdk_int": 34,
    "abi": "arm64-v8a"
  },
  "backend": "ObjectBox",
  "backend_key": "objectbox",
  "readings_count": 200,
  "ingest_total_ms": 597.25723,
  "per_ingest_us": 2986.28615,
  "retrieval_samples": 50,
  "retrieval_latencies_us": [
    2905.539,
    2905.462,
    2797.539,
    3020.5,
    2688.5,
    2900.462,
    2805.615,
    2738.193,
    2896.154,
    2767.039,
    2987.153,
    2943.769,
    3011.999,
    2752.269,
    2804.653,
    2915.077,
    2738.769,
    2643.923,
    2647.577,
    2684.0,
    2644.423,
    2584.346,
    2930.924,
    3106.962,
    3012.731,
    2958.5,
    2723.154,
    3019.385,
    2807.692,
    2669.885,
    2839.923,
    2449.269,
    2266.0,
    1860.731,
    1834.923,
    1493.577,
    1516.462,
    1183.654,
    1101.884,
    1279.461,
    1307.693,
    1234.692,
    1071.692,
    1111.0,
    1102.616,
    1124.346,
    1030.577,
    1061.846,
    991.923,
    1000.192
  ],
  "avg_retrieval_us": 2277.4930999999992,
  "median_retrieval_us": 2688.5,
  "min_retrieval_us": 991.923,
  "max_retrieval_us": 3106.962,
  "p50_retrieval_us": 2688.5,
  "p95_retrieval_us": 3019.385,
  "context_chars": 315,
  "context_tokens_est": 78,
  "synth_chars": 815,
  "synth_tokens_est": 203,
  "ram_before_kb": 125180,
  "ram_after_kb": 165524,
  "ram_delta_kb": 40344,
  "io_write_bytes_before": 106496,
  "io_write_bytes_after": 18460672,
  "io_write_bytes_delta": 18354176
}