{
  "type": "storage_only",
  "timestamp": "2026-04-16T07:35:24.136307Z",
  "device": {
    "model": "moto g35 5G",
    "manufacturer": "motorola",
    "board": "manila",
    "hardware": "ums9620_2h10",
    "cpu_cores": 8,
    "ram_total_kb": 3497628,
    "android_version": "14",
    "sdk_int": 34,
    "abi": "arm64-v8a"
  },
  "backend": "ObjectBox",
  "backend_key": "objectbox",
  "readings_count": 200,
  "ingest_total_ms": 587.728423,
  "per_ingest_us": 2938.642115,
  "retrieval_latencies_us": [
    3139.423,
    2392.154,
    2420.193,
    2258.23,
    2347.5,
    2313.576,
    2283.269,
    2315.961,
    2352.807,
    2345.807
  ],
  "avg_retrieval_us": 2416.8920000000003,
  "min_retrieval_us": 2258.23,
  "max_retrieval_us": 3139.423,
  "p50_retrieval_us": 2347.5,
  "p95_retrieval_us": 3139.423,
  "context_chars": 315,
  "context_tokens_est": 78,
  "synth_chars": 815,
  "synth_tokens_est": 203,
  "ram_before_kb": 126240,
  "ram_after_kb": 168816,
  "ram_delta_kb": 42576,
  "io_write_bytes_before": 106496,
  "io_write_bytes_after": 18456576,
  "io_write_bytes_delta": 18350080
}