{
  "type": "storage_only",
  "timestamp": "2026-04-16T12:50:53.655408Z",
  "device": {
    "model": "moto g35 5G",
    "manufacturer": "motorola",
    "board": "manila",
    "hardware": "ums9620_2h10",
    "cpu_cores": 8,
    "ram_total_kb": 3497628,
    "android_version": "14",
    "sdk_int": 34,
    "abi": "arm64-v8a"
  },
  "backend": "ObjectBox",
  "backend_key": "objectbox",
  "readings_count": 200,
  "ingest_total_ms": 583.879153,
  "per_ingest_us": 2919.395765,
  "retrieval_samples": 50,
  "retrieval_latencies_us": [
    2457.731,
    2485.615,
    2470.077,
    2480.884,
    2494.846,
    2495.961,
    2476.308,
    2445.116,
    2437.692,
    2523.308,
    2564.808,
    2540.538,
    2537.307,
    2519.423,
    2575.923,
    2571.577,
    2437.538,
    2485.077,
    2485.038,
    2465.692,
    2490.154,
    2485.116,
    2484.269,
    2476.461,
    2464.539,
    2585.692,
    2501.192,
    2490.961,
    2518.808,
    2489.577,
    2352.884,
    2054.808,
    1877.577,
    1811.308,
    1702.692,
    1626.192,
    1406.27,
    1328.846,
    1350.539,
    1305.577,
    1131.193,
    986.692,
    1133.462,
    981.808,
    1057.461,
    1021.961,
    1025.961,
    932.038,
    882.769,
    900.154
  ],
  "avg_retrieval_us": 2036.1484000000005,
  "median_retrieval_us": 2465.692,
  "min_retrieval_us": 882.769,
  "max_retrieval_us": 2585.692,
  "p50_retrieval_us": 2465.692,
  "p95_retrieval_us": 2571.577,
  "context_chars": 315,
  "context_tokens_est": 78,
  "synth_chars": 815,
  "synth_tokens_est": 203,
  "ram_before_kb": 124340,
  "ram_after_kb": 165412,
  "ram_delta_kb": 41072,
  "io_write_bytes_before": 106496,
  "io_write_bytes_after": 18456576,
  "io_write_bytes_delta": 18350080
}