{
  "type": "storage_only",
  "timestamp": "2026-04-16T07:34:48.526461Z",
  "device": {
    "model": "moto g35 5G",
    "manufacturer": "motorola",
    "board": "manila",
    "hardware": "ums9620_2h10",
    "cpu_cores": 8,
    "ram_total_kb": 3497628,
    "android_version": "14",
    "sdk_int": 34,
    "abi": "arm64-v8a"
  },
  "backend": "ObjectBox",
  "backend_key": "objectbox",
  "readings_count": 200,
  "ingest_total_ms": 595.653654,
  "per_ingest_us": 2978.26827,
  "retrieval_latencies_us": [
    3452.231,
    2732.615,
    2662.577,
    2630.346,
    2632.577,
    2667.923,
    2458.5,
    2700.461,
    2568.0,
    2505.308
  ],
  "avg_retrieval_us": 2701.0537999999997,
  "min_retrieval_us": 2458.5,
  "max_retrieval_us": 3452.231,
  "p50_retrieval_us": 2662.577,
  "p95_retrieval_us": 3452.231,
  "context_chars": 315,
  "context_tokens_est": 78,
  "synth_chars": 815,
  "synth_tokens_est": 203,
  "ram_before_kb": 125224,
  "ram_after_kb": 168308,
  "ram_delta_kb": 43084,
  "io_write_bytes_before": 106496,
  "io_write_bytes_after": 18460672,
  "io_write_bytes_delta": 18354176
}