{
  "type": "storage_only",
  "timestamp": "2026-04-16T12:50:41.664991Z",
  "device": {
    "model": "moto g35 5G",
    "manufacturer": "motorola",
    "board": "manila",
    "hardware": "ums9620_2h10",
    "cpu_cores": 8,
    "ram_total_kb": 3497628,
    "android_version": "14",
    "sdk_int": 34,
    "abi": "arm64-v8a"
  },
  "backend": "ObjectBox",
  "backend_key": "objectbox",
  "readings_count": 200,
  "ingest_total_ms": 563.873538,
  "per_ingest_us": 2819.36769,
  "retrieval_samples": 50,
  "retrieval_latencies_us": [
    2327.154,
    2357.23,
    2331.731,
    2366.539,
    2318.615,
    2356.808,
    2309.347,
    2270.654,
    2278.654,
    2331.384,
    2310.384,
    2342.962,
    2288.5,
    2321.269,
    2330.615,
    2306.923,
    2275.307,
    2255.0,
    2337.577,
    2284.384,
    2373.653,
    2350.846,
    2331.846,
    2413.385,
    2453.346,
    2441.23,
    2401.385,
    2359.808,
    2417.077,
    2364.5,
    2332.538,
    2318.462,
    2326.846,
    2341.039,
    2234.0,
    2384.808,
    2389.577,
    2436.654,
    2326.307,
    2310.615,
    2386.269,
    2356.269,
    2442.346,
    2438.038,
    2324.076,
    2203.884,
    1864.846,
    1777.154,
    1725.346,
    1574.693
  ],
  "avg_retrieval_us": 2294.0376000000006,
  "median_retrieval_us": 2331.731,
  "min_retrieval_us": 1574.693,
  "max_retrieval_us": 2453.346,
  "p50_retrieval_us": 2331.731,
  "p95_retrieval_us": 2441.23,
  "context_chars": 315,
  "context_tokens_est": 78,
  "synth_chars": 815,
  "synth_tokens_est": 203,
  "ram_before_kb": 124128,
  "ram_after_kb": 165080,
  "ram_delta_kb": 40952,
  "io_write_bytes_before": 110592,
  "io_write_bytes_after": 18432000,
  "io_write_bytes_delta": 18321408
}