{
  "type": "storage_only",
  "timestamp": "2026-04-16T07:34:54.469046Z",
  "device": {
    "model": "moto g35 5G",
    "manufacturer": "motorola",
    "board": "manila",
    "hardware": "ums9620_2h10",
    "cpu_cores": 8,
    "ram_total_kb": 3497628,
    "android_version": "14",
    "sdk_int": 34,
    "abi": "arm64-v8a"
  },
  "backend": "ObjectBox",
  "backend_key": "objectbox",
  "readings_count": 200,
  "ingest_total_ms": 591.32173,
  "per_ingest_us": 2956.60865,
  "retrieval_latencies_us": [
    3162.884,
    2298.538,
    2329.885,
    2300.424,
    2356.423,
    2291.885,
    2292.0,
    2352.077,
    2289.576,
    2297.038
  ],
  "avg_retrieval_us": 2397.073,
  "min_retrieval_us": 2289.576,
  "max_retrieval_us": 3162.884,
  "p50_retrieval_us": 2300.424,
  "p95_retrieval_us": 3162.884,
  "context_chars": 315,
  "context_tokens_est": 78,
  "synth_chars": 815,
  "synth_tokens_est": 203,
  "ram_before_kb": 126044,
  "ram_after_kb": 168436,
  "ram_delta_kb": 42392,
  "io_write_bytes_before": 106496,
  "io_write_bytes_after": 18464768,
  "io_write_bytes_delta": 18358272
}