{
  "type": "storage_only",
  "timestamp": "2026-04-16T07:35:00.357468Z",
  "device": {
    "model": "moto g35 5G",
    "manufacturer": "motorola",
    "board": "manila",
    "hardware": "ums9620_2h10",
    "cpu_cores": 8,
    "ram_total_kb": 3497628,
    "android_version": "14",
    "sdk_int": 34,
    "abi": "arm64-v8a"
  },
  "backend": "ObjectBox",
  "backend_key": "objectbox",
  "readings_count": 200,
  "ingest_total_ms": 599.695923,
  "per_ingest_us": 2998.479615,
  "retrieval_latencies_us": [
    3165.769,
    2303.692,
    2367.693,
    2307.923,
    2340.154,
    2338.807,
    2270.808,
    2341.5,
    2416.346,
    2324.154
  ],
  "avg_retrieval_us": 2417.6846,
  "min_retrieval_us": 2270.808,
  "max_retrieval_us": 3165.769,
  "p50_retrieval_us": 2340.154,
  "p95_retrieval_us": 3165.769,
  "context_chars": 315,
  "context_tokens_est": 78,
  "synth_chars": 815,
  "synth_tokens_est": 203,
  "ram_before_kb": 125196,
  "ram_after_kb": 168940,
  "ram_delta_kb": 43744,
  "io_write_bytes_before": 106496,
  "io_write_bytes_after": 18468864,
  "io_write_bytes_delta": 18362368
}