{
  "type": "storage_only",
  "timestamp": "2026-04-16T07:35:18.170281Z",
  "device": {
    "model": "moto g35 5G",
    "manufacturer": "motorola",
    "board": "manila",
    "hardware": "ums9620_2h10",
    "cpu_cores": 8,
    "ram_total_kb": 3497628,
    "android_version": "14",
    "sdk_int": 34,
    "abi": "arm64-v8a"
  },
  "backend": "ObjectBox",
  "backend_key": "objectbox",
  "readings_count": 200,
  "ingest_total_ms": 572.968038,
  "per_ingest_us": 2864.84019,
  "retrieval_latencies_us": [
    3358.692,
    2603.192,
    2501.615,
    2528.538,
    2493.27,
    2500.5,
    2456.615,
    2568.462,
    2475.0,
    2426.154
  ],
  "avg_retrieval_us": 2591.2038,
  "min_retrieval_us": 2426.154,
  "max_retrieval_us": 3358.692,
  "p50_retrieval_us": 2501.615,
  "p95_retrieval_us": 3358.692,
  "context_chars": 315,
  "context_tokens_est": 78,
  "synth_chars": 815,
  "synth_tokens_est": 203,
  "ram_before_kb": 125684,
  "ram_after_kb": 168620,
  "ram_delta_kb": 42936,
  "io_write_bytes_before": 106496,
  "io_write_bytes_after": 18440192,
  "io_write_bytes_delta": 18333696
}