{
  "type": "storage_only",
  "timestamp": "2026-04-16T07:34:42.552504Z",
  "device": {
    "model": "moto g35 5G",
    "manufacturer": "motorola",
    "board": "manila",
    "hardware": "ums9620_2h10",
    "cpu_cores": 8,
    "ram_total_kb": 3497628,
    "android_version": "14",
    "sdk_int": 34,
    "abi": "arm64-v8a"
  },
  "backend": "ObjectBox",
  "backend_key": "objectbox",
  "readings_count": 200,
  "ingest_total_ms": 561.378692,
  "per_ingest_us": 2806.89346,
  "retrieval_latencies_us": [
    3360.846,
    2584.269,
    2506.461,
    2517.616,
    2610.077,
    2532.616,
    2246.693,
    2211.5,
    2500.769,
    2612.577
  ],
  "avg_retrieval_us": 2568.3424000000005,
  "min_retrieval_us": 2211.5,
  "max_retrieval_us": 3360.846,
  "p50_retrieval_us": 2532.616,
  "p95_retrieval_us": 3360.846,
  "context_chars": 315,
  "context_tokens_est": 78,
  "synth_chars": 815,
  "synth_tokens_est": 203,
  "ram_before_kb": 125980,
  "ram_after_kb": 168180,
  "ram_delta_kb": 42200,
  "io_write_bytes_before": 106496,
  "io_write_bytes_after": 18427904,
  "io_write_bytes_delta": 18321408
}