{
  "type": "storage_only",
  "timestamp": "2026-04-16T12:50:05.665996Z",
  "device": {
    "model": "moto g35 5G",
    "manufacturer": "motorola",
    "board": "manila",
    "hardware": "ums9620_2h10",
    "cpu_cores": 8,
    "ram_total_kb": 3497628,
    "android_version": "14",
    "sdk_int": 34,
    "abi": "arm64-v8a"
  },
  "backend": "ObjectBox",
  "backend_key": "objectbox",
  "readings_count": 200,
  "ingest_total_ms": 577.602999,
  "per_ingest_us": 2888.014995,
  "retrieval_samples": 50,
  "retrieval_latencies_us": [
    2496.115,
    2466.692,
    2443.923,
    2553.231,
    2493.077,
    2509.269,
    2442.616,
    2485.539,
    2478.808,
    2490.384,
    2557.692,
    2488.807,
    2566.192,
    2519.0,
    2488.115,
    2414.73,
    2391.884,
    2385.846,
    2440.077,
    2424.769,
    2508.269,
    2476.539,
    2465.077,
    2388.192,
    2500.192,
    2556.885,
    2455.653,
    2530.0,
    2460.077,
    2641.654,
    2082.73,
    1850.73,
    1712.0,
    1661.692,
    1477.808,
    1358.731,
    1329.0,
    1276.577,
    1157.846,
    1104.385,
    1101.307,
    1204.153,
    921.73,
    1017.615,
    1047.077,
    926.346,
    958.885,
    909.692,
    839.923,
    831.769
  ],
  "avg_retrieval_us": 1985.786,
  "median_retrieval_us": 2440.077,
  "min_retrieval_us": 831.769,
  "max_retrieval_us": 2641.654,
  "p50_retrieval_us": 2440.077,
  "p95_retrieval_us": 2557.692,
  "context_chars": 315,
  "context_tokens_est": 78,
  "synth_chars": 815,
  "synth_tokens_est": 203,
  "ram_before_kb": 125212,
  "ram_after_kb": 165200,
  "ram_delta_kb": 39988,
  "io_write_bytes_before": 110592,
  "io_write_bytes_after": 18452480,
  "io_write_bytes_delta": 18341888
}