{
  "type": "storage_only",
  "timestamp": "2026-04-16T07:35:06.320491Z",
  "device": {
    "model": "moto g35 5G",
    "manufacturer": "motorola",
    "board": "manila",
    "hardware": "ums9620_2h10",
    "cpu_cores": 8,
    "ram_total_kb": 3497628,
    "android_version": "14",
    "sdk_int": 34,
    "abi": "arm64-v8a"
  },
  "backend": "ObjectBox",
  "backend_key": "objectbox",
  "readings_count": 200,
  "ingest_total_ms": 571.861384,
  "per_ingest_us": 2859.30692,
  "retrieval_latencies_us": [
    3080.847,
    2293.884,
    2378.962,
    2275.346,
    2270.154,
    2298.5,
    2262.462,
    2353.539,
    2260.423,
    2253.384
  ],
  "avg_retrieval_us": 2372.7500999999997,
  "min_retrieval_us": 2253.384,
  "max_retrieval_us": 3080.847,
  "p50_retrieval_us": 2293.884,
  "p95_retrieval_us": 3080.847,
  "context_chars": 315,
  "context_tokens_est": 78,
  "synth_chars": 815,
  "synth_tokens_est": 203,
  "ram_before_kb": 125896,
  "ram_after_kb": 168836,
  "ram_delta_kb": 42940,
  "io_write_bytes_before": 106496,
  "io_write_bytes_after": 18440192,
  "io_write_bytes_delta": 18333696
}