{
  "type": "storage_only",
  "timestamp": "2026-04-16T12:49:35.783428Z",
  "device": {
    "model": "moto g35 5G",
    "manufacturer": "motorola",
    "board": "manila",
    "hardware": "ums9620_2h10",
    "cpu_cores": 8,
    "ram_total_kb": 3497628,
    "android_version": "14",
    "sdk_int": 34,
    "abi": "arm64-v8a"
  },
  "backend": "RocksDB",
  "backend_key": "rocksdb",
  "readings_count": 200,
  "ingest_total_ms": 223.523346,
  "per_ingest_us": 1117.61673,
  "retrieval_samples": 50,
  "retrieval_latencies_us": [
    6005.731,
    5566.5,
    5367.346,
    5401.308,
    5363.615,
    5309.654,
    5475.308,
    5414.038,
    5308.269,
    5510.077,
    5652.769,
    5792.153,
    5885.307,
    5735.231,
    5840.154,
    5929.0,
    6231.269,
    6183.616,
    6122.847,
    6158.384,
    6277.769,
    6198.192,
    6192.115,
    6287.0,
    6239.346,
    6431.846,
    6266.116,
    6236.077,
    6246.5,
    6213.269,
    6171.461,
    6094.269,
    6205.038,
    6172.461,
    6142.153,
    6240.616,
    6219.654,
    6264.962,
    6333.461,
    6336.0,
    6258.577,
    6171.231,
    6053.077,
    5545.769,
    5282.231,
    5145.577,
    4889.5,
    4600.616,
    4530.577,
    4713.73
  ],
  "avg_retrieval_us": 5844.235319999998,
  "median_retrieval_us": 6122.847,
  "min_retrieval_us": 4530.577,
  "max_retrieval_us": 6431.846,
  "p50_retrieval_us": 6122.847,
  "p95_retrieval_us": 6333.461,
  "context_chars": 315,
  "context_tokens_est": 78,
  "synth_chars": 815,
  "synth_tokens_est": 203,
  "ram_before_kb": 171112,
  "ram_after_kb": 177060,
  "ram_delta_kb": 5948,
  "io_write_bytes_before": 212992,
  "io_write_bytes_after": 258048,
  "io_write_bytes_delta": 45056
}