{
  "type": "storage_only",
  "timestamp": "2026-04-16T12:49:59.623094Z",
  "device": {
    "model": "moto g35 5G",
    "manufacturer": "motorola",
    "board": "manila",
    "hardware": "ums9620_2h10",
    "cpu_cores": 8,
    "ram_total_kb": 3497628,
    "android_version": "14",
    "sdk_int": 34,
    "abi": "arm64-v8a"
  },
  "backend": "RocksDB",
  "backend_key": "rocksdb",
  "readings_count": 200,
  "ingest_total_ms": 218.163192,
  "per_ingest_us": 1090.81596,
  "retrieval_samples": 50,
  "retrieval_latencies_us": [
    6157.769,
    6172.5,
    5837.731,
    6258.038,
    5714.385,
    5708.769,
    5589.731,
    5544.577,
    5659.923,
    5613.231,
    5604.193,
    5650.615,
    5808.693,
    5985.962,
    5824.077,
    6022.654,
    5951.423,
    6537.807,
    6323.693,
    6251.154,
    6407.615,
    6339.0,
    6284.385,
    6312.038,
    6318.461,
    6405.154,
    6339.269,
    6482.577,
    6460.731,
    6361.654,
    6377.654,
    6182.076,
    6159.692,
    6350.808,
    6287.115,
    6356.577,
    6374.077,
    6425.038,
    6532.346,
    6267.346,
    6258.885,
    6268.269,
    6308.192,
    6290.807,
    5776.731,
    5374.038,
    5200.808,
    5050.616,
    4735.462,
    4683.27
  ],
  "avg_retrieval_us": 6023.752319999999,
  "median_retrieval_us": 6258.038,
  "min_retrieval_us": 4683.27,
  "max_retrieval_us": 6537.807,
  "p50_retrieval_us": 6258.038,
  "p95_retrieval_us": 6482.577,
  "context_chars": 315,
  "context_tokens_est": 78,
  "synth_chars": 815,
  "synth_tokens_est": 203,
  "ram_before_kb": 171416,
  "ram_after_kb": 177732,
  "ram_delta_kb": 6316,
  "io_write_bytes_before": 225280,
  "io_write_bytes_after": 270336,
  "io_write_bytes_delta": 45056
}