{
  "type": "storage_only",
  "timestamp": "2026-04-16T12:49:29.882834Z",
  "device": {
    "model": "moto g35 5G",
    "manufacturer": "motorola",
    "board": "manila",
    "hardware": "ums9620_2h10",
    "cpu_cores": 8,
    "ram_total_kb": 3497628,
    "android_version": "14",
    "sdk_int": 34,
    "abi": "arm64-v8a"
  },
  "backend": "RocksDB",
  "backend_key": "rocksdb",
  "readings_count": 200,
  "ingest_total_ms": 215.612423,
  "per_ingest_us": 1078.062115,
  "retrieval_samples": 50,
  "retrieval_latencies_us": [
    9764.808,
    9624.347,
    9442.77,
    9509.346,
    9389.807,
    9478.154,
    9710.423,
    9586.039,
    9641.923,
    10162.539,
    10007.5,
    10007.193,
    10020.615,
    10012.193,
    9929.115,
    10036.654,
    9968.884,
    10145.846,
    10134.846,
    10062.115,
    10094.115,
    10030.615,
    10111.077,
    9979.423,
    10115.269,
    9744.615,
    9146.154,
    8801.193,
    8418.461,
    8580.23,
    8461.692,
    8338.846,
    8574.808,
    8332.769,
    8241.769,
    8486.077,
    9022.731,
    8305.308,
    7990.731,
    8079.923,
    7855.308,
    7980.307,
    7855.307,
    7866.308,
    8111.039,
    8275.077,
    8013.346,
    8254.538,
    7861.308,
    8158.077
  ],
  "avg_retrieval_us": 9114.430759999997,
  "median_retrieval_us": 9442.77,
  "min_retrieval_us": 7855.307,
  "max_retrieval_us": 10162.539,
  "p50_retrieval_us": 9442.77,
  "p95_retrieval_us": 10134.846,
  "context_chars": 315,
  "context_tokens_est": 78,
  "synth_chars": 815,
  "synth_tokens_est": 203,
  "ram_before_kb": 173116,
  "ram_after_kb": 176996,
  "ram_delta_kb": 3880,
  "io_write_bytes_before": 143360,
  "io_write_bytes_after": 188416,
  "io_write_bytes_delta": 45056
}