{
  "type": "storage_only",
  "timestamp": "2026-04-16T12:49:47.784274Z",
  "device": {
    "model": "moto g35 5G",
    "manufacturer": "motorola",
    "board": "manila",
    "hardware": "ums9620_2h10",
    "cpu_cores": 8,
    "ram_total_kb": 3497628,
    "android_version": "14",
    "sdk_int": 34,
    "abi": "arm64-v8a"
  },
  "backend": "RocksDB",
  "backend_key": "rocksdb",
  "readings_count": 200,
  "ingest_total_ms": 219.514115,
  "per_ingest_us": 1097.570575,
  "retrieval_samples": 50,
  "retrieval_latencies_us": [
    8394.615,
    8045.308,
    7783.77,
    7832.193,
    7713.269,
    7924.461,
    7820.423,
    7964.731,
    8291.385,
    8109.846,
    8258.731,
    8684.923,
    8658.308,
    8531.923,
    8647.231,
    8693.538,
    8587.192,
    8693.462,
    8577.538,
    8570.577,
    8627.039,
    8681.423,
    8521.462,
    8530.731,
    8701.192,
    8721.692,
    8629.539,
    8615.077,
    8556.693,
    8335.692,
    7746.846,
    7404.923,
    7072.539,
    6988.577,
    6902.231,
    7155.5,
    7035.0,
    7018.576,
    6835.0,
    6527.423,
    6288.5,
    6205.615,
    6386.346,
    6468.23,
    6625.115,
    6566.385,
    6523.538,
    6196.308,
    6212.462,
    6301.077
  ],
  "avg_retrieval_us": 7723.2831,
  "median_retrieval_us": 7964.731,
  "min_retrieval_us": 6196.308,
  "max_retrieval_us": 8721.692,
  "p50_retrieval_us": 7964.731,
  "p95_retrieval_us": 8693.538,
  "context_chars": 315,
  "context_tokens_est": 78,
  "synth_chars": 815,
  "synth_tokens_est": 203,
  "ram_before_kb": 171152,
  "ram_after_kb": 177656,
  "ram_delta_kb": 6504,
  "io_write_bytes_before": 155648,
  "io_write_bytes_after": 200704,
  "io_write_bytes_delta": 45056
}