{
  "type": "storage_only",
  "timestamp": "2026-04-16T07:34:24.533636Z",
  "device": {
    "model": "moto g35 5G",
    "manufacturer": "motorola",
    "board": "manila",
    "hardware": "ums9620_2h10",
    "cpu_cores": 8,
    "ram_total_kb": 3497628,
    "android_version": "14",
    "sdk_int": 34,
    "abi": "arm64-v8a"
  },
  "backend": "RocksDB",
  "backend_key": "rocksdb",
  "readings_count": 200,
  "ingest_total_ms": 226.268385,
  "per_ingest_us": 1131.341925,
  "retrieval_latencies_us": [
    7900.962,
    7477.077,
    7193.731,
    7264.846,
    8068.807,
    8137.115,
    7481.346,
    7200.539,
    7001.693,
    6982.27
  ],
  "avg_retrieval_us": 7470.8386,
  "min_retrieval_us": 6982.27,
  "max_retrieval_us": 8137.115,
  "p50_retrieval_us": 7477.077,
  "p95_retrieval_us": 8137.115,
  "context_chars": 315,
  "context_tokens_est": 78,
  "synth_chars": 815,
  "synth_tokens_est": 203,
  "ram_before_kb": 174296,
  "ram_after_kb": 180724,
  "ram_delta_kb": 6428,
  "io_write_bytes_before": 147456,
  "io_write_bytes_after": 192512,
  "io_write_bytes_delta": 45056
}