{
  "type": "storage_only",
  "timestamp": "2026-04-16T07:34:30.467217Z",
  "device": {
    "model": "moto g35 5G",
    "manufacturer": "motorola",
    "board": "manila",
    "hardware": "ums9620_2h10",
    "cpu_cores": 8,
    "ram_total_kb": 3497628,
    "android_version": "14",
    "sdk_int": 34,
    "abi": "arm64-v8a"
  },
  "backend": "RocksDB",
  "backend_key": "rocksdb",
  "readings_count": 200,
  "ingest_total_ms": 213.484615,
  "per_ingest_us": 1067.423075,
  "retrieval_latencies_us": [
    8527.923,
    8082.308,
    7837.73,
    7777.0,
    8103.461,
    7880.885,
    8010.577,
    8282.616,
    7790.423,
    7678.692
  ],
  "avg_retrieval_us": 7997.161499999999,
  "min_retrieval_us": 7678.692,
  "max_retrieval_us": 8527.923,
  "p50_retrieval_us": 8010.577,
  "p95_retrieval_us": 8527.923,
  "context_chars": 315,
  "context_tokens_est": 78,
  "synth_chars": 815,
  "synth_tokens_est": 203,
  "ram_before_kb": 174576,
  "ram_after_kb": 180632,
  "ram_delta_kb": 6056,
  "io_write_bytes_before": 143360,
  "io_write_bytes_after": 188416,
  "io_write_bytes_delta": 45056
}