{
  "type": "storage_only",
  "timestamp": "2026-04-16T12:49:23.900937Z",
  "device": {
    "model": "moto g35 5G",
    "manufacturer": "motorola",
    "board": "manila",
    "hardware": "ums9620_2h10",
    "cpu_cores": 8,
    "ram_total_kb": 3497628,
    "android_version": "14",
    "sdk_int": 34,
    "abi": "arm64-v8a"
  },
  "backend": "RocksDB",
  "backend_key": "rocksdb",
  "readings_count": 200,
  "ingest_total_ms": 219.529192,
  "per_ingest_us": 1097.64596,
  "retrieval_samples": 50,
  "retrieval_latencies_us": [
    9063.923,
    8979.385,
    8992.154,
    8744.461,
    8969.192,
    9116.039,
    9062.039,
    9151.154,
    9783.538,
    9639.5,
    9602.269,
    9672.808,
    9511.462,
    9594.924,
    9625.923,
    9561.5,
    9806.346,
    9611.692,
    9616.23,
    9622.0,
    9709.885,
    9491.923,
    9802.308,
    9856.653,
    9688.692,
    9544.461,
    8759.885,
    8741.308,
    8066.308,
    8080.385,
    8109.577,
    7895.192,
    7951.115,
    7699.116,
    7702.923,
    7533.231,
    7462.615,
    7521.461,
    7314.808,
    7333.116,
    7204.385,
    7065.846,
    7348.538,
    7378.808,
    7086.769,
    7293.808,
    7486.961,
    7214.077,
    7259.5,
    7306.731
  ],
  "avg_retrieval_us": 8572.738480000002,
  "median_retrieval_us": 8969.192,
  "min_retrieval_us": 7065.846,
  "max_retrieval_us": 9856.653,
  "p50_retrieval_us": 8969.192,
  "p95_retrieval_us": 9802.308,
  "context_chars": 315,
  "context_tokens_est": 78,
  "synth_chars": 815,
  "synth_tokens_est": 203,
  "ram_before_kb": 173612,
  "ram_after_kb": 177588,
  "ram_delta_kb": 3976,
  "io_write_bytes_before": 143360,
  "io_write_bytes_after": 188416,
  "io_write_bytes_delta": 45056
}