{
  "type": "storage_only",
  "timestamp": "2026-04-16T07:34:06.955923Z",
  "device": {
    "model": "moto g35 5G",
    "manufacturer": "motorola",
    "board": "manila",
    "hardware": "ums9620_2h10",
    "cpu_cores": 8,
    "ram_total_kb": 3497628,
    "android_version": "14",
    "sdk_int": 34,
    "abi": "arm64-v8a"
  },
  "backend": "RocksDB",
  "backend_key": "rocksdb",
  "readings_count": 200,
  "ingest_total_ms": 207.453653,
  "per_ingest_us": 1037.268265,
  "retrieval_latencies_us": [
    8857.539,
    8687.154,
    8654.961,
    8368.923,
    8518.039,
    9010.577,
    8863.231,
    8461.923,
    8485.846,
    8204.115
  ],
  "avg_retrieval_us": 8611.230800000001,
  "min_retrieval_us": 8204.115,
  "max_retrieval_us": 9010.577,
  "p50_retrieval_us": 8654.961,
  "p95_retrieval_us": 9010.577,
  "context_chars": 315,
  "context_tokens_est": 78,
  "synth_chars": 815,
  "synth_tokens_est": 203,
  "ram_before_kb": 174372,
  "ram_after_kb": 181324,
  "ram_delta_kb": 6952,
  "io_write_bytes_before": 143360,
  "io_write_bytes_after": 188416,
  "io_write_bytes_delta": 45056
}