{
  "type": "storage_only",
  "timestamp": "2026-04-16T12:49:06.186268Z",
  "device": {
    "model": "moto g35 5G",
    "manufacturer": "motorola",
    "board": "manila",
    "hardware": "ums9620_2h10",
    "cpu_cores": 8,
    "ram_total_kb": 3497628,
    "android_version": "14",
    "sdk_int": 34,
    "abi": "arm64-v8a"
  },
  "backend": "RocksDB",
  "backend_key": "rocksdb",
  "readings_count": 200,
  "ingest_total_ms": 219.057461,
  "per_ingest_us": 1095.287305,
  "retrieval_samples": 50,
  "retrieval_latencies_us": [
    9782.308,
    10211.692,
    10072.039,
    10168.193,
    10079.346,
    10181.077,
    10002.423,
    9951.847,
    10066.693,
    10179.0,
    10154.846,
    10244.231,
    10005.308,
    10119.192,
    10121.731,
    10189.154,
    10144.692,
    10231.539,
    9983.0,
    9259.116,
    8968.538,
    8564.808,
    8513.692,
    8531.038,
    8445.346,
    8459.577,
    8339.731,
    7999.769,
    7774.0,
    11304.346,
    7823.577,
    7751.577,
    7852.5,
    7881.73,
    7730.654,
    7941.577,
    7831.423,
    8045.0,
    8061.192,
    8202.5,
    8288.346,
    8187.269,
    8496.654,
    8465.615,
    8335.462,
    8085.384,
    7933.038,
    7966.962,
    7842.384,
    8140.076
  ],
  "avg_retrieval_us": 8978.223839999999,
  "median_retrieval_us": 8513.692,
  "min_retrieval_us": 7730.654,
  "max_retrieval_us": 11304.346,
  "p50_retrieval_us": 8513.692,
  "p95_retrieval_us": 10231.539,
  "context_chars": 315,
  "context_tokens_est": 78,
  "synth_chars": 815,
  "synth_tokens_est": 203,
  "ram_before_kb": 173264,
  "ram_after_kb": 178524,
  "ram_delta_kb": 5260,
  "io_write_bytes_before": 159744,
  "io_write_bytes_after": 204800,
  "io_write_bytes_delta": 45056
}