{
  "type": "storage_only",
  "timestamp": "2026-04-16T07:34:12.767226Z",
  "device": {
    "model": "moto g35 5G",
    "manufacturer": "motorola",
    "board": "manila",
    "hardware": "ums9620_2h10",
    "cpu_cores": 8,
    "ram_total_kb": 3497628,
    "android_version": "14",
    "sdk_int": 34,
    "abi": "arm64-v8a"
  },
  "backend": "RocksDB",
  "backend_key": "rocksdb",
  "readings_count": 200,
  "ingest_total_ms": 224.845615,
  "per_ingest_us": 1124.228075,
  "retrieval_latencies_us": [
    9862.923,
    9406.116,
    9532.231,
    9850.269,
    10020.577,
    9508.077,
    9353.0,
    9382.769,
    9524.692,
    9559.039
  ],
  "avg_retrieval_us": 9599.9693,
  "min_retrieval_us": 9353.0,
  "max_retrieval_us": 10020.577,
  "p50_retrieval_us": 9532.231,
  "p95_retrieval_us": 10020.577,
  "context_chars": 315,
  "context_tokens_est": 78,
  "synth_chars": 815,
  "synth_tokens_est": 203,
  "ram_before_kb": 174628,
  "ram_after_kb": 181372,
  "ram_delta_kb": 6744,
  "io_write_bytes_before": 143360,
  "io_write_bytes_after": 188416,
  "io_write_bytes_delta": 45056
}