{
  "type": "storage_only",
  "timestamp": "2026-04-16T12:49:53.785415Z",
  "device": {
    "model": "moto g35 5G",
    "manufacturer": "motorola",
    "board": "manila",
    "hardware": "ums9620_2h10",
    "cpu_cores": 8,
    "ram_total_kb": 3497628,
    "android_version": "14",
    "sdk_int": 34,
    "abi": "arm64-v8a"
  },
  "backend": "RocksDB",
  "backend_key": "rocksdb",
  "readings_count": 200,
  "ingest_total_ms": 214.306192,
  "per_ingest_us": 1071.53096,
  "retrieval_samples": 50,
  "retrieval_latencies_us": [
    8931.423,
    9385.308,
    8827.807,
    8643.808,
    8669.269,
    8757.769,
    8592.769,
    8782.884,
    8923.461,
    8979.693,
    9297.347,
    9468.192,
    9497.808,
    9458.076,
    9329.038,
    9347.308,
    9364.0,
    9441.577,
    9620.654,
    9507.539,
    9469.923,
    9428.423,
    9481.308,
    9500.308,
    9449.231,
    9468.539,
    9553.654,
    9405.385,
    8710.193,
    8500.5,
    7995.308,
    7879.731,
    7775.039,
    7966.0,
    7898.423,
    7892.154,
    7773.846,
    7404.923,
    7139.423,
    7294.038,
    7386.692,
    7203.539,
    7287.923,
    7161.731,
    7215.384,
    7196.807,
    7147.807,
    7537.115,
    7122.154,
    7014.961
  ],
  "avg_retrieval_us": 8501.723839999999,
  "median_retrieval_us": 8757.769,
  "min_retrieval_us": 7014.961,
  "max_retrieval_us": 9620.654,
  "p50_retrieval_us": 8757.769,
  "p95_retrieval_us": 9507.539,
  "context_chars": 315,
  "context_tokens_est": 78,
  "synth_chars": 815,
  "synth_tokens_est": 203,
  "ram_before_kb": 171324,
  "ram_after_kb": 177480,
  "ram_delta_kb": 6156,
  "io_write_bytes_before": 143360,
  "io_write_bytes_after": 188416,
  "io_write_bytes_delta": 45056
}