{
  "type": "storage_only",
  "timestamp": "2026-04-16T07:33:37.440118Z",
  "device": {
    "model": "moto g35 5G",
    "manufacturer": "motorola",
    "board": "manila",
    "hardware": "ums9620_2h10",
    "cpu_cores": 8,
    "ram_total_kb": 3497628,
    "android_version": "14",
    "sdk_int": 34,
    "abi": "arm64-v8a"
  },
  "backend": "RocksDB",
  "backend_key": "rocksdb",
  "readings_count": 200,
  "ingest_total_ms": 220.414961,
  "per_ingest_us": 1102.074805,
  "retrieval_latencies_us": [
    6623.692,
    6063.346,
    6266.5,
    5750.116,
    5814.923,
    5732.27,
    5604.461,
    5596.192,
    5642.346,
    5835.654
  ],
  "avg_retrieval_us": 5892.950000000001,
  "min_retrieval_us": 5596.192,
  "max_retrieval_us": 6623.692,
  "p50_retrieval_us": 5814.923,
  "p95_retrieval_us": 6623.692,
  "context_chars": 315,
  "context_tokens_est": 78,
  "synth_chars": 815,
  "synth_tokens_est": 203,
  "ram_before_kb": 178852,
  "ram_after_kb": 181864,
  "ram_delta_kb": 3012,
  "io_write_bytes_before": 155648,
  "io_write_bytes_after": 200704,
  "io_write_bytes_delta": 45056
}