{
  "type": "storage_only",
  "timestamp": "2026-04-16T12:49:17.837493Z",
  "device": {
    "model": "moto g35 5G",
    "manufacturer": "motorola",
    "board": "manila",
    "hardware": "ums9620_2h10",
    "cpu_cores": 8,
    "ram_total_kb": 3497628,
    "android_version": "14",
    "sdk_int": 34,
    "abi": "arm64-v8a"
  },
  "backend": "RocksDB",
  "backend_key": "rocksdb",
  "readings_count": 200,
  "ingest_total_ms": 231.297307,
  "per_ingest_us": 1156.486535,
  "retrieval_samples": 50,
  "retrieval_latencies_us": [
    7184.577,
    6915.885,
    7068.077,
    7009.077,
    7111.192,
    7064.577,
    7234.461,
    7408.538,
    7322.769,
    7294.538,
    7933.846,
    7768.5,
    7762.115,
    7764.423,
    7751.769,
    7754.961,
    7728.154,
    7759.038,
    7710.846,
    7809.154,
    7818.615,
    7834.307,
    7789.769,
    7728.692,
    7781.808,
    7863.962,
    7815.808,
    7809.961,
    7799.423,
    7747.038,
    7633.846,
    7445.269,
    6773.346,
    6668.462,
    6451.462,
    6203.693,
    6243.231,
    6198.346,
    6143.615,
    6216.461,
    6260.539,
    5967.961,
    5705.73,
    5526.577,
    5633.923,
    5572.385,
    5512.923,
    6355.577,
    5434.923,
    5506.808
  ],
  "avg_retrieval_us": 7016.019140000001,
  "median_retrieval_us": 7294.538,
  "min_retrieval_us": 5434.923,
  "max_retrieval_us": 7933.846,
  "p50_retrieval_us": 7294.538,
  "p95_retrieval_us": 7834.307,
  "context_chars": 315,
  "context_tokens_est": 78,
  "synth_chars": 815,
  "synth_tokens_est": 203,
  "ram_before_kb": 171604,
  "ram_after_kb": 178384,
  "ram_delta_kb": 6780,
  "io_write_bytes_before": 163840,
  "io_write_bytes_after": 208896,
  "io_write_bytes_delta": 45056
}