{
  "type": "storage_only",
  "timestamp": "2026-04-16T07:33:49.236296Z",
  "device": {
    "model": "moto g35 5G",
    "manufacturer": "motorola",
    "board": "manila",
    "hardware": "ums9620_2h10",
    "cpu_cores": 8,
    "ram_total_kb": 3497628,
    "android_version": "14",
    "sdk_int": 34,
    "abi": "arm64-v8a"
  },
  "backend": "RocksDB",
  "backend_key": "rocksdb",
  "readings_count": 200,
  "ingest_total_ms": 207.868769,
  "per_ingest_us": 1039.343845,
  "retrieval_latencies_us": [
    9104.153,
    8559.924,
    8497.538,
    8571.577,
    8826.962,
    8748.346,
    8385.154,
    8812.847,
    8252.885,
    8200.116
  ],
  "avg_retrieval_us": 8595.9502,
  "min_retrieval_us": 8200.116,
  "max_retrieval_us": 9104.153,
  "p50_retrieval_us": 8571.577,
  "p95_retrieval_us": 9104.153,
  "context_chars": 315,
  "context_tokens_est": 78,
  "synth_chars": 815,
  "synth_tokens_est": 203,
  "ram_before_kb": 175256,
  "ram_after_kb": 181004,
  "ram_delta_kb": 5748,
  "io_write_bytes_before": 143360,
  "io_write_bytes_after": 188416,
  "io_write_bytes_delta": 45056
}