{
  "type": "storage_only",
  "timestamp": "2026-04-16T12:49:41.805516Z",
  "device": {
    "model": "moto g35 5G",
    "manufacturer": "motorola",
    "board": "manila",
    "hardware": "ums9620_2h10",
    "cpu_cores": 8,
    "ram_total_kb": 3497628,
    "android_version": "14",
    "sdk_int": 34,
    "abi": "arm64-v8a"
  },
  "backend": "RocksDB",
  "backend_key": "rocksdb",
  "readings_count": 200,
  "ingest_total_ms": 219.278154,
  "per_ingest_us": 1096.39077,
  "retrieval_samples": 50,
  "retrieval_latencies_us": [
    7658.538,
    7499.346,
    7409.077,
    7311.577,
    7312.769,
    7390.308,
    7421.385,
    7436.077,
    7740.769,
    7603.692,
    7745.423,
    8126.692,
    8136.038,
    8003.615,
    8123.23,
    8068.5,
    8109.538,
    8144.654,
    8060.769,
    8093.192,
    8072.461,
    8165.808,
    8153.27,
    8048.038,
    8107.539,
    8120.0,
    8127.884,
    8169.961,
    8143.461,
    8090.73,
    8115.462,
    8014.538,
    7634.5,
    7225.5,
    6957.693,
    6571.615,
    6555.269,
    6654.269,
    6528.077,
    6476.616,
    6531.846,
    6408.231,
    6417.346,
    5991.615,
    6099.538,
    5909.539,
    5895.462,
    5915.384,
    5923.192,
    5847.154
  ],
  "avg_retrieval_us": 7365.34374,
  "median_retrieval_us": 7634.5,
  "min_retrieval_us": 5847.154,
  "max_retrieval_us": 8169.961,
  "p50_retrieval_us": 7634.5,
  "p95_retrieval_us": 8153.27,
  "context_chars": 315,
  "context_tokens_est": 78,
  "synth_chars": 815,
  "synth_tokens_est": 203,
  "ram_before_kb": 170932,
  "ram_after_kb": 177552,
  "ram_delta_kb": 6620,
  "io_write_bytes_before": 147456,
  "io_write_bytes_after": 192512,
  "io_write_bytes_delta": 45056
}