{
  "type": "storage_only",
  "timestamp": "2026-04-16T07:34:18.633098Z",
  "device": {
    "model": "moto g35 5G",
    "manufacturer": "motorola",
    "board": "manila",
    "hardware": "ums9620_2h10",
    "cpu_cores": 8,
    "ram_total_kb": 3497628,
    "android_version": "14",
    "sdk_int": 34,
    "abi": "arm64-v8a"
  },
  "backend": "RocksDB",
  "backend_key": "rocksdb",
  "readings_count": 200,
  "ingest_total_ms": 223.171116,
  "per_ingest_us": 1115.85558,
  "retrieval_latencies_us": [
    6549.654,
    6350.154,
    6354.269,
    6688.884,
    6394.269,
    6774.885,
    5929.423,
    6025.462,
    5870.154,
    5835.0
  ],
  "avg_retrieval_us": 6277.215400000001,
  "min_retrieval_us": 5835.0,
  "max_retrieval_us": 6774.885,
  "p50_retrieval_us": 6354.269,
  "p95_retrieval_us": 6774.885,
  "context_chars": 315,
  "context_tokens_est": 78,
  "synth_chars": 815,
  "synth_tokens_est": 203,
  "ram_before_kb": 176388,
  "ram_after_kb": 182020,
  "ram_delta_kb": 5632,
  "io_write_bytes_before": 217088,
  "io_write_bytes_after": 262144,
  "io_write_bytes_delta": 45056
}