{
  "type": "storage_only",
  "timestamp": "2026-04-16T12:49:11.715751Z",
  "device": {
    "model": "moto g35 5G",
    "manufacturer": "motorola",
    "board": "manila",
    "hardware": "ums9620_2h10",
    "cpu_cores": 8,
    "ram_total_kb": 3497628,
    "android_version": "14",
    "sdk_int": 34,
    "abi": "arm64-v8a"
  },
  "backend": "RocksDB",
  "backend_key": "rocksdb",
  "readings_count": 200,
  "ingest_total_ms": 212.644307,
  "per_ingest_us": 1063.221535,
  "retrieval_samples": 50,
  "retrieval_latencies_us": [
    6022.5,
    5737.692,
    6342.731,
    5945.5,
    6102.077,
    5669.731,
    5603.192,
    5446.884,
    5597.385,
    5487.461,
    5595.153,
    5611.5,
    5571.769,
    5821.885,
    6043.0,
    6177.077,
    5986.116,
    6476.231,
    6248.923,
    6140.846,
    6270.385,
    6145.653,
    6238.307,
    6204.577,
    6240.539,
    6380.962,
    6318.654,
    6174.346,
    6141.077,
    6259.577,
    6215.0,
    6119.5,
    6094.077,
    6075.615,
    6127.654,
    6227.654,
    6215.462,
    6157.269,
    6336.654,
    6222.731,
    6304.038,
    6157.308,
    6154.654,
    6244.0,
    6003.807,
    5430.308,
    5173.269,
    5068.039,
    4711.115,
    4526.384
  ],
  "avg_retrieval_us": 5951.32536,
  "median_retrieval_us": 6140.846,
  "min_retrieval_us": 4526.384,
  "max_retrieval_us": 6476.231,
  "p50_retrieval_us": 6140.846,
  "p95_retrieval_us": 6342.731,
  "context_chars": 315,
  "context_tokens_est": 78,
  "synth_chars": 815,
  "synth_tokens_est": 203,
  "ram_before_kb": 170936,
  "ram_after_kb": 176992,
  "ram_delta_kb": 6056,
  "io_write_bytes_before": 225280,
  "io_write_bytes_after": 270336,
  "io_write_bytes_delta": 45056
}