{
  "type": "storage_only",
  "timestamp": "2026-04-16T07:34:01.100707Z",
  "device": {
    "model": "moto g35 5G",
    "manufacturer": "motorola",
    "board": "manila",
    "hardware": "ums9620_2h10",
    "cpu_cores": 8,
    "ram_total_kb": 3497628,
    "android_version": "14",
    "sdk_int": 34,
    "abi": "arm64-v8a"
  },
  "backend": "RocksDB",
  "backend_key": "rocksdb",
  "readings_count": 200,
  "ingest_total_ms": 229.487038,
  "per_ingest_us": 1147.43519,
  "retrieval_latencies_us": [
    7685.846,
    7187.615,
    7440.693,
    7306.462,
    7506.615,
    7946.923,
    7370.27,
    7129.077,
    7007.615,
    6937.769
  ],
  "avg_retrieval_us": 7351.888499999999,
  "min_retrieval_us": 6937.769,
  "max_retrieval_us": 7946.923,
  "p50_retrieval_us": 7370.27,
  "p95_retrieval_us": 7946.923,
  "context_chars": 315,
  "context_tokens_est": 78,
  "synth_chars": 815,
  "synth_tokens_est": 203,
  "ram_before_kb": 174540,
  "ram_after_kb": 181528,
  "ram_delta_kb": 6988,
  "io_write_bytes_before": 147456,
  "io_write_bytes_after": 192512,
  "io_write_bytes_delta": 45056
}