{
  "type": "storage_only",
  "timestamp": "2026-04-16T07:33:55.155032Z",
  "device": {
    "model": "moto g35 5G",
    "manufacturer": "motorola",
    "board": "manila",
    "hardware": "ums9620_2h10",
    "cpu_cores": 8,
    "ram_total_kb": 3497628,
    "android_version": "14",
    "sdk_int": 34,
    "abi": "arm64-v8a"
  },
  "backend": "RocksDB",
  "backend_key": "rocksdb",
  "readings_count": 200,
  "ingest_total_ms": 215.970461,
  "per_ingest_us": 1079.852305,
  "retrieval_latencies_us": [
    6596.654,
    6071.192,
    6117.346,
    6120.231,
    6082.923,
    6295.039,
    5957.269,
    5869.192,
    5966.923,
    6029.461
  ],
  "avg_retrieval_us": 6110.623000000001,
  "min_retrieval_us": 5869.192,
  "max_retrieval_us": 6596.654,
  "p50_retrieval_us": 6082.923,
  "p95_retrieval_us": 6596.654,
  "context_chars": 315,
  "context_tokens_est": 78,
  "synth_chars": 815,
  "synth_tokens_est": 203,
  "ram_before_kb": 175056,
  "ram_after_kb": 180868,
  "ram_delta_kb": 5812,
  "io_write_bytes_before": 208896,
  "io_write_bytes_after": 253952,
  "io_write_bytes_delta": 45056
}