{
  "type": "storage_only",
  "timestamp": "2026-04-16T13:47:49.939628Z",
  "device": {
    "model": "moto g35 5G",
    "manufacturer": "motorola",
    "board": "manila",
    "hardware": "ums9620_2h10",
    "cpu_cores": 8,
    "ram_total_kb": 3497628,
    "android_version": "14",
    "sdk_int": 34,
    "abi": "arm64-v8a"
  },
  "backend": "Valkey-Pipeline",
  "backend_key": "valkey-pipeline",
  "readings_count": 200,
  "ingest_total_ms": 343.441884,
  "per_ingest_us": 1717.20942,
  "retrieval_samples": 50,
  "retrieval_latencies_us": [
    3358.154,
    3072.538,
    3050.077,
    2860.269,
    2644.308,
    2906.116,
    3132.308,
    2875.5,
    2683.654,
    2462.807,
    2517.539,
    2530.346,
    2603.308,
    2555.884,
    2576.384,
    2409.5,
    2308.731,
    2262.0,
    2277.577,
    2341.5,
    2465.0,
    2390.154,
    2199.269,
    2326.346,
    2316.654,
    2351.77,
    2478.115,
    2412.615,
    2426.808,
    2282.5,
    2338.462,
    2280.923,
    2329.5,
    2323.769,
    2080.423,
    2587.692,
    2485.153,
    2345.577,
    2333.423,
    2238.961,
    2158.538,
    2314.346,
    2341.308,
    2195.769,
    2044.346,
    1911.577,
    1937.308,
    1905.5,
    2140.962,
    1948.193
  ],
  "avg_retrieval_us": 2426.3892200000005,
  "median_retrieval_us": 2345.577,
  "min_retrieval_us": 1905.5,
  "max_retrieval_us": 3358.154,
  "p50_retrieval_us": 2345.577,
  "p95_retrieval_us": 3072.538,
  "context_chars": 315,
  "context_tokens_est": 78,
  "synth_chars": 815,
  "synth_tokens_est": 203,
  "ram_before_kb": 163608,
  "ram_after_kb": 163032,
  "ram_delta_kb": -576,
  "io_write_bytes_before": 4096,
  "io_write_bytes_after": 4096,
  "io_write_bytes_delta": 0
}