{
  "type": "storage_only",
  "timestamp": "2026-04-16T13:47:09.239527Z",
  "device": {
    "model": "moto g35 5G",
    "manufacturer": "motorola",
    "board": "manila",
    "hardware": "ums9620_2h10",
    "cpu_cores": 8,
    "ram_total_kb": 3497628,
    "android_version": "14",
    "sdk_int": 34,
    "abi": "arm64-v8a"
  },
  "backend": "Valkey-Pipeline",
  "backend_key": "valkey-pipeline",
  "readings_count": 200,
  "ingest_total_ms": 337.443384,
  "per_ingest_us": 1687.21692,
  "retrieval_samples": 50,
  "retrieval_latencies_us": [
    3430.5,
    3097.269,
    2934.769,
    3471.5,
    3319.846,
    3576.654,
    2897.346,
    2855.461,
    2876.423,
    2605.346,
    2866.423,
    3237.846,
    3194.346,
    2958.5,
    2767.077,
    4158.577,
    4030.5,
    2891.5,
    2689.346,
    2567.923,
    2751.462,
    2702.384,
    2626.346,
    2762.769,
    2912.077,
    2672.538,
    2616.654,
    2755.5,
    2631.615,
    2602.077,
    2540.23,
    2616.423,
    2504.23,
    2974.461,
    2758.577,
    2821.693,
    2780.308,
    3097.231,
    2653.231,
    3557.192,
    2727.346,
    2661.884,
    2477.346,
    2563.346,
    2547.039,
    2379.384,
    2356.615,
    2303.807,
    2452.308,
    2355.808
  ],
  "avg_retrieval_us": 2851.78066,
  "median_retrieval_us": 2758.577,
  "min_retrieval_us": 2303.807,
  "max_retrieval_us": 4158.577,
  "p50_retrieval_us": 2758.577,
  "p95_retrieval_us": 3576.654,
  "context_chars": 315,
  "context_tokens_est": 78,
  "synth_chars": 815,
  "synth_tokens_est": 203,
  "ram_before_kb": 161568,
  "ram_after_kb": 163300,
  "ram_delta_kb": 1732,
  "io_write_bytes_before": 8192,
  "io_write_bytes_after": 8192,
  "io_write_bytes_delta": 0
}