{
  "type": "storage_only",
  "timestamp": "2026-04-16T13:47:38.216490Z",
  "device": {
    "model": "moto g35 5G",
    "manufacturer": "motorola",
    "board": "manila",
    "hardware": "ums9620_2h10",
    "cpu_cores": 8,
    "ram_total_kb": 3497628,
    "android_version": "14",
    "sdk_int": 34,
    "abi": "arm64-v8a"
  },
  "backend": "Valkey-Pipeline",
  "backend_key": "valkey-pipeline",
  "readings_count": 200,
  "ingest_total_ms": 360.6575,
  "per_ingest_us": 1803.2875,
  "retrieval_samples": 50,
  "retrieval_latencies_us": [
    3724.731,
    3220.346,
    3245.885,
    3272.231,
    3046.5,
    2661.231,
    2895.731,
    2858.347,
    3382.577,
    3211.73,
    3276.0,
    2589.038,
    2792.769,
    2421.461,
    2778.231,
    2609.692,
    2845.654,
    2708.577,
    2810.462,
    2673.385,
    2709.5,
    2656.923,
    2664.577,
    2686.769,
    2686.0,
    2505.731,
    2462.23,
    2545.193,
    2507.769,
    2742.154,
    2674.423,
    2500.385,
    2484.423,
    2512.693,
    2763.462,
    2552.423,
    2316.115,
    2304.461,
    2320.308,
    2110.961,
    2369.038,
    2216.154,
    2279.5,
    2302.039,
    2203.731,
    2158.616,
    2180.961,
    2156.347,
    1969.5,
    2107.038
  ],
  "avg_retrieval_us": 2633.480039999999,
  "median_retrieval_us": 2656.923,
  "min_retrieval_us": 1969.5,
  "max_retrieval_us": 3724.731,
  "p50_retrieval_us": 2656.923,
  "p95_retrieval_us": 3276.0,
  "context_chars": 315,
  "context_tokens_est": 78,
  "synth_chars": 815,
  "synth_tokens_est": 203,
  "ram_before_kb": 161548,
  "ram_after_kb": 163000,
  "ram_delta_kb": 1452,
  "io_write_bytes_before": 0,
  "io_write_bytes_after": 0,
  "io_write_bytes_delta": 0
}