{
  "type": "storage_only",
  "timestamp": "2026-04-16T13:47:26.650615Z",
  "device": {
    "model": "moto g35 5G",
    "manufacturer": "motorola",
    "board": "manila",
    "hardware": "ums9620_2h10",
    "cpu_cores": 8,
    "ram_total_kb": 3497628,
    "android_version": "14",
    "sdk_int": 34,
    "abi": "arm64-v8a"
  },
  "backend": "Valkey-Pipeline",
  "backend_key": "valkey-pipeline",
  "readings_count": 200,
  "ingest_total_ms": 343.164422,
  "per_ingest_us": 1715.82211,
  "retrieval_samples": 50,
  "retrieval_latencies_us": [
    3552.577,
    3443.231,
    2588.616,
    2332.077,
    2577.731,
    3154.039,
    2471.692,
    2295.769,
    2710.731,
    2487.116,
    2877.231,
    2819.731,
    2724.039,
    2769.038,
    2764.192,
    2735.269,
    2530.462,
    2768.077,
    2571.77,
    2746.923,
    2857.192,
    2675.923,
    2742.577,
    2795.808,
    2990.5,
    2780.038,
    2728.923,
    2732.846,
    2526.231,
    2729.616,
    2738.693,
    2400.077,
    2719.116,
    2506.846,
    2511.615,
    2620.423,
    2404.808,
    2516.192,
    2297.346,
    2220.038,
    2072.808,
    2094.962,
    2036.769,
    2156.346,
    1972.654,
    1921.346,
    1831.693,
    1911.115,
    1770.077,
    2098.693
  ],
  "avg_retrieval_us": 2545.6316400000005,
  "median_retrieval_us": 2588.616,
  "min_retrieval_us": 1770.077,
  "max_retrieval_us": 3552.577,
  "p50_retrieval_us": 2588.616,
  "p95_retrieval_us": 3154.039,
  "context_chars": 315,
  "context_tokens_est": 78,
  "synth_chars": 815,
  "synth_tokens_est": 203,
  "ram_before_kb": 161616,
  "ram_after_kb": 163040,
  "ram_delta_kb": 1424,
  "io_write_bytes_before": 0,
  "io_write_bytes_after": 0,
  "io_write_bytes_delta": 0
}