{
  "type": "storage_only",
  "timestamp": "2026-04-16T13:47:15.050841Z",
  "device": {
    "model": "moto g35 5G",
    "manufacturer": "motorola",
    "board": "manila",
    "hardware": "ums9620_2h10",
    "cpu_cores": 8,
    "ram_total_kb": 3497628,
    "android_version": "14",
    "sdk_int": 34,
    "abi": "arm64-v8a"
  },
  "backend": "Valkey-Pipeline",
  "backend_key": "valkey-pipeline",
  "readings_count": 200,
  "ingest_total_ms": 328.156038,
  "per_ingest_us": 1640.78019,
  "retrieval_samples": 50,
  "retrieval_latencies_us": [
    3799.346,
    3196.423,
    3249.5,
    2982.692,
    3051.116,
    3232.308,
    3000.115,
    2929.923,
    2997.077,
    2968.654,
    2985.769,
    3042.154,
    2652.539,
    2960.154,
    2753.192,
    2545.423,
    2700.462,
    2642.154,
    2663.153,
    2754.5,
    2782.077,
    2685.039,
    2706.423,
    2737.5,
    2594.962,
    2786.539,
    2640.654,
    2712.462,
    2776.039,
    2611.924,
    2572.038,
    2607.076,
    2658.962,
    2719.5,
    2737.577,
    2582.23,
    2695.423,
    2936.462,
    2574.654,
    2544.577,
    2588.154,
    2568.846,
    2654.577,
    2574.961,
    2236.308,
    2249.73,
    2275.0,
    2399.616,
    2375.654,
    2352.308
  ],
  "avg_retrieval_us": 2740.87852,
  "median_retrieval_us": 2700.462,
  "min_retrieval_us": 2236.308,
  "max_retrieval_us": 3799.346,
  "p50_retrieval_us": 2700.462,
  "p95_retrieval_us": 3232.308,
  "context_chars": 315,
  "context_tokens_est": 78,
  "synth_chars": 815,
  "synth_tokens_est": 203,
  "ram_before_kb": 161944,
  "ram_after_kb": 163264,
  "ram_delta_kb": 1320,
  "io_write_bytes_before": 0,
  "io_write_bytes_after": 0,
  "io_write_bytes_delta": 0
}