{
  "type": "storage_only",
  "timestamp": "2026-04-16T13:47:32.451348Z",
  "device": {
    "model": "moto g35 5G",
    "manufacturer": "motorola",
    "board": "manila",
    "hardware": "ums9620_2h10",
    "cpu_cores": 8,
    "ram_total_kb": 3497628,
    "android_version": "14",
    "sdk_int": 34,
    "abi": "arm64-v8a"
  },
  "backend": "Valkey-Pipeline",
  "backend_key": "valkey-pipeline",
  "readings_count": 200,
  "ingest_total_ms": 356.407538,
  "per_ingest_us": 1782.03769,
  "retrieval_samples": 50,
  "retrieval_latencies_us": [
    3490.385,
    3389.154,
    3068.346,
    2893.423,
    3204.923,
    3113.308,
    2856.039,
    2844.923,
    2806.962,
    3379.653,
    3545.5,
    3254.307,
    3107.039,
    2799.731,
    2450.077,
    3032.923,
    4553.846,
    4141.731,
    2653.461,
    2651.615,
    2757.539,
    2695.423,
    2609.077,
    2726.231,
    2819.231,
    2894.846,
    2791.538,
    2639.077,
    2648.0,
    2613.77,
    2547.423,
    2646.653,
    2520.846,
    2563.577,
    2439.154,
    2875.577,
    2730.846,
    2908.384,
    2706.077,
    2677.577,
    2616.654,
    2565.308,
    2611.039,
    2744.654,
    2269.115,
    2390.923,
    2951.808,
    2222.808,
    2448.961,
    2311.346
  ],
  "avg_retrieval_us": 2843.6161600000005,
  "median_retrieval_us": 2744.654,
  "min_retrieval_us": 2222.808,
  "max_retrieval_us": 4553.846,
  "p50_retrieval_us": 2744.654,
  "p95_retrieval_us": 3545.5,
  "context_chars": 315,
  "context_tokens_est": 78,
  "synth_chars": 815,
  "synth_tokens_est": 203,
  "ram_before_kb": 163764,
  "ram_after_kb": 163196,
  "ram_delta_kb": -568,
  "io_write_bytes_before": 0,
  "io_write_bytes_after": 0,
  "io_write_bytes_delta": 0
}