{
  "type": "storage_only",
  "timestamp": "2026-04-16T13:47:44.022506Z",
  "device": {
    "model": "moto g35 5G",
    "manufacturer": "motorola",
    "board": "manila",
    "hardware": "ums9620_2h10",
    "cpu_cores": 8,
    "ram_total_kb": 3497628,
    "android_version": "14",
    "sdk_int": 34,
    "abi": "arm64-v8a"
  },
  "backend": "Valkey-Pipeline",
  "backend_key": "valkey-pipeline",
  "readings_count": 200,
  "ingest_total_ms": 325.13,
  "per_ingest_us": 1625.65,
  "retrieval_samples": 50,
  "retrieval_latencies_us": [
    3305.538,
    2365.923,
    2923.539,
    2495.808,
    2789.308,
    2583.269,
    2277.808,
    4722.962,
    1728.269,
    3014.039,
    2190.346,
    2305.423,
    3313.73,
    2200.269,
    2112.461,
    2380.27,
    2106.423,
    2376.154,
    2511.307,
    2221.0,
    2256.769,
    2143.653,
    2208.577,
    2198.346,
    2232.692,
    2213.654,
    2191.115,
    2233.154,
    2027.654,
    2230.116,
    2130.615,
    2159.539,
    2066.539,
    2191.961,
    2163.808,
    2497.808,
    2275.038,
    2187.923,
    2171.5,
    2101.423,
    2091.5,
    2093.577,
    1940.808,
    2210.577,
    1986.0,
    2152.192,
    2031.577,
    1964.961,
    1837.923,
    2112.5
  ],
  "avg_retrieval_us": 2324.5469000000003,
  "median_retrieval_us": 2200.269,
  "min_retrieval_us": 1728.269,
  "max_retrieval_us": 4722.962,
  "p50_retrieval_us": 2200.269,
  "p95_retrieval_us": 3305.538,
  "context_chars": 315,
  "context_tokens_est": 78,
  "synth_chars": 815,
  "synth_tokens_est": 203,
  "ram_before_kb": 161392,
  "ram_after_kb": 162960,
  "ram_delta_kb": 1568,
  "io_write_bytes_before": 4096,
  "io_write_bytes_after": 4096,
  "io_write_bytes_delta": 0
}