{
  "type": "storage_only",
  "timestamp": "2026-04-16T13:47:55.686949Z",
  "device": {
    "model": "moto g35 5G",
    "manufacturer": "motorola",
    "board": "manila",
    "hardware": "ums9620_2h10",
    "cpu_cores": 8,
    "ram_total_kb": 3497628,
    "android_version": "14",
    "sdk_int": 34,
    "abi": "arm64-v8a"
  },
  "backend": "Valkey-Pipeline",
  "backend_key": "valkey-pipeline",
  "readings_count": 200,
  "ingest_total_ms": 311.735153,
  "per_ingest_us": 1558.675765,
  "retrieval_samples": 50,
  "retrieval_latencies_us": [
    3977.038,
    3148.962,
    3186.423,
    3374.0,
    3016.5,
    3274.731,
    2895.385,
    2628.077,
    2829.692,
    2588.038,
    2616.231,
    3199.193,
    2542.346,
    2676.615,
    2625.0,
    2905.5,
    2484.577,
    2693.731,
    3031.269,
    2606.423,
    2796.769,
    2639.538,
    2719.0,
    2790.808,
    2677.231,
    2707.615,
    2690.885,
    2457.461,
    2701.769,
    2680.115,
    2555.231,
    2648.538,
    2616.115,
    2435.577,
    2588.962,
    2791.462,
    2567.461,
    2556.27,
    2650.693,
    2417.154,
    2662.115,
    2572.462,
    2626.616,
    2515.5,
    2292.308,
    2136.5,
    2171.269,
    2235.961,
    2461.577,
    2181.5
  ],
  "avg_retrieval_us": 2696.88386,
  "median_retrieval_us": 2648.538,
  "min_retrieval_us": 2136.5,
  "max_retrieval_us": 3977.038,
  "p50_retrieval_us": 2648.538,
  "p95_retrieval_us": 3274.731,
  "context_chars": 315,
  "context_tokens_est": 78,
  "synth_chars": 815,
  "synth_tokens_est": 203,
  "ram_before_kb": 161568,
  "ram_after_kb": 163144,
  "ram_delta_kb": 1576,
  "io_write_bytes_before": 4096,
  "io_write_bytes_after": 4096,
  "io_write_bytes_delta": 0
}