{
  "type": "storage_only",
  "timestamp": "2026-04-16T13:47:20.841835Z",
  "device": {
    "model": "moto g35 5G",
    "manufacturer": "motorola",
    "board": "manila",
    "hardware": "ums9620_2h10",
    "cpu_cores": 8,
    "ram_total_kb": 3497628,
    "android_version": "14",
    "sdk_int": 34,
    "abi": "arm64-v8a"
  },
  "backend": "Valkey-Pipeline",
  "backend_key": "valkey-pipeline",
  "readings_count": 200,
  "ingest_total_ms": 367.375499,
  "per_ingest_us": 1836.877495,
  "retrieval_samples": 50,
  "retrieval_latencies_us": [
    3682.962,
    3448.462,
    3304.654,
    3055.846,
    3208.923,
    3271.346,
    3178.231,
    3111.615,
    2588.0,
    2739.923,
    2843.923,
    2559.615,
    2456.0,
    2725.962,
    2549.0,
    2579.423,
    2670.115,
    2562.885,
    2444.538,
    2572.039,
    2570.769,
    2471.154,
    2655.5,
    2704.269,
    2691.0,
    2653.653,
    2658.577,
    2549.961,
    2444.808,
    2405.077,
    2338.461,
    2273.769,
    2389.808,
    2429.0,
    2131.5,
    2541.154,
    2367.5,
    2198.115,
    2067.807,
    2205.462,
    2171.269,
    2188.077,
    2050.385,
    2225.462,
    2000.154,
    2077.039,
    1991.808,
    2265.193,
    1949.577,
    2033.077
  ],
  "avg_retrieval_us": 2545.0569400000004,
  "median_retrieval_us": 2549.0,
  "min_retrieval_us": 1949.577,
  "max_retrieval_us": 3682.962,
  "p50_retrieval_us": 2549.0,
  "p95_retrieval_us": 3304.654,
  "context_chars": 315,
  "context_tokens_est": 78,
  "synth_chars": 815,
  "synth_tokens_est": 203,
  "ram_before_kb": 161568,
  "ram_after_kb": 162996,
  "ram_delta_kb": 1428,
  "io_write_bytes_before": 0,
  "io_write_bytes_after": 0,
  "io_write_bytes_delta": 0
}