{
  "type": "storage_only",
  "timestamp": "2026-04-16T13:47:03.173716Z",
  "device": {
    "model": "moto g35 5G",
    "manufacturer": "motorola",
    "board": "manila",
    "hardware": "ums9620_2h10",
    "cpu_cores": 8,
    "ram_total_kb": 3497628,
    "android_version": "14",
    "sdk_int": 34,
    "abi": "arm64-v8a"
  },
  "backend": "Valkey-Pipeline",
  "backend_key": "valkey-pipeline",
  "readings_count": 200,
  "ingest_total_ms": 155.821346,
  "per_ingest_us": 779.10673,
  "retrieval_samples": 50,
  "retrieval_latencies_us": [
    3060.731,
    2599.308,
    4178.962,
    2370.347,
    2355.346,
    2065.039,
    2130.654,
    1974.962,
    1772.115,
    1878.116,
    1938.615,
    1837.0,
    2122.154,
    1919.346,
    1675.0,
    1884.615,
    1822.808,
    1877.539,
    1654.962,
    1613.384,
    1506.385,
    1461.5,
    1523.692,
    1426.154,
    1506.462,
    1415.153,
    1542.115,
    1339.347,
    1491.615,
    1599.308,
    1498.0,
    1425.384,
    2005.384,
    2113.231,
    1859.154,
    1966.193,
    1827.692,
    1906.616,
    1812.77,
    1931.769,
    1542.154,
    1918.615,
    2119.769,
    1895.808,
    1967.846,
    1445.5,
    1472.192,
    1620.462,
    1490.231,
    1642.154
  ],
  "avg_retrieval_us": 1860.0731599999997,
  "median_retrieval_us": 1837.0,
  "min_retrieval_us": 1339.347,
  "max_retrieval_us": 4178.962,
  "p50_retrieval_us": 1837.0,
  "p95_retrieval_us": 2599.308,
  "context_chars": 315,
  "context_tokens_est": 78,
  "synth_chars": 815,
  "synth_tokens_est": 203,
  "ram_before_kb": 162760,
  "ram_after_kb": 164168,
  "ram_delta_kb": 1408,
  "io_write_bytes_before": 0,
  "io_write_bytes_after": 0,
  "io_write_bytes_delta": 0
}