{
  "type": "storage_only",
  "timestamp": "2026-04-24T05:13:28.272185Z",
  "device": {
    "model": "moto g35 5G",
    "manufacturer": "motorola",
    "board": "manila",
    "hardware": "ums9620_2h10",
    "cpu_cores": 8,
    "ram_total_kb": 3497628,
    "android_version": "14",
    "sdk_int": 34,
    "abi": "arm64-v8a"
  },
  "backend": "Dazzle-Precompute",
  "backend_key": "dazzle-precompute",
  "readings_count": 400,
  "ingest_total_ms": 538.034615,
  "per_ingest_us": 1345.0865375,
  "retrieval_samples": 100,
  "retrieval_latencies_us": [
    203.693,
    142.231,
    151.385,
    146.346,
    164.154,
    173.307,
    136.115,
    145.23,
    163.731,
    138.962,
    164.654,
    291.808,
    135.154,
    132.961,
    137.961,
    145.461,
    133.577,
    131.346,
    124.346,
    130.154,
    135.77,
    139.269,
    132.346,
    158.5,
    138.154,
    145.038,
    214.384,
    177.154,
    131.807,
    119.769,
    136.0,
    122.539,
    115.0,
    129.154,
    115.692,
    129.807,
    126.116,
    114.693,
    126.115,
    122.308,
    125.692,
    124.885,
    124.923,
    114.808,
    123.885,
    145.961,
    117.192,
    132.692,
    116.461,
    128.154,
    142.423,
    187.384,
    194.731,
    122.116,
    115.077,
    134.654,
    127.615,
    115.769,
    127.462,
    122.385,
    126.538,
    128.731,
    123.038,
    115.961,
    121.231,
    128.039,
    117.5,
    125.923,
    114.923,
    124.231,
    147.192,
    116.961,
    126.346,
    125.616,
    115.961,
    138.462,
    625.808,
    75.423,
    67.5,
    58.154,
    65.539,
    59.077,
    71.423,
    53.923,
    47.5,
    51.731,
    48.961,
    53.461,
    39.654,
    45.576,
    51.5,
    40.423,
    45.923,
    40.269,
    44.769,
    56.616,
    41.807,
    47.923,
    46.615,
    43.577
  ],
  "avg_retrieval_us": 122.86265000000004,
  "median_retrieval_us": 125.923,
  "min_retrieval_us": 39.654,
  "max_retrieval_us": 625.808,
  "p50_retrieval_us": 125.923,
  "p95_retrieval_us": 194.731,
  "context_chars": 188,
  "context_tokens_est": 47,
  "synth_chars": 1445,
  "synth_tokens_est": 361,
  "ram_before_kb": 160452,
  "ram_after_kb": 162308,
  "ram_delta_kb": 1856,
  "io_write_bytes_before": 4096,
  "io_write_bytes_after": 4096,
  "io_write_bytes_delta": 0
}