{
  "type": "storage_only",
  "timestamp": "2026-04-24T05:13:39.844047Z",
  "device": {
    "model": "moto g35 5G",
    "manufacturer": "motorola",
    "board": "manila",
    "hardware": "ums9620_2h10",
    "cpu_cores": 8,
    "ram_total_kb": 3497628,
    "android_version": "14",
    "sdk_int": 34,
    "abi": "arm64-v8a"
  },
  "backend": "Dazzle-Precompute",
  "backend_key": "dazzle-precompute",
  "readings_count": 400,
  "ingest_total_ms": 483.057,
  "per_ingest_us": 1207.6425,
  "retrieval_samples": 100,
  "retrieval_latencies_us": [
    200.808,
    153.154,
    162.961,
    172.308,
    150.616,
    179.538,
    150.577,
    160.077,
    171.077,
    149.769,
    173.807,
    161.077,
    149.616,
    162.307,
    169.577,
    162.615,
    169.192,
    161.731,
    195.154,
    204.808,
    152.654,
    156.423,
    145.923,
    135.885,
    144.038,
    161.038,
    136.154,
    153.423,
    147.807,
    135.616,
    163.269,
    144.039,
    135.346,
    153.385,
    135.0,
    148.769,
    146.808,
    134.808,
    143.077,
    146.731,
    300.423,
    148.653,
    144.385,
    136.77,
    146.307,
    168.808,
    137.961,
    144.615,
    135.231,
    150.692,
    169.385,
    137.231,
    148.615,
    144.269,
    139.231,
    165.384,
    147.039,
    136.308,
    149.885,
    144.846,
    150.461,
    194.154,
    129.347,
    115.808,
    127.538,
    126.654,
    116.846,
    129.039,
    114.423,
    123.424,
    137.115,
    118.423,
    126.192,
    132.73,
    115.962,
    138.808,
    126.384,
    115.385,
    124.961,
    114.693,
    130.615,
    124.077,
    114.616,
    125.539,
    146.885,
    170.923,
    464.846,
    75.27,
    52.5,
    57.039,
    69.0,
    51.5,
    54.385,
    49.846,
    52.808,
    64.5,
    51.385,
    58.769,
    62.461,
    51.269
  ],
  "avg_retrieval_us": 139.83580000000003,
  "median_retrieval_us": 144.269,
  "min_retrieval_us": 49.846,
  "max_retrieval_us": 464.846,
  "p50_retrieval_us": 144.269,
  "p95_retrieval_us": 195.154,
  "context_chars": 188,
  "context_tokens_est": 47,
  "synth_chars": 1445,
  "synth_tokens_est": 361,
  "ram_before_kb": 160500,
  "ram_after_kb": 162288,
  "ram_delta_kb": 1788,
  "io_write_bytes_before": 4096,
  "io_write_bytes_after": 4096,
  "io_write_bytes_delta": 0
}