{
  "type": "storage_only",
  "timestamp": "2026-04-24T05:13:34.046841Z",
  "device": {
    "model": "moto g35 5G",
    "manufacturer": "motorola",
    "board": "manila",
    "hardware": "ums9620_2h10",
    "cpu_cores": 8,
    "ram_total_kb": 3497628,
    "android_version": "14",
    "sdk_int": 34,
    "abi": "arm64-v8a"
  },
  "backend": "Dazzle-Precompute",
  "backend_key": "dazzle-precompute",
  "readings_count": 400,
  "ingest_total_ms": 507.704307,
  "per_ingest_us": 1269.2607675,
  "retrieval_samples": 100,
  "retrieval_latencies_us": [
    234.847,
    194.039,
    214.654,
    202.269,
    191.5,
    224.0,
    191.884,
    206.23,
    214.077,
    190.461,
    221.307,
    203.77,
    190.539,
    204.307,
    208.076,
    205.27,
    208.116,
    204.077,
    191.231,
    200.539,
    207.308,
    235.115,
    205.038,
    194.308,
    203.577,
    226.423,
    192.539,
    207.769,
    208.346,
    191.0,
    217.653,
    205.154,
    190.731,
    211.385,
    192.27,
    210.385,
    207.384,
    241.038,
    214.423,
    189.962,
    195.308,
    193.269,
    189.962,
    174.769,
    185.538,
    220.731,
    176.923,
    186.039,
    173.192,
    192.077,
    211.923,
    177.116,
    188.039,
    188.5,
    215.962,
    161.577,
    147.308,
    137.192,
    150.769,
    147.307,
    149.884,
    151.693,
    144.654,
    136.885,
    152.116,
    149.653,
    139.423,
    145.0,
    136.346,
    147.539,
    162.346,
    138.115,
    151.962,
    148.115,
    137.769,
    196.769,
    138.077,
    107.231,
    112.577,
    105.884,
    116.5,
    117.154,
    106.039,
    116.808,
    116.039,
    115.884,
    117.577,
    115.846,
    106.116,
    115.885,
    129.885,
    107.962,
    114.847,
    105.423,
    115.5,
    135.962,
    107.808,
    114.538,
    115.769,
    106.039
  ],
  "avg_retrieval_us": 170.16121000000007,
  "median_retrieval_us": 188.039,
  "min_retrieval_us": 105.423,
  "max_retrieval_us": 241.038,
  "p50_retrieval_us": 188.039,
  "p95_retrieval_us": 224.0,
  "context_chars": 188,
  "context_tokens_est": 47,
  "synth_chars": 1445,
  "synth_tokens_est": 361,
  "ram_before_kb": 162420,
  "ram_after_kb": 162024,
  "ram_delta_kb": -396,
  "io_write_bytes_before": 0,
  "io_write_bytes_after": 0,
  "io_write_bytes_delta": 0
}