{
  "type": "storage_only",
  "timestamp": "2026-04-24T05:13:22.580551Z",
  "device": {
    "model": "moto g35 5G",
    "manufacturer": "motorola",
    "board": "manila",
    "hardware": "ums9620_2h10",
    "cpu_cores": 8,
    "ram_total_kb": 3497628,
    "android_version": "14",
    "sdk_int": 34,
    "abi": "arm64-v8a"
  },
  "backend": "Dazzle-Precompute",
  "backend_key": "dazzle-precompute",
  "readings_count": 400,
  "ingest_total_ms": 484.794461,
  "per_ingest_us": 1211.9861525,
  "retrieval_samples": 100,
  "retrieval_latencies_us": [
    280.731,
    228.039,
    239.462,
    238.0,
    223.693,
    270.654,
    224.077,
    240.308,
    242.5,
    223.5,
    257.0,
    239.154,
    223.423,
    278.077,
    238.654,
    243.539,
    241.962,
    237.846,
    223.577,
    236.615,
    242.5,
    241.808,
    238.154,
    223.846,
    237.769,
    255.424,
    349.115,
    237.269,
    195.0,
    174.923,
    205.154,
    187.616,
    173.462,
    194.0,
    174.308,
    195.77,
    190.0,
    172.539,
    186.923,
    190.0,
    193.846,
    191.192,
    185.808,
    210.038,
    193.269,
    216.423,
    176.616,
    185.577,
    173.039,
    184.5,
    206.077,
    177.539,
    197.077,
    187.423,
    172.616,
    207.846,
    187.346,
    173.808,
    191.77,
    186.192,
    247.154,
    406.385,
    133.538,
    124.808,
    132.115,
    136.423,
    126.731,
    134.462,
    124.038,
    132.077,
    148.654,
    126.0,
    132.346,
    131.308,
    125.0,
    151.539,
    141.384,
    125.269,
    135.154,
    123.5,
    137.461,
    137.962,
    123.923,
    630.423,
    86.769,
    69.269,
    63.154,
    59.192,
    57.5,
    59.461,
    65.654,
    55.73,
    60.0,
    62.423,
    61.884,
    70.808,
    57.076,
    66.538,
    59.384,
    55.5
  ],
  "avg_retrieval_us": 179.72388999999995,
  "median_retrieval_us": 186.923,
  "min_retrieval_us": 55.5,
  "max_retrieval_us": 630.423,
  "p50_retrieval_us": 186.923,
  "p95_retrieval_us": 278.077,
  "context_chars": 188,
  "context_tokens_est": 47,
  "synth_chars": 1445,
  "synth_tokens_est": 361,
  "ram_before_kb": 159532,
  "ram_after_kb": 161032,
  "ram_delta_kb": 1500,
  "io_write_bytes_before": 12288,
  "io_write_bytes_after": 12288,
  "io_write_bytes_delta": 0
}