{
  "type": "storage_only",
  "timestamp": "2026-04-24T05:13:45.571360Z",
  "device": {
    "model": "moto g35 5G",
    "manufacturer": "motorola",
    "board": "manila",
    "hardware": "ums9620_2h10",
    "cpu_cores": 8,
    "ram_total_kb": 3497628,
    "android_version": "14",
    "sdk_int": 34,
    "abi": "arm64-v8a"
  },
  "backend": "Dazzle-Precompute",
  "backend_key": "dazzle-precompute",
  "readings_count": 400,
  "ingest_total_ms": 472.800923,
  "per_ingest_us": 1182.0023075,
  "retrieval_samples": 100,
  "retrieval_latencies_us": [
    197.077,
    152.231,
    144.462,
    147.961,
    138.731,
    183.347,
    136.423,
    146.154,
    155.961,
    137.231,
    166.154,
    148.231,
    139.077,
    145.539,
    149.423,
    152.269,
    148.192,
    145.846,
    135.038,
    151.577,
    152.577,
    149.461,
    150.039,
    154.73,
    145.577,
    160.193,
    136.116,
    149.347,
    147.269,
    135.539,
    155.539,
    142.846,
    136.0,
    149.884,
    135.576,
    148.27,
    148.153,
    134.654,
    146.769,
    143.461,
    146.653,
    148.73,
    147.769,
    135.616,
    145.423,
    328.193,
    140.077,
    147.0,
    135.384,
    148.269,
    163.769,
    137.192,
    144.807,
    151.307,
    136.0,
    158.961,
    147.154,
    136.192,
    149.692,
    146.924,
    149.038,
    148.0,
    143.846,
    137.0,
    147.615,
    148.731,
    155.308,
    246.346,
    116.461,
    124.923,
    140.308,
    120.308,
    124.577,
    124.269,
    115.615,
    137.423,
    130.077,
    117.193,
    125.231,
    117.269,
    127.231,
    131.154,
    118.231,
    144.923,
    124.5,
    129.384,
    125.192,
    122.192,
    115.885,
    130.0,
    134.654,
    116.615,
    423.231,
    65.807,
    63.192,
    68.077,
    51.308,
    57.885,
    58.0,
    49.269
  ],
  "avg_retrieval_us": 141.64304,
  "median_retrieval_us": 144.462,
  "min_retrieval_us": 49.269,
  "max_retrieval_us": 423.231,
  "p50_retrieval_us": 144.462,
  "p95_retrieval_us": 183.347,
  "context_chars": 188,
  "context_tokens_est": 47,
  "synth_chars": 1445,
  "synth_tokens_est": 361,
  "ram_before_kb": 161144,
  "ram_after_kb": 162916,
  "ram_delta_kb": 1772,
  "io_write_bytes_before": 0,
  "io_write_bytes_after": 0,
  "io_write_bytes_delta": 0
}