{
  "type": "storage_only",
  "timestamp": "2026-04-16T12:46:09.338315Z",
  "device": {
    "model": "moto g35 5G",
    "manufacturer": "motorola",
    "board": "manila",
    "hardware": "ums9620_2h10",
    "cpu_cores": 8,
    "ram_total_kb": 3497628,
    "android_version": "14",
    "sdk_int": 34,
    "abi": "arm64-v8a"
  },
  "backend": "Valkey-HFE",
  "backend_key": "valkey-hfe",
  "readings_count": 200,
  "ingest_total_ms": 477.443807,
  "per_ingest_us": 2387.219035,
  "retrieval_samples": 50,
  "retrieval_latencies_us": [
    4486.807,
    3757.154,
    3895.538,
    4380.0,
    3884.423,
    4439.654,
    6072.077,
    4165.884,
    4043.5,
    5401.885,
    4480.115,
    4286.884,
    5692.424,
    4904.692,
    4481.0,
    3882.769,
    3909.538,
    4435.462,
    4196.731,
    5540.23,
    4849.654,
    4872.462,
    5037.154,
    5074.192,
    6154.193,
    5575.847,
    6143.5,
    6093.346,
    6763.769,
    6894.577,
    5227.846,
    6304.269,
    3949.0,
    4707.192,
    4142.192,
    4106.846,
    5604.077,
    4465.5,
    4318.384,
    4628.808,
    4031.423,
    4471.077,
    3994.731,
    4415.346,
    3948.846,
    7531.231,
    3915.154,
    4141.692,
    3994.654,
    5614.885
  ],
  "avg_retrieval_us": 4826.17228,
  "median_retrieval_us": 4480.115,
  "min_retrieval_us": 3757.154,
  "max_retrieval_us": 7531.231,
  "p50_retrieval_us": 4480.115,
  "p95_retrieval_us": 6763.769,
  "context_chars": 315,
  "context_tokens_est": 78,
  "synth_chars": 835,
  "synth_tokens_est": 208,
  "ram_before_kb": 161224,
  "ram_after_kb": 162672,
  "ram_delta_kb": 1448,
  "io_write_bytes_before": 4096,
  "io_write_bytes_after": 4096,
  "io_write_bytes_delta": 0
}