{
  "type": "storage_only",
  "timestamp": "2026-04-16T12:46:44.546814Z",
  "device": {
    "model": "moto g35 5G",
    "manufacturer": "motorola",
    "board": "manila",
    "hardware": "ums9620_2h10",
    "cpu_cores": 8,
    "ram_total_kb": 3497628,
    "android_version": "14",
    "sdk_int": 34,
    "abi": "arm64-v8a"
  },
  "backend": "Valkey-HFE",
  "backend_key": "valkey-hfe",
  "readings_count": 200,
  "ingest_total_ms": 463.803231,
  "per_ingest_us": 2319.016155,
  "retrieval_samples": 50,
  "retrieval_latencies_us": [
    6061.192,
    5053.769,
    4066.346,
    4415.192,
    4537.846,
    3943.73,
    6448.577,
    3962.846,
    4984.731,
    5435.923,
    4492.692,
    4230.423,
    5936.0,
    4084.27,
    5284.577,
    5230.769,
    4206.231,
    4423.385,
    3883.615,
    4264.423,
    4383.654,
    3930.192,
    5523.846,
    4296.807,
    5603.0,
    4569.154,
    4039.231,
    5512.154,
    4125.423,
    5524.923,
    4398.846,
    4330.923,
    3939.731,
    5587.423,
    4041.5,
    5301.807,
    3631.461,
    4822.0,
    4761.962,
    4374.884,
    5012.846,
    5267.923,
    4267.462,
    4437.846,
    4212.962,
    4026.539,
    5445.346,
    4394.962,
    4743.231,
    4533.5
  ],
  "avg_retrieval_us": 4679.7615000000005,
  "median_retrieval_us": 4437.846,
  "min_retrieval_us": 3631.461,
  "max_retrieval_us": 6448.577,
  "p50_retrieval_us": 4437.846,
  "p95_retrieval_us": 5936.0,
  "context_chars": 315,
  "context_tokens_est": 78,
  "synth_chars": 835,
  "synth_tokens_est": 208,
  "ram_before_kb": 161384,
  "ram_after_kb": 162576,
  "ram_delta_kb": 1192,
  "io_write_bytes_before": 4096,
  "io_write_bytes_after": 4096,
  "io_write_bytes_delta": 0
}