{
  "type": "storage_only",
  "timestamp": "2026-04-16T12:46:32.748167Z",
  "device": {
    "model": "moto g35 5G",
    "manufacturer": "motorola",
    "board": "manila",
    "hardware": "ums9620_2h10",
    "cpu_cores": 8,
    "ram_total_kb": 3497628,
    "android_version": "14",
    "sdk_int": 34,
    "abi": "arm64-v8a"
  },
  "backend": "Valkey-HFE",
  "backend_key": "valkey-hfe",
  "readings_count": 200,
  "ingest_total_ms": 451.411653,
  "per_ingest_us": 2257.058265,
  "retrieval_samples": 50,
  "retrieval_latencies_us": [
    4808.039,
    5416.385,
    4367.154,
    5286.654,
    3738.115,
    6085.808,
    6040.961,
    5549.423,
    5950.807,
    4960.077,
    4433.346,
    4606.461,
    5436.0,
    4811.692,
    4238.231,
    4047.808,
    3991.616,
    4171.116,
    4056.077,
    4147.307,
    4528.923,
    5749.0,
    5273.884,
    5186.769,
    5825.346,
    4321.192,
    4612.885,
    3689.192,
    3898.115,
    3989.923,
    3901.577,
    3944.885,
    3963.538,
    3899.769,
    3249.654,
    3398.346,
    5132.731,
    3580.193,
    4626.616,
    3412.039,
    4220.307,
    3795.923,
    3438.077,
    3323.153,
    4087.769,
    4277.0,
    4279.654,
    4829.577,
    3773.077,
    4054.923
  ],
  "avg_retrieval_us": 4448.14228,
  "median_retrieval_us": 4277.0,
  "min_retrieval_us": 3249.654,
  "max_retrieval_us": 6085.808,
  "p50_retrieval_us": 4277.0,
  "p95_retrieval_us": 5950.807,
  "context_chars": 315,
  "context_tokens_est": 78,
  "synth_chars": 835,
  "synth_tokens_est": 208,
  "ram_before_kb": 161504,
  "ram_after_kb": 162780,
  "ram_delta_kb": 1276,
  "io_write_bytes_before": 0,
  "io_write_bytes_after": 0,
  "io_write_bytes_delta": 0
}