{
  "type": "storage_only",
  "timestamp": "2026-04-16T12:46:38.662142Z",
  "device": {
    "model": "moto g35 5G",
    "manufacturer": "motorola",
    "board": "manila",
    "hardware": "ums9620_2h10",
    "cpu_cores": 8,
    "ram_total_kb": 3497628,
    "android_version": "14",
    "sdk_int": 34,
    "abi": "arm64-v8a"
  },
  "backend": "Valkey-HFE",
  "backend_key": "valkey-hfe",
  "readings_count": 200,
  "ingest_total_ms": 492.360846,
  "per_ingest_us": 2461.80423,
  "retrieval_samples": 50,
  "retrieval_latencies_us": [
    4005.884,
    3817.654,
    3650.961,
    3903.193,
    4910.346,
    6727.846,
    7266.231,
    5486.193,
    5799.884,
    5365.654,
    5864.385,
    4415.539,
    5995.424,
    4775.923,
    4588.808,
    4215.269,
    3893.0,
    6120.577,
    4173.385,
    3973.885,
    4455.538,
    4186.5,
    4050.962,
    4434.077,
    4246.384,
    4715.77,
    4877.153,
    4681.038,
    4502.423,
    3945.577,
    4235.192,
    3977.654,
    4002.654,
    4001.116,
    4583.308,
    4771.615,
    4082.577,
    5910.961,
    4408.115,
    4185.038,
    6744.961,
    4200.577,
    4408.038,
    4430.192,
    4039.77,
    6514.154,
    4736.192,
    4083.115,
    4433.807,
    4313.308
  ],
  "avg_retrieval_us": 4702.156140000001,
  "median_retrieval_us": 4430.192,
  "min_retrieval_us": 3650.961,
  "max_retrieval_us": 7266.231,
  "p50_retrieval_us": 4430.192,
  "p95_retrieval_us": 6727.846,
  "context_chars": 315,
  "context_tokens_est": 78,
  "synth_chars": 835,
  "synth_tokens_est": 208,
  "ram_before_kb": 163508,
  "ram_after_kb": 162756,
  "ram_delta_kb": -752,
  "io_write_bytes_before": 8192,
  "io_write_bytes_after": 8192,
  "io_write_bytes_delta": 0
}