{
  "type": "storage_only",
  "timestamp": "2026-04-16T12:46:15.110945Z",
  "device": {
    "model": "moto g35 5G",
    "manufacturer": "motorola",
    "board": "manila",
    "hardware": "ums9620_2h10",
    "cpu_cores": 8,
    "ram_total_kb": 3497628,
    "android_version": "14",
    "sdk_int": 34,
    "abi": "arm64-v8a"
  },
  "backend": "Valkey-HFE",
  "backend_key": "valkey-hfe",
  "readings_count": 200,
  "ingest_total_ms": 448.338576,
  "per_ingest_us": 2241.69288,
  "retrieval_samples": 50,
  "retrieval_latencies_us": [
    3917.654,
    4129.077,
    4109.731,
    4090.808,
    4465.615,
    3813.0,
    3860.154,
    3987.423,
    4066.115,
    3927.193,
    4008.461,
    3897.115,
    3517.654,
    4311.5,
    3801.961,
    4664.193,
    4515.039,
    4500.885,
    4868.039,
    5930.577,
    4316.231,
    3582.0,
    3580.077,
    3063.884,
    3420.461,
    5008.308,
    3942.923,
    4056.884,
    4207.193,
    3942.923,
    4279.961,
    3651.346,
    4367.231,
    3567.692,
    4340.654,
    4620.885,
    4463.0,
    4970.923,
    4879.462,
    4598.731,
    4284.424,
    3926.961,
    4263.038,
    3927.539,
    3969.23,
    3939.577,
    3766.577,
    3603.038,
    3776.038,
    5043.731
  ],
  "avg_retrieval_us": 4154.862320000001,
  "median_retrieval_us": 4066.115,
  "min_retrieval_us": 3063.884,
  "max_retrieval_us": 5930.577,
  "p50_retrieval_us": 4066.115,
  "p95_retrieval_us": 5008.308,
  "context_chars": 315,
  "context_tokens_est": 78,
  "synth_chars": 835,
  "synth_tokens_est": 208,
  "ram_before_kb": 161464,
  "ram_after_kb": 162792,
  "ram_delta_kb": 1328,
  "io_write_bytes_before": 0,
  "io_write_bytes_after": 0,
  "io_write_bytes_delta": 0
}