{
  "type": "storage_only",
  "timestamp": "2026-04-16T12:46:26.873771Z",
  "device": {
    "model": "moto g35 5G",
    "manufacturer": "motorola",
    "board": "manila",
    "hardware": "ums9620_2h10",
    "cpu_cores": 8,
    "ram_total_kb": 3497628,
    "android_version": "14",
    "sdk_int": 34,
    "abi": "arm64-v8a"
  },
  "backend": "Valkey-HFE",
  "backend_key": "valkey-hfe",
  "readings_count": 200,
  "ingest_total_ms": 430.979038,
  "per_ingest_us": 2154.89519,
  "retrieval_samples": 50,
  "retrieval_latencies_us": [
    4442.885,
    4217.538,
    5015.423,
    4254.539,
    4355.616,
    3895.269,
    4362.385,
    4186.769,
    6179.385,
    3847.654,
    4574.308,
    4358.808,
    4398.193,
    4498.539,
    5691.27,
    3420.385,
    5738.616,
    4481.769,
    5433.616,
    4127.154,
    5642.77,
    4599.385,
    3842.847,
    3747.847,
    4135.192,
    4026.192,
    4342.077,
    4038.27,
    5310.192,
    5238.807,
    5908.115,
    6955.038,
    4981.885,
    4913.769,
    5319.039,
    5754.076,
    6224.923,
    6007.654,
    6503.385,
    4012.577,
    4032.0,
    3973.115,
    3962.192,
    4085.231,
    4012.692,
    3873.154,
    4314.885,
    4106.038,
    5995.769,
    4135.692
  ],
  "avg_retrieval_us": 4709.49858,
  "median_retrieval_us": 4362.385,
  "min_retrieval_us": 3420.385,
  "max_retrieval_us": 6955.038,
  "p50_retrieval_us": 4362.385,
  "p95_retrieval_us": 6224.923,
  "context_chars": 315,
  "context_tokens_est": 78,
  "synth_chars": 835,
  "synth_tokens_est": 208,
  "ram_before_kb": 161564,
  "ram_after_kb": 162648,
  "ram_delta_kb": 1084,
  "io_write_bytes_before": 4096,
  "io_write_bytes_after": 4096,
  "io_write_bytes_delta": 0
}