{
  "type": "storage_only",
  "timestamp": "2026-04-16T07:31:00.113317Z",
  "device": {
    "model": "moto g35 5G",
    "manufacturer": "motorola",
    "board": "manila",
    "hardware": "ums9620_2h10",
    "cpu_cores": 8,
    "ram_total_kb": 3497628,
    "android_version": "14",
    "sdk_int": 34,
    "abi": "arm64-v8a"
  },
  "backend": "Valkey-HFE",
  "backend_key": "valkey-hfe",
  "readings_count": 200,
  "ingest_total_ms": 347.218653,
  "per_ingest_us": 1736.093265,
  "retrieval_latencies_us": [
    4475.424,
    4112.576,
    3336.885,
    4258.077,
    3833.962,
    4759.269,
    4277.384,
    4353.346,
    5483.038,
    4006.038
  ],
  "avg_retrieval_us": 4289.599899999999,
  "min_retrieval_us": 3336.885,
  "max_retrieval_us": 5483.038,
  "p50_retrieval_us": 4277.384,
  "p95_retrieval_us": 5483.038,
  "context_chars": 315,
  "context_tokens_est": 78,
  "synth_chars": 835,
  "synth_tokens_est": 208,
  "ram_before_kb": 163240,
  "ram_after_kb": 164720,
  "ram_delta_kb": 1480,
  "io_write_bytes_before": 12288,
  "io_write_bytes_after": 12288,
  "io_write_bytes_delta": 0
}