{
  "type": "storage_only",
  "timestamp": "2026-04-16T12:46:56.304720Z",
  "device": {
    "model": "moto g35 5G",
    "manufacturer": "motorola",
    "board": "manila",
    "hardware": "ums9620_2h10",
    "cpu_cores": 8,
    "ram_total_kb": 3497628,
    "android_version": "14",
    "sdk_int": 34,
    "abi": "arm64-v8a"
  },
  "backend": "Valkey-HFE",
  "backend_key": "valkey-hfe",
  "readings_count": 200,
  "ingest_total_ms": 455.65073,
  "per_ingest_us": 2278.25365,
  "retrieval_samples": 50,
  "retrieval_latencies_us": [
    3835.384,
    3548.5,
    3791.308,
    4369.115,
    4051.616,
    4389.923,
    4935.308,
    4801.654,
    4500.154,
    4661.73,
    6091.846,
    5528.769,
    4225.654,
    6656.577,
    4089.076,
    4675.808,
    4753.307,
    4326.384,
    4219.347,
    5972.615,
    3676.077,
    4761.0,
    3337.576,
    4580.423,
    4459.538,
    4237.308,
    3904.269,
    4071.539,
    3694.384,
    3875.692,
    3906.0,
    3994.0,
    3969.154,
    3983.5,
    4027.5,
    4036.846,
    3922.423,
    3533.115,
    4382.231,
    4148.269,
    3830.307,
    3472.961,
    4174.538,
    3317.769,
    3300.077,
    5082.462,
    4021.615,
    3993.923,
    4000.308,
    4110.461
  ],
  "avg_retrieval_us": 4264.586800000001,
  "median_retrieval_us": 4089.076,
  "min_retrieval_us": 3300.077,
  "max_retrieval_us": 6656.577,
  "p50_retrieval_us": 4089.076,
  "p95_retrieval_us": 5972.615,
  "context_chars": 315,
  "context_tokens_est": 78,
  "synth_chars": 835,
  "synth_tokens_est": 208,
  "ram_before_kb": 161200,
  "ram_after_kb": 162456,
  "ram_delta_kb": 1256,
  "io_write_bytes_before": 0,
  "io_write_bytes_after": 0,
  "io_write_bytes_delta": 0
}