{
  "type": "storage_only",
  "timestamp": "2026-04-16T12:47:02.176524Z",
  "device": {
    "model": "moto g35 5G",
    "manufacturer": "motorola",
    "board": "manila",
    "hardware": "ums9620_2h10",
    "cpu_cores": 8,
    "ram_total_kb": 3497628,
    "android_version": "14",
    "sdk_int": 34,
    "abi": "arm64-v8a"
  },
  "backend": "Valkey-HFE",
  "backend_key": "valkey-hfe",
  "readings_count": 200,
  "ingest_total_ms": 467.812115,
  "per_ingest_us": 2339.060575,
  "retrieval_samples": 50,
  "retrieval_latencies_us": [
    5002.616,
    3912.615,
    6363.346,
    4416.769,
    4377.616,
    4352.231,
    4171.616,
    5900.308,
    3894.577,
    5246.346,
    4417.539,
    6592.308,
    4537.731,
    4228.539,
    4274.461,
    5063.538,
    3375.192,
    4204.807,
    5393.692,
    5539.769,
    4148.423,
    4246.692,
    4745.923,
    5566.231,
    5388.538,
    5484.116,
    5254.077,
    5952.923,
    4192.693,
    4035.231,
    5618.462,
    3618.538,
    4967.962,
    4604.576,
    4127.962,
    3943.923,
    5542.154,
    4133.846,
    5251.5,
    4315.038,
    4209.693,
    3933.538,
    4497.847,
    3862.462,
    6472.923,
    3723.461,
    5285.346,
    4439.307,
    4184.961,
    4269.769
  ],
  "avg_retrieval_us": 4705.67462,
  "median_retrieval_us": 4417.539,
  "min_retrieval_us": 3375.192,
  "max_retrieval_us": 6592.308,
  "p50_retrieval_us": 4417.539,
  "p95_retrieval_us": 6363.346,
  "context_chars": 315,
  "context_tokens_est": 78,
  "synth_chars": 835,
  "synth_tokens_est": 208,
  "ram_before_kb": 161436,
  "ram_after_kb": 162792,
  "ram_delta_kb": 1356,
  "io_write_bytes_before": 4096,
  "io_write_bytes_after": 4096,
  "io_write_bytes_delta": 0
}