{
  "type": "storage_only",
  "timestamp": "2026-04-16T12:46:21.010907Z",
  "device": {
    "model": "moto g35 5G",
    "manufacturer": "motorola",
    "board": "manila",
    "hardware": "ums9620_2h10",
    "cpu_cores": 8,
    "ram_total_kb": 3497628,
    "android_version": "14",
    "sdk_int": 34,
    "abi": "arm64-v8a"
  },
  "backend": "Valkey-HFE",
  "backend_key": "valkey-hfe",
  "readings_count": 200,
  "ingest_total_ms": 463.279231,
  "per_ingest_us": 2316.396155,
  "retrieval_samples": 50,
  "retrieval_latencies_us": [
    4027.115,
    6058.346,
    4615.115,
    4340.346,
    4384.462,
    4232.5,
    4205.538,
    4030.616,
    4207.346,
    6567.731,
    4354.577,
    4514.0,
    4378.154,
    5307.846,
    4329.231,
    5095.731,
    4455.693,
    4613.308,
    4022.692,
    5768.423,
    4542.961,
    3969.346,
    3611.346,
    4593.116,
    4260.115,
    3920.384,
    4398.115,
    3905.654,
    3823.346,
    4135.269,
    3884.693,
    3998.692,
    3738.423,
    4275.538,
    4095.577,
    3889.308,
    3956.0,
    4110.5,
    3882.269,
    3930.307,
    3833.808,
    3484.193,
    3108.961,
    3246.154,
    3258.692,
    3561.693,
    5755.73,
    3922.385,
    5375.885,
    4764.923
  ],
  "avg_retrieval_us": 4294.843060000002,
  "median_retrieval_us": 4205.538,
  "min_retrieval_us": 3108.961,
  "max_retrieval_us": 6567.731,
  "p50_retrieval_us": 4205.538,
  "p95_retrieval_us": 5768.423,
  "context_chars": 315,
  "context_tokens_est": 78,
  "synth_chars": 835,
  "synth_tokens_est": 208,
  "ram_before_kb": 161552,
  "ram_after_kb": 162856,
  "ram_delta_kb": 1304,
  "io_write_bytes_before": 4096,
  "io_write_bytes_after": 4096,
  "io_write_bytes_delta": 0
}