{
  "type": "storage_only",
  "timestamp": "2026-04-16T12:46:50.391768Z",
  "device": {
    "model": "moto g35 5G",
    "manufacturer": "motorola",
    "board": "manila",
    "hardware": "ums9620_2h10",
    "cpu_cores": 8,
    "ram_total_kb": 3497628,
    "android_version": "14",
    "sdk_int": 34,
    "abi": "arm64-v8a"
  },
  "backend": "Valkey-HFE",
  "backend_key": "valkey-hfe",
  "readings_count": 200,
  "ingest_total_ms": 459.892,
  "per_ingest_us": 2299.46,
  "retrieval_samples": 50,
  "retrieval_latencies_us": [
    4364.731,
    3991.654,
    3813.154,
    4225.884,
    4431.847,
    5720.308,
    4027.153,
    5216.807,
    3804.154,
    4583.5,
    4248.115,
    4097.5,
    7183.308,
    4756.692,
    4801.039,
    4088.692,
    6548.346,
    4885.461,
    4860.808,
    4334.077,
    3998.346,
    6552.462,
    5319.5,
    4598.346,
    4888.577,
    4529.116,
    4247.808,
    4098.192,
    5493.0,
    4506.539,
    5557.538,
    3723.962,
    4198.0,
    4286.154,
    4439.461,
    4772.385,
    5154.423,
    4628.346,
    4276.346,
    3929.192,
    4474.692,
    3925.885,
    5417.385,
    4004.615,
    6246.5,
    4299.885,
    3987.039,
    6001.5,
    4492.923,
    5185.807
  ],
  "avg_retrieval_us": 4704.3430800000015,
  "median_retrieval_us": 4492.923,
  "min_retrieval_us": 3723.962,
  "max_retrieval_us": 7183.308,
  "p50_retrieval_us": 4492.923,
  "p95_retrieval_us": 6548.346,
  "context_chars": 315,
  "context_tokens_est": 78,
  "synth_chars": 835,
  "synth_tokens_est": 208,
  "ram_before_kb": 161300,
  "ram_after_kb": 162796,
  "ram_delta_kb": 1496,
  "io_write_bytes_before": 0,
  "io_write_bytes_after": 0,
  "io_write_bytes_delta": 0
}