{
  "type": "storage_only",
  "timestamp": "2026-04-16T12:51:17.339203Z",
  "device": {
    "model": "moto g35 5G",
    "manufacturer": "motorola",
    "board": "manila",
    "hardware": "ums9620_2h10",
    "cpu_cores": 8,
    "ram_total_kb": 3497628,
    "android_version": "14",
    "sdk_int": 34,
    "abi": "arm64-v8a"
  },
  "backend": "LMDB",
  "backend_key": "lmdb",
  "readings_count": 200,
  "ingest_total_ms": 67.476731,
  "per_ingest_us": 337.383655,
  "retrieval_samples": 50,
  "retrieval_latencies_us": [
    3672.885,
    2144.962,
    1917.847,
    1958.384,
    2053.0,
    2152.038,
    1953.884,
    1814.577,
    1681.347,
    1938.346,
    2262.847,
    2143.653,
    2329.423,
    1761.539,
    1788.769,
    2037.5,
    1820.538,
    1914.077,
    1802.231,
    1717.077,
    1813.424,
    2094.307,
    1964.115,
    2112.538,
    1877.885,
    1776.462,
    1975.653,
    2037.038,
    1935.385,
    1923.308,
    1870.615,
    1726.961,
    2024.538,
    1933.346,
    1867.461,
    2058.885,
    1799.193,
    1765.731,
    2067.692,
    1956.038,
    1929.692,
    1921.347,
    1762.423,
    1759.384,
    1965.885,
    1846.346,
    1819.27,
    1950.076,
    1732.538,
    1787.616
  ],
  "avg_retrieval_us": 1958.4015199999994,
  "median_retrieval_us": 1929.692,
  "min_retrieval_us": 1681.347,
  "max_retrieval_us": 3672.885,
  "p50_retrieval_us": 1929.692,
  "p95_retrieval_us": 2262.847,
  "context_chars": 315,
  "context_tokens_est": 78,
  "synth_chars": 815,
  "synth_tokens_est": 203,
  "ram_before_kb": 118588,
  "ram_after_kb": 152180,
  "ram_delta_kb": 33592,
  "io_write_bytes_before": 0,
  "io_write_bytes_after": 0,
  "io_write_bytes_delta": 0
}