{
  "type": "storage_only",
  "timestamp": "2026-04-16T12:51:53.730946Z",
  "device": {
    "model": "moto g35 5G",
    "manufacturer": "motorola",
    "board": "manila",
    "hardware": "ums9620_2h10",
    "cpu_cores": 8,
    "ram_total_kb": 3497628,
    "android_version": "14",
    "sdk_int": 34,
    "abi": "arm64-v8a"
  },
  "backend": "LMDB",
  "backend_key": "lmdb",
  "readings_count": 200,
  "ingest_total_ms": 75.254231,
  "per_ingest_us": 376.271155,
  "retrieval_samples": 50,
  "retrieval_latencies_us": [
    2075.307,
    1992.808,
    2059.077,
    2314.923,
    2091.808,
    1993.154,
    1848.5,
    1939.154,
    2578.423,
    2314.154,
    2625.0,
    1985.038,
    2095.654,
    2420.615,
    2183.692,
    2071.577,
    1967.038,
    1894.847,
    2211.962,
    2079.154,
    2119.654,
    1937.577,
    1982.961,
    2111.884,
    2206.731,
    2178.384,
    1976.846,
    1924.115,
    2050.423,
    2143.539,
    2018.577,
    2066.346,
    1926.73,
    1895.461,
    2018.27,
    2236.076,
    2042.962,
    2047.5,
    1947.692,
    2145.039,
    2040.615,
    1998.5,
    1957.116,
    1927.308,
    1888.77,
    2162.385,
    1968.462,
    1991.846,
    1943.923,
    1959.308
  ],
  "avg_retrieval_us": 2071.1376999999998,
  "median_retrieval_us": 2042.962,
  "min_retrieval_us": 1848.5,
  "max_retrieval_us": 2625.0,
  "p50_retrieval_us": 2042.962,
  "p95_retrieval_us": 2420.615,
  "context_chars": 315,
  "context_tokens_est": 78,
  "synth_chars": 815,
  "synth_tokens_est": 203,
  "ram_before_kb": 118428,
  "ram_after_kb": 152920,
  "ram_delta_kb": 34492,
  "io_write_bytes_before": 53248,
  "io_write_bytes_after": 77824,
  "io_write_bytes_delta": 24576
}