{
  "type": "storage_only",
  "timestamp": "2026-04-16T12:51:29.526320Z",
  "device": {
    "model": "moto g35 5G",
    "manufacturer": "motorola",
    "board": "manila",
    "hardware": "ums9620_2h10",
    "cpu_cores": 8,
    "ram_total_kb": 3497628,
    "android_version": "14",
    "sdk_int": 34,
    "abi": "arm64-v8a"
  },
  "backend": "LMDB",
  "backend_key": "lmdb",
  "readings_count": 200,
  "ingest_total_ms": 65.7295,
  "per_ingest_us": 328.6475,
  "retrieval_samples": 50,
  "retrieval_latencies_us": [
    2208.923,
    2000.154,
    1905.423,
    1878.731,
    1818.846,
    1751.039,
    2163.923,
    2011.423,
    1832.5,
    1765.0,
    3313.846,
    3792.385,
    1894.154,
    1770.962,
    1668.269,
    1721.0,
    2331.885,
    2267.731,
    2009.462,
    1820.231,
    1705.884,
    1941.423,
    2016.307,
    1990.961,
    1900.077,
    1857.615,
    1767.077,
    2056.653,
    2084.538,
    1974.769,
    1793.116,
    1767.769,
    1759.847,
    2036.577,
    1973.923,
    1945.308,
    1857.23,
    1763.231,
    1765.347,
    2033.346,
    3471.461,
    1892.962,
    1814.154,
    1803.077,
    1965.615,
    2036.423,
    1862.731,
    1809.462,
    1708.923,
    1732.077
  ],
  "avg_retrieval_us": 2000.2753999999998,
  "median_retrieval_us": 1894.154,
  "min_retrieval_us": 1668.269,
  "max_retrieval_us": 3792.385,
  "p50_retrieval_us": 1894.154,
  "p95_retrieval_us": 3313.846,
  "context_chars": 315,
  "context_tokens_est": 78,
  "synth_chars": 815,
  "synth_tokens_est": 203,
  "ram_before_kb": 118364,
  "ram_after_kb": 151308,
  "ram_delta_kb": 32944,
  "io_write_bytes_before": 0,
  "io_write_bytes_after": 0,
  "io_write_bytes_delta": 0
}