{
  "type": "storage_only",
  "timestamp": "2026-04-24T05:14:48.709714Z",
  "device": {
    "model": "moto g35 5G",
    "manufacturer": "motorola",
    "board": "manila",
    "hardware": "ums9620_2h10",
    "cpu_cores": 8,
    "ram_total_kb": 3497628,
    "android_version": "14",
    "sdk_int": 34,
    "abi": "arm64-v8a"
  },
  "backend": "LMDB",
  "backend_key": "lmdb",
  "readings_count": 400,
  "ingest_total_ms": 163.698308,
  "per_ingest_us": 409.24577,
  "retrieval_samples": 100,
  "retrieval_latencies_us": [
    1957.538,
    1892.577,
    1884.193,
    2003.731,
    1980.27,
    1998.077,
    1878.538,
    1866.731,
    1917.846,
    2016.077,
    2023.961,
    1901.577,
    1974.846,
    1897.116,
    1907.615,
    2084.27,
    1919.577,
    1876.385,
    1875.731,
    1855.692,
    1973.769,
    2100.038,
    1967.269,
    1922.885,
    1928.192,
    1893.115,
    2041.461,
    2041.807,
    1959.962,
    1928.461,
    1919.077,
    1829.27,
    2097.308,
    1928.77,
    1930.615,
    1908.0,
    1938.423,
    1999.154,
    2136.731,
    1931.307,
    1995.923,
    1872.884,
    1911.462,
    2097.115,
    2073.693,
    1887.73,
    1890.115,
    1867.116,
    1857.923,
    1906.73,
    1911.961,
    1833.039,
    1827.308,
    1795.654,
    1826.615,
    1965.808,
    1871.0,
    1890.193,
    1882.077,
    1925.193,
    1859.923,
    1915.923,
    1869.5,
    1867.538,
    1863.269,
    1939.115,
    1874.5,
    1949.73,
    1905.462,
    1895.884,
    1883.846,
    1912.0,
    1916.077,
    1973.461,
    1932.115,
    1904.692,
    1867.346,
    1827.461,
    1891.539,
    2043.885,
    2048.384,
    1969.307,
    1931.27,
    1883.5,
    2297.423,
    2121.115,
    1937.962,
    1869.462,
    1834.269,
    1874.5,
    1855.808,
    1835.769,
    1856.5,
    1884.115,
    1865.885,
    1894.308,
    1893.538,
    1853.308,
    1935.153,
    1846.23
  ],
  "avg_retrieval_us": 1927.5857299999996,
  "median_retrieval_us": 1908.0,
  "min_retrieval_us": 1795.654,
  "max_retrieval_us": 2297.423,
  "p50_retrieval_us": 1908.0,
  "p95_retrieval_us": 2097.308,
  "context_chars": 315,
  "context_tokens_est": 78,
  "synth_chars": 1445,
  "synth_tokens_est": 361,
  "ram_before_kb": 123288,
  "ram_after_kb": 157036,
  "ram_delta_kb": 33748,
  "io_write_bytes_before": 53248,
  "io_write_bytes_after": 90112,
  "io_write_bytes_delta": 36864
}