{
  "type": "storage_only",
  "timestamp": "2026-04-24T05:15:00.388232Z",
  "device": {
    "model": "moto g35 5G",
    "manufacturer": "motorola",
    "board": "manila",
    "hardware": "ums9620_2h10",
    "cpu_cores": 8,
    "ram_total_kb": 3497628,
    "android_version": "14",
    "sdk_int": 34,
    "abi": "arm64-v8a"
  },
  "backend": "LMDB",
  "backend_key": "lmdb",
  "readings_count": 400,
  "ingest_total_ms": 176.581153,
  "per_ingest_us": 441.4528825,
  "retrieval_samples": 100,
  "retrieval_latencies_us": [
    8385.807,
    5766.885,
    2184.039,
    2079.308,
    2006.693,
    2051.347,
    1926.577,
    1983.461,
    2248.423,
    2016.5,
    2020.039,
    1937.385,
    1943.346,
    2149.654,
    2198.423,
    1829.615,
    1810.692,
    1825.885,
    2040.038,
    2270.038,
    2059.346,
    1847.693,
    1834.961,
    1893.731,
    2140.885,
    2151.308,
    2016.961,
    1861.308,
    1872.808,
    1955.116,
    1997.846,
    1805.692,
    1748.731,
    1728.961,
    1681.769,
    1871.73,
    1964.193,
    1879.038,
    1753.615,
    1762.769,
    1741.308,
    1874.961,
    1797.346,
    1795.846,
    1737.154,
    1671.5,
    1668.116,
    1644.0,
    1880.923,
    1738.885,
    1762.192,
    1672.077,
    1659.616,
    1670.346,
    1658.385,
    1759.846,
    1674.885,
    1725.77,
    1693.423,
    1683.654,
    1675.615,
    1667.27,
    1675.577,
    1673.077,
    1681.808,
    1681.154,
    1699.423,
    1748.0,
    1714.577,
    1757.77,
    1735.0,
    1693.384,
    1655.961,
    1705.346,
    1758.038,
    1729.269,
    1688.731,
    1627.154,
    1673.577,
    1640.846,
    1693.192,
    1735.346,
    1713.962,
    1709.73,
    1667.615,
    1670.116,
    1641.654,
    1651.269,
    1681.346,
    1629.115,
    1656.0,
    1618.462,
    1659.692,
    1615.808,
    1695.77,
    1859.231,
    1805.346,
    1784.692,
    1753.846,
    2041.153
  ],
  "avg_retrieval_us": 1911.7777099999994,
  "median_retrieval_us": 1753.615,
  "min_retrieval_us": 1615.808,
  "max_retrieval_us": 8385.807,
  "p50_retrieval_us": 1753.615,
  "p95_retrieval_us": 2198.423,
  "context_chars": 315,
  "context_tokens_est": 78,
  "synth_chars": 1445,
  "synth_tokens_est": 361,
  "ram_before_kb": 123628,
  "ram_after_kb": 157024,
  "ram_delta_kb": 33396,
  "io_write_bytes_before": 0,
  "io_write_bytes_after": 0,
  "io_write_bytes_delta": 0
}