{
  "type": "storage_only",
  "timestamp": "2026-04-16T12:51:41.616579Z",
  "device": {
    "model": "moto g35 5G",
    "manufacturer": "motorola",
    "board": "manila",
    "hardware": "ums9620_2h10",
    "cpu_cores": 8,
    "ram_total_kb": 3497628,
    "android_version": "14",
    "sdk_int": 34,
    "abi": "arm64-v8a"
  },
  "backend": "LMDB",
  "backend_key": "lmdb",
  "readings_count": 200,
  "ingest_total_ms": 76.050115,
  "per_ingest_us": 380.250575,
  "retrieval_samples": 50,
  "retrieval_latencies_us": [
    1943.115,
    2290.27,
    2316.423,
    2083.77,
    1945.577,
    1923.384,
    2157.539,
    2890.154,
    2456.539,
    2098.807,
    1993.039,
    2276.269,
    2610.923,
    2168.116,
    2033.962,
    1895.808,
    2259.116,
    2093.231,
    2092.577,
    1957.115,
    1953.154,
    2116.423,
    2380.961,
    2280.962,
    2054.923,
    1976.385,
    2030.269,
    2251.424,
    2091.153,
    2122.0,
    1957.5,
    1989.0,
    2242.423,
    2253.385,
    2013.538,
    2075.423,
    1968.577,
    2211.193,
    2098.193,
    2094.962,
    1964.154,
    1939.461,
    2089.385,
    2279.346,
    2193.231,
    2051.73,
    2008.192,
    2136.116,
    2184.346,
    2234.462
  ],
  "avg_retrieval_us": 2134.5600999999997,
  "median_retrieval_us": 2094.962,
  "min_retrieval_us": 1895.808,
  "max_retrieval_us": 2890.154,
  "p50_retrieval_us": 2094.962,
  "p95_retrieval_us": 2456.539,
  "context_chars": 315,
  "context_tokens_est": 78,
  "synth_chars": 815,
  "synth_tokens_est": 203,
  "ram_before_kb": 120380,
  "ram_after_kb": 153064,
  "ram_delta_kb": 32684,
  "io_write_bytes_before": 53248,
  "io_write_bytes_after": 77824,
  "io_write_bytes_delta": 24576
}