{
  "type": "storage_only",
  "timestamp": "2026-04-16T12:51:05.279139Z",
  "device": {
    "model": "moto g35 5G",
    "manufacturer": "motorola",
    "board": "manila",
    "hardware": "ums9620_2h10",
    "cpu_cores": 8,
    "ram_total_kb": 3497628,
    "android_version": "14",
    "sdk_int": 34,
    "abi": "arm64-v8a"
  },
  "backend": "LMDB",
  "backend_key": "lmdb",
  "readings_count": 200,
  "ingest_total_ms": 77.212231,
  "per_ingest_us": 386.061155,
  "retrieval_samples": 50,
  "retrieval_latencies_us": [
    2378.615,
    2103.808,
    2295.384,
    2575.884,
    2313.077,
    2331.269,
    2160.615,
    2565.77,
    2871.885,
    2782.0,
    2269.231,
    2255.461,
    2300.231,
    2258.962,
    1980.462,
    1974.269,
    2156.577,
    2319.308,
    2122.769,
    2060.231,
    1992.616,
    2223.885,
    2314.769,
    2242.192,
    2104.538,
    2081.923,
    2223.269,
    2399.538,
    2308.962,
    2023.5,
    1988.27,
    2022.961,
    2275.384,
    2080.769,
    2041.231,
    2003.039,
    1962.154,
    2260.577,
    2370.923,
    2171.769,
    2113.192,
    2006.346,
    2264.73,
    2393.807,
    2004.5,
    2063.0,
    1924.307,
    2141.423,
    2027.385,
    2057.5
  ],
  "avg_retrieval_us": 2203.2853400000004,
  "median_retrieval_us": 2171.769,
  "min_retrieval_us": 1924.307,
  "max_retrieval_us": 2871.885,
  "p50_retrieval_us": 2171.769,
  "p95_retrieval_us": 2575.884,
  "context_chars": 315,
  "context_tokens_est": 78,
  "synth_chars": 815,
  "synth_tokens_est": 203,
  "ram_before_kb": 120436,
  "ram_after_kb": 153524,
  "ram_delta_kb": 33088,
  "io_write_bytes_before": 53248,
  "io_write_bytes_after": 77824,
  "io_write_bytes_delta": 24576
}