{
  "type": "storage_only",
  "timestamp": "2026-04-16T12:51:23.375876Z",
  "device": {
    "model": "moto g35 5G",
    "manufacturer": "motorola",
    "board": "manila",
    "hardware": "ums9620_2h10",
    "cpu_cores": 8,
    "ram_total_kb": 3497628,
    "android_version": "14",
    "sdk_int": 34,
    "abi": "arm64-v8a"
  },
  "backend": "LMDB",
  "backend_key": "lmdb",
  "readings_count": 200,
  "ingest_total_ms": 65.836423,
  "per_ingest_us": 329.182115,
  "retrieval_samples": 50,
  "retrieval_latencies_us": [
    2091.423,
    2037.038,
    2021.231,
    1822.462,
    1800.308,
    1753.5,
    2062.769,
    2068.5,
    1997.0,
    1762.923,
    1739.385,
    1646.615,
    2379.576,
    2020.731,
    1971.961,
    1782.423,
    1720.538,
    1810.269,
    2442.692,
    1935.307,
    2242.193,
    1803.384,
    1716.346,
    2019.77,
    2067.461,
    1913.769,
    1810.769,
    1740.615,
    1676.269,
    2033.0,
    1934.73,
    1812.231,
    1778.538,
    1723.962,
    1649.5,
    2113.962,
    1904.115,
    1908.692,
    1833.269,
    1775.461,
    1678.693,
    1979.808,
    2018.384,
    1793.423,
    1828.884,
    1699.962,
    1663.385,
    1881.885,
    1900.653,
    1794.5
  ],
  "avg_retrieval_us": 1891.2852799999998,
  "median_retrieval_us": 1833.269,
  "min_retrieval_us": 1646.615,
  "max_retrieval_us": 2442.692,
  "p50_retrieval_us": 1833.269,
  "p95_retrieval_us": 2242.193,
  "context_chars": 315,
  "context_tokens_est": 78,
  "synth_chars": 815,
  "synth_tokens_est": 203,
  "ram_before_kb": 120064,
  "ram_after_kb": 152924,
  "ram_delta_kb": 32860,
  "io_write_bytes_before": 0,
  "io_write_bytes_after": 0,
  "io_write_bytes_delta": 0
}