{
  "type": "storage_only",
  "timestamp": "2026-04-24T05:14:54.499959Z",
  "device": {
    "model": "moto g35 5G",
    "manufacturer": "motorola",
    "board": "manila",
    "hardware": "ums9620_2h10",
    "cpu_cores": 8,
    "ram_total_kb": 3497628,
    "android_version": "14",
    "sdk_int": 34,
    "abi": "arm64-v8a"
  },
  "backend": "LMDB",
  "backend_key": "lmdb",
  "readings_count": 400,
  "ingest_total_ms": 147.798461,
  "per_ingest_us": 369.4961525,
  "retrieval_samples": 100,
  "retrieval_latencies_us": [
    1715.346,
    1913.769,
    1790.115,
    1773.616,
    1652.846,
    1657.154,
    1677.23,
    1684.692,
    1999.231,
    1807.077,
    1900.5,
    1805.808,
    1798.538,
    1899.577,
    1919.308,
    1852.77,
    1744.384,
    1745.192,
    1690.384,
    1818.5,
    1904.038,
    1839.884,
    1737.462,
    1738.615,
    1698.115,
    1766.616,
    1930.193,
    1839.923,
    1723.5,
    1696.423,
    1698.538,
    1679.769,
    1844.884,
    1796.539,
    1750.192,
    1959.999,
    1695.346,
    1698.808,
    1765.77,
    1927.077,
    1790.769,
    1779.962,
    1698.116,
    1739.346,
    1759.462,
    1881.077,
    1670.538,
    1695.616,
    1684.077,
    1649.193,
    1668.653,
    1836.577,
    1793.039,
    1706.731,
    1690.576,
    1712.885,
    1654.076,
    1857.654,
    1776.808,
    1749.193,
    1683.192,
    1699.885,
    1624.308,
    1641.269,
    1911.5,
    1778.038,
    1777.961,
    1748.077,
    1745.616,
    1682.231,
    1800.846,
    1799.038,
    1712.154,
    1784.115,
    1706.423,
    1697.153,
    1664.538,
    1682.385,
    1677.116,
    1687.154,
    1735.577,
    1693.347,
    1703.5,
    1709.539,
    1717.885,
    1671.077,
    1645.0,
    1671.116,
    1619.385,
    1656.346,
    1651.0,
    1637.077,
    1676.769,
    1611.307,
    1629.693,
    1684.923,
    1704.615,
    1696.846,
    1670.692,
    1716.116
  ],
  "avg_retrieval_us": 1743.3688500000003,
  "median_retrieval_us": 1715.346,
  "min_retrieval_us": 1611.307,
  "max_retrieval_us": 1999.231,
  "p50_retrieval_us": 1715.346,
  "p95_retrieval_us": 1919.308,
  "context_chars": 315,
  "context_tokens_est": 78,
  "synth_chars": 1445,
  "synth_tokens_est": 361,
  "ram_before_kb": 122804,
  "ram_after_kb": 157028,
  "ram_delta_kb": 34224,
  "io_write_bytes_before": 0,
  "io_write_bytes_after": 0,
  "io_write_bytes_delta": 0
}