{
  "type": "storage_only",
  "timestamp": "2026-04-24T05:15:11.926473Z",
  "device": {
    "model": "moto g35 5G",
    "manufacturer": "motorola",
    "board": "manila",
    "hardware": "ums9620_2h10",
    "cpu_cores": 8,
    "ram_total_kb": 3497628,
    "android_version": "14",
    "sdk_int": 34,
    "abi": "arm64-v8a"
  },
  "backend": "LMDB",
  "backend_key": "lmdb",
  "readings_count": 400,
  "ingest_total_ms": 151.464269,
  "per_ingest_us": 378.6606725,
  "retrieval_samples": 100,
  "retrieval_latencies_us": [
    1957.769,
    1906.269,
    1807.923,
    1746.385,
    1701.269,
    1725.0,
    2027.616,
    1835.923,
    1832.692,
    1719.077,
    1805.615,
    1705.154,
    1954.769,
    1795.654,
    1752.346,
    1707.308,
    1674.269,
    1681.577,
    1836.231,
    1873.385,
    1795.346,
    1753.385,
    1707.461,
    1668.962,
    1814.962,
    1805.923,
    1794.692,
    1682.923,
    1721.924,
    1659.039,
    1700.538,
    1873.615,
    1793.539,
    1677.769,
    1657.654,
    1700.731,
    1679.962,
    1801.769,
    1860.77,
    1751.808,
    1763.616,
    1715.077,
    1686.116,
    1678.423,
    1934.577,
    1680.115,
    1701.424,
    1633.231,
    1651.923,
    1638.808,
    1808.846,
    1767.577,
    1660.077,
    1720.461,
    1616.192,
    1702.461,
    1693.154,
    1925.077,
    1740.807,
    1702.423,
    1690.808,
    1605.5,
    1694.423,
    1807.654,
    1742.385,
    1771.615,
    1777.115,
    1728.192,
    1677.231,
    1798.5,
    1765.539,
    1745.269,
    1762.807,
    1697.077,
    1733.654,
    1640.962,
    1674.385,
    1637.577,
    1680.654,
    1638.192,
    1695.269,
    1736.962,
    1682.0,
    1711.27,
    1693.0,
    1667.923,
    1622.5,
    1621.884,
    1655.192,
    1606.538,
    1674.539,
    1640.615,
    1597.0,
    1621.154,
    1611.192,
    1707.038,
    1744.423,
    1856.5,
    1763.385,
    1698.193
  ],
  "avg_retrieval_us": 1732.4550400000005,
  "median_retrieval_us": 1707.461,
  "min_retrieval_us": 1597.0,
  "max_retrieval_us": 2027.616,
  "p50_retrieval_us": 1707.461,
  "p95_retrieval_us": 1925.077,
  "context_chars": 315,
  "context_tokens_est": 78,
  "synth_chars": 1445,
  "synth_tokens_est": 361,
  "ram_before_kb": 121992,
  "ram_after_kb": 156620,
  "ram_delta_kb": 34628,
  "io_write_bytes_before": 0,
  "io_write_bytes_after": 0,
  "io_write_bytes_delta": 0
}