{
  "type": "storage_only",
  "timestamp": "2026-04-24T05:15:06.147518Z",
  "device": {
    "model": "moto g35 5G",
    "manufacturer": "motorola",
    "board": "manila",
    "hardware": "ums9620_2h10",
    "cpu_cores": 8,
    "ram_total_kb": 3497628,
    "android_version": "14",
    "sdk_int": 34,
    "abi": "arm64-v8a"
  },
  "backend": "LMDB",
  "backend_key": "lmdb",
  "readings_count": 400,
  "ingest_total_ms": 166.676846,
  "per_ingest_us": 416.692115,
  "retrieval_samples": 100,
  "retrieval_latencies_us": [
    2015.346,
    2140.885,
    2041.346,
    1942.462,
    1944.192,
    1933.0,
    2060.654,
    1990.577,
    1939.039,
    1850.847,
    2002.154,
    1933.807,
    2140.692,
    1966.461,
    1926.923,
    1857.0,
    1872.807,
    1896.538,
    2159.308,
    2062.423,
    2040.847,
    1951.116,
    2024.885,
    2055.192,
    2149.846,
    2029.116,
    1916.231,
    1931.231,
    1946.0,
    2175.193,
    1963.308,
    1929.385,
    1890.615,
    1875.769,
    1971.0,
    2047.808,
    1994.885,
    1902.923,
    1944.884,
    1885.269,
    2177.308,
    2061.769,
    2047.885,
    1925.346,
    1990.269,
    2016.5,
    2109.577,
    2015.039,
    1905.269,
    1860.269,
    1847.462,
    1897.577,
    1941.424,
    1865.27,
    1926.115,
    1907.961,
    1926.115,
    1899.192,
    1935.038,
    1909.038,
    1893.384,
    1850.231,
    1851.885,
    1866.116,
    1871.461,
    1891.577,
    1901.346,
    1873.808,
    1957.615,
    1942.885,
    1927.577,
    1897.384,
    1898.577,
    1885.846,
    1852.961,
    1957.423,
    1898.192,
    1929.769,
    1833.0,
    1863.884,
    1901.961,
    2098.461,
    2013.885,
    1959.346,
    1904.731,
    1953.346,
    2195.577,
    1951.116,
    1928.0,
    1950.923,
    1880.808,
    1951.577,
    1875.73,
    1866.0,
    1836.539,
    1924.116,
    1810.461,
    1896.693,
    1863.769,
    1951.423
  ],
  "avg_retrieval_us": 1950.2577,
  "median_retrieval_us": 1931.231,
  "min_retrieval_us": 1810.461,
  "max_retrieval_us": 2195.577,
  "p50_retrieval_us": 1931.231,
  "p95_retrieval_us": 2149.846,
  "context_chars": 315,
  "context_tokens_est": 78,
  "synth_chars": 1445,
  "synth_tokens_est": 361,
  "ram_before_kb": 123476,
  "ram_after_kb": 157372,
  "ram_delta_kb": 33896,
  "io_write_bytes_before": 0,
  "io_write_bytes_after": 0,
  "io_write_bytes_delta": 0
}