{
  "type": "storage_only",
  "timestamp": "2026-04-16T07:35:35.410678Z",
  "device": {
    "model": "moto g35 5G",
    "manufacturer": "motorola",
    "board": "manila",
    "hardware": "ums9620_2h10",
    "cpu_cores": 8,
    "ram_total_kb": 3497628,
    "android_version": "14",
    "sdk_int": 34,
    "abi": "arm64-v8a"
  },
  "backend": "LMDB",
  "backend_key": "lmdb",
  "readings_count": 200,
  "ingest_total_ms": 65.622154,
  "per_ingest_us": 328.11077,
  "retrieval_latencies_us": [
    2471.807,
    1858.5,
    1904.884,
    2017.846,
    2156.346,
    2115.346,
    1910.385,
    1795.846,
    1785.885,
    2167.923
  ],
  "avg_retrieval_us": 2018.4767999999997,
  "min_retrieval_us": 1785.885,
  "max_retrieval_us": 2471.807,
  "p50_retrieval_us": 2017.846,
  "p95_retrieval_us": 2471.807,
  "context_chars": 315,
  "context_tokens_est": 78,
  "synth_chars": 815,
  "synth_tokens_est": 203,
  "ram_before_kb": 122200,
  "ram_after_kb": 156400,
  "ram_delta_kb": 34200,
  "io_write_bytes_before": 53248,
  "io_write_bytes_after": 77824,
  "io_write_bytes_delta": 24576
}