{
  "type": "storage_only",
  "timestamp": "2026-04-16T12:51:59.781821Z",
  "device": {
    "model": "moto g35 5G",
    "manufacturer": "motorola",
    "board": "manila",
    "hardware": "ums9620_2h10",
    "cpu_cores": 8,
    "ram_total_kb": 3497628,
    "android_version": "14",
    "sdk_int": 34,
    "abi": "arm64-v8a"
  },
  "backend": "LMDB",
  "backend_key": "lmdb",
  "readings_count": 200,
  "ingest_total_ms": 76.117192,
  "per_ingest_us": 380.58596,
  "retrieval_samples": 50,
  "retrieval_latencies_us": [
    1957.885,
    2386.192,
    2199.654,
    2070.808,
    1939.039,
    1860.346,
    2369.539,
    2457.884,
    2450.115,
    2128.461,
    2096.923,
    2332.385,
    2387.654,
    2171.308,
    1982.385,
    1959.077,
    2169.769,
    2290.962,
    2191.769,
    2043.846,
    2007.539,
    2451.153,
    2295.231,
    2159.116,
    2168.77,
    2061.807,
    2327.654,
    2282.769,
    2278.73,
    2090.308,
    1988.616,
    2165.346,
    2171.615,
    2948.692,
    7609.538,
    2153.462,
    2061.0,
    1979.231,
    2089.538,
    2170.193,
    2193.961,
    2076.346,
    2218.461,
    2144.154,
    2214.923,
    2109.0,
    1914.308,
    1868.5,
    1829.73,
    2046.269
  ],
  "avg_retrieval_us": 2270.4392199999998,
  "median_retrieval_us": 2165.346,
  "min_retrieval_us": 1829.73,
  "max_retrieval_us": 7609.538,
  "p50_retrieval_us": 2165.346,
  "p95_retrieval_us": 2457.884,
  "context_chars": 315,
  "context_tokens_est": 78,
  "synth_chars": 815,
  "synth_tokens_est": 203,
  "ram_before_kb": 119336,
  "ram_after_kb": 155080,
  "ram_delta_kb": 35744,
  "io_write_bytes_before": 53248,
  "io_write_bytes_after": 77824,
  "io_write_bytes_delta": 24576
}