{
  "type": "storage_only",
  "timestamp": "2026-04-16T12:51:35.572503Z",
  "device": {
    "model": "moto g35 5G",
    "manufacturer": "motorola",
    "board": "manila",
    "hardware": "ums9620_2h10",
    "cpu_cores": 8,
    "ram_total_kb": 3497628,
    "android_version": "14",
    "sdk_int": 34,
    "abi": "arm64-v8a"
  },
  "backend": "LMDB",
  "backend_key": "lmdb",
  "readings_count": 200,
  "ingest_total_ms": 66.693692,
  "per_ingest_us": 333.46846,
  "retrieval_samples": 50,
  "retrieval_latencies_us": [
    2047.307,
    2273.269,
    2067.847,
    1925.654,
    1752.961,
    1750.962,
    1947.346,
    2080.808,
    1975.192,
    1874.346,
    1817.0,
    1703.461,
    2022.461,
    2477.808,
    2258.962,
    2144.731,
    1724.577,
    2013.885,
    1996.616,
    1902.0,
    1858.231,
    1743.346,
    1796.885,
    1969.384,
    2090.961,
    1917.23,
    1831.154,
    1670.885,
    1720.5,
    1923.077,
    2005.692,
    1874.808,
    1828.654,
    1699.193,
    1631.961,
    1951.384,
    1885.27,
    1891.384,
    1789.923,
    1729.769,
    1673.269,
    1936.961,
    1894.539,
    1959.423,
    1711.692,
    1685.539,
    1631.923,
    1718.423,
    1932.192,
    1770.385
  ],
  "avg_retrieval_us": 1889.6245999999999,
  "median_retrieval_us": 1891.384,
  "min_retrieval_us": 1631.923,
  "max_retrieval_us": 2477.808,
  "p50_retrieval_us": 1891.384,
  "p95_retrieval_us": 2258.962,
  "context_chars": 315,
  "context_tokens_est": 78,
  "synth_chars": 815,
  "synth_tokens_est": 203,
  "ram_before_kb": 119320,
  "ram_after_kb": 154716,
  "ram_delta_kb": 35396,
  "io_write_bytes_before": 0,
  "io_write_bytes_after": 0,
  "io_write_bytes_delta": 0
}