{
  "type": "storage_only",
  "timestamp": "2026-04-16T12:51:47.646738Z",
  "device": {
    "model": "moto g35 5G",
    "manufacturer": "motorola",
    "board": "manila",
    "hardware": "ums9620_2h10",
    "cpu_cores": 8,
    "ram_total_kb": 3497628,
    "android_version": "14",
    "sdk_int": 34,
    "abi": "arm64-v8a"
  },
  "backend": "LMDB",
  "backend_key": "lmdb",
  "readings_count": 200,
  "ingest_total_ms": 66.832385,
  "per_ingest_us": 334.161925,
  "retrieval_samples": 50,
  "retrieval_latencies_us": [
    1836.0,
    1872.077,
    2183.5,
    1960.423,
    1888.231,
    1843.653,
    1686.5,
    1791.693,
    2022.116,
    2141.846,
    1908.423,
    1823.038,
    1700.731,
    1904.269,
    2044.038,
    1998.192,
    1844.73,
    1721.039,
    1650.0,
    1867.116,
    2477.577,
    2063.884,
    1952.423,
    1848.577,
    1700.577,
    2346.039,
    2511.885,
    1953.423,
    1793.192,
    1739.154,
    1894.808,
    2112.693,
    1862.231,
    1867.462,
    1716.846,
    1709.616,
    1984.731,
    1943.269,
    1928.731,
    1833.116,
    1768.808,
    1647.808,
    2013.038,
    1856.423,
    1833.846,
    1801.846,
    1715.77,
    1664.539,
    1834.731,
    1895.808
  ],
  "avg_retrieval_us": 1899.2093200000004,
  "median_retrieval_us": 1867.116,
  "min_retrieval_us": 1647.808,
  "max_retrieval_us": 2511.885,
  "p50_retrieval_us": 1867.116,
  "p95_retrieval_us": 2346.039,
  "context_chars": 315,
  "context_tokens_est": 78,
  "synth_chars": 815,
  "synth_tokens_est": 203,
  "ram_before_kb": 119144,
  "ram_after_kb": 154128,
  "ram_delta_kb": 34984,
  "io_write_bytes_before": 0,
  "io_write_bytes_after": 0,
  "io_write_bytes_delta": 0
}