{
  "type": "storage_only",
  "timestamp": "2026-04-16T12:51:11.325065Z",
  "device": {
    "model": "moto g35 5G",
    "manufacturer": "motorola",
    "board": "manila",
    "hardware": "ums9620_2h10",
    "cpu_cores": 8,
    "ram_total_kb": 3497628,
    "android_version": "14",
    "sdk_int": 34,
    "abi": "arm64-v8a"
  },
  "backend": "LMDB",
  "backend_key": "lmdb",
  "readings_count": 200,
  "ingest_total_ms": 77.299,
  "per_ingest_us": 386.495,
  "retrieval_samples": 50,
  "retrieval_latencies_us": [
    2198.0,
    2393.154,
    3146.423,
    2005.385,
    2144.193,
    2517.769,
    2550.077,
    2458.423,
    1980.846,
    1964.961,
    2406.961,
    2182.384,
    2138.577,
    1965.884,
    1971.307,
    2323.654,
    2236.308,
    2159.731,
    2007.154,
    1925.654,
    2222.961,
    2307.924,
    2218.077,
    2017.769,
    2012.73,
    2196.73,
    2454.846,
    2188.962,
    2058.461,
    2014.231,
    2057.039,
    2376.308,
    2179.923,
    2090.462,
    1961.116,
    2096.615,
    2224.154,
    2123.846,
    2029.5,
    2059.0,
    1984.423,
    2230.884,
    2171.231,
    2113.884,
    2083.115,
    1986.539,
    2225.731,
    2215.462,
    2068.423,
    1922.654
  ],
  "avg_retrieval_us": 2171.3969000000006,
  "median_retrieval_us": 2144.193,
  "min_retrieval_us": 1922.654,
  "max_retrieval_us": 3146.423,
  "p50_retrieval_us": 2144.193,
  "p95_retrieval_us": 2517.769,
  "context_chars": 315,
  "context_tokens_est": 78,
  "synth_chars": 815,
  "synth_tokens_est": 203,
  "ram_before_kb": 119176,
  "ram_after_kb": 154788,
  "ram_delta_kb": 35612,
  "io_write_bytes_before": 0,
  "io_write_bytes_after": 0,
  "io_write_bytes_delta": 0
}