{
  "avg_retrieval_us" : 162.77617999999995,
  "backend" : "Dazzle",
  "backend_key" : "dazzle",
  "context_chars" : 315,
  "context_tokens_est" : 78,
  "device" : {
    "active_cpu_cores" : 6,
    "cpu_cores" : 6,
    "model" : "iPhone",
    "name" : "iPhone",
    "platform" : "iOS",
    "ram_total_bytes" : 5994528768,
    "systemName" : "iOS",
    "systemVersion" : "26.3"
  },
  "ingest_total_ms" : 46.807375,
  "max_retrieval_us" : 179.125,
  "median_retrieval_us" : 161.666,
  "min_retrieval_us" : 155.583,
  "p50_retrieval_us" : 161.666,
  "p95_retrieval_us" : 174,
  "per_ingest_us" : 117.0184375,
  "readings_count" : 400,
  "retrieval_latencies_us" : [
    179.125,
    168.125,
    167.458,
    178.583,
    161.25,
    159.417,
    164.75,
    158.958,
    158.667,
    159.208,
    161.583,
    161.666,
    171.459,
    162.375,
    161.125,
    158.5,
    155.875,
    174,
    157.708,
    156.375,
    160.375,
    161.334,
    161.084,
    162.625,
    163.792,
    163.208,
    163,
    163.042,
    162.417,
    173.584,
    160.167,
    159.167,
    155.833,
    161.916,
    159.041,
    172.833,
    168.5,
    165,
    162.75,
    162.375,
    169.625,
    165.542,
    165.083,
    164.25,
    168.709,
    158.875,
    159.166,
    156.167,
    160.042,
    158.833,
    166.042,
    161.041,
    156.458,
    156.75,
    157.25,
    166.541,
    161.125,
    160.792,
    160.75,
    161.708,
    158.833,
    160.209,
    159.417,
    156.166,
    160.791,
    163.458,
    162.417,
    162.541,
    165.792,
    162.875,
    168,
    163.167,
    168.541,
    164.75,
    170.875,
    166.25,
    158.625,
    162.166,
    160.083,
    156.542,
    170.625,
    162.458,
    175.583,
    164.584,
    168.791,
    159.291,
    159.375,
    156.25,
    162.041,
    158.125,
    156.541,
    157.416,
    156.166,
    155.583,
    172.167,
    161.375,
    160,
    161.209,
    174.083,
    161.458
  ],
  "retrieval_samples" : 100,
  "synth_chars" : 1445,
  "synth_tokens_est" : 361,
  "timestamp" : "2026-04-24T06:52:19Z",
  "type" : "storage_only"
}