{
  "avg_retrieval_us" : 164.06908999999996,
  "backend" : "Dazzle",
  "backend_key" : "dazzle",
  "context_chars" : 315,
  "context_tokens_est" : 78,
  "device" : {
    "active_cpu_cores" : 6,
    "cpu_cores" : 6,
    "model" : "iPhone",
    "name" : "iPhone",
    "platform" : "iOS",
    "ram_total_bytes" : 5994528768,
    "systemName" : "iOS",
    "systemVersion" : "26.3"
  },
  "ingest_total_ms" : 51.474291999999998,
  "max_retrieval_us" : 184.167,
  "median_retrieval_us" : 163.541,
  "min_retrieval_us" : 157.208,
  "p50_retrieval_us" : 163.541,
  "p95_retrieval_us" : 170.916,
  "per_ingest_us" : 128.68573000000001,
  "readings_count" : 400,
  "retrieval_latencies_us" : [
    160.25,
    162.625,
    163.583,
    162.583,
    161.625,
    184.167,
    171,
    163.167,
    162.875,
    162.875,
    164.833,
    166.333,
    163.833,
    163.083,
    165.542,
    160.666,
    164.042,
    164.334,
    160.458,
    163.084,
    168.5,
    164.958,
    167.042,
    165.667,
    170.875,
    169.959,
    167.333,
    164.417,
    164.667,
    168,
    163.125,
    164,
    160.333,
    161.625,
    160.834,
    175.416,
    164.666,
    163.041,
    165.5,
    162.5,
    161.625,
    162.5,
    162.541,
    162.042,
    161.833,
    158.291,
    157.459,
    158.458,
    160.541,
    160.875,
    174.667,
    157.708,
    163.541,
    161.791,
    157.791,
    165.959,
    162.25,
    163,
    163,
    162.417,
    161.458,
    160.125,
    160.625,
    157.292,
    162.833,
    166.166,
    170.708,
    168.5,
    169.875,
    167.916,
    165.625,
    164.916,
    164.292,
    166.875,
    168.959,
    164.834,
    162.667,
    162.166,
    160.458,
    160.667,
    170.708,
    165.959,
    164.916,
    164.542,
    164.959,
    164.875,
    160.666,
    157.416,
    163.541,
    167.583,
    160,
    159.875,
    160.334,
    157.208,
    158.375,
    170.916,
    164.291,
    167.667,
    168.333,
    166.083
  ],
  "retrieval_samples" : 100,
  "synth_chars" : 1445,
  "synth_tokens_est" : 361,
  "timestamp" : "2026-04-24T06:52:29Z",
  "type" : "storage_only"
}