{
  "avg_retrieval_us" : 164.11833999999996,
  "backend" : "Dazzle",
  "backend_key" : "dazzle",
  "context_chars" : 315,
  "context_tokens_est" : 78,
  "device" : {
    "active_cpu_cores" : 6,
    "cpu_cores" : 6,
    "model" : "iPhone",
    "name" : "iPhone",
    "platform" : "iOS",
    "ram_total_bytes" : 5994528768,
    "systemName" : "iOS",
    "systemVersion" : "26.3"
  },
  "ingest_total_ms" : 46.489415999999999,
  "max_retrieval_us" : 174.041,
  "median_retrieval_us" : 163.292,
  "min_retrieval_us" : 157.75,
  "p50_retrieval_us" : 163.292,
  "p95_retrieval_us" : 172.875,
  "per_ingest_us" : 116.22354,
  "readings_count" : 400,
  "retrieval_latencies_us" : [
    160.75,
    165.459,
    162.291,
    162.459,
    163.5,
    173.125,
    165.666,
    165.625,
    163.167,
    163.292,
    164.084,
    163.875,
    164.791,
    161.833,
    163.292,
    167.416,
    160.041,
    158,
    157.917,
    158.333,
    164.042,
    165.834,
    169.584,
    163.625,
    163.125,
    163.25,
    162.791,
    162.75,
    171.834,
    169.875,
    158.292,
    160.958,
    160.208,
    173.917,
    160.75,
    164.625,
    164.958,
    172.875,
    164.833,
    174.041,
    164.334,
    164.917,
    164.333,
    164.083,
    173.125,
    169.875,
    162.75,
    160.625,
    160.625,
    160.792,
    160.917,
    159.5,
    160.542,
    160.542,
    160.167,
    165.333,
    161,
    161.708,
    162.417,
    161.791,
    159.917,
    160.625,
    163.208,
    161.875,
    159.792,
    171.5,
    164.75,
    171,
    164.25,
    168.916,
    165.916,
    170.709,
    167.375,
    165.083,
    170.625,
    160.542,
    160.958,
    163,
    161.75,
    160.709,
    164.875,
    168,
    163.709,
    171.167,
    164.5,
    164.458,
    160.542,
    159.958,
    157.75,
    161.042,
    160.833,
    162.666,
    161.666,
    158.125,
    160.792,
    167.166,
    170.542,
    169.917,
    165.167,
    170
  ],
  "retrieval_samples" : 100,
  "synth_chars" : 1445,
  "synth_tokens_est" : 361,
  "timestamp" : "2026-04-24T06:52:08Z",
  "type" : "storage_only"
}