{
  "avg_retrieval_us" : 163.78661999999989,
  "backend" : "Dazzle",
  "backend_key" : "dazzle",
  "context_chars" : 315,
  "context_tokens_est" : 78,
  "device" : {
    "active_cpu_cores" : 6,
    "cpu_cores" : 6,
    "model" : "iPhone",
    "name" : "iPhone",
    "platform" : "iOS",
    "ram_total_bytes" : 5994528768,
    "systemName" : "iOS",
    "systemVersion" : "26.3"
  },
  "ingest_total_ms" : 43.716500000000003,
  "max_retrieval_us" : 179.625,
  "median_retrieval_us" : 163.792,
  "min_retrieval_us" : 157.125,
  "p50_retrieval_us" : 163.792,
  "p95_retrieval_us" : 171.667,
  "per_ingest_us" : 109.29125000000001,
  "readings_count" : 400,
  "retrieval_latencies_us" : [
    160.958,
    163.792,
    163.042,
    161.916,
    163.292,
    171.667,
    166.25,
    163.792,
    163.458,
    162.666,
    164.917,
    172.459,
    163.209,
    165.959,
    163.209,
    160.541,
    159.084,
    160.666,
    162.125,
    163.875,
    170.416,
    164.167,
    164.25,
    164.042,
    165.209,
    170.792,
    169.542,
    170.542,
    161.917,
    161.375,
    157.375,
    158.375,
    158.375,
    157.125,
    158.458,
    162.208,
    162.167,
    166.333,
    168.833,
    173.583,
    167.25,
    163.959,
    179.625,
    168.458,
    167.083,
    159.25,
    160.791,
    158.208,
    162.459,
    165.25,
    164.083,
    160.292,
    160.834,
    160.292,
    162.75,
    174.833,
    169.791,
    162.666,
    162.875,
    163.292,
    159.708,
    157.416,
    163.291,
    160.083,
    157.5,
    162.542,
    164.25,
    164.458,
    163.875,
    164.166,
    169.791,
    165.041,
    164.333,
    164.375,
    167.5,
    161.875,
    166.041,
    160.875,
    160.333,
    160.292,
    170.084,
    163.958,
    164.416,
    164.125,
    163.917,
    164.167,
    161.25,
    161.042,
    157.958,
    161.041,
    166.125,
    161.167,
    157.541,
    158.833,
    160.167,
    170.625,
    165.291,
    164.042,
    165.125,
    164.041
  ],
  "retrieval_samples" : 100,
  "synth_chars" : 1445,
  "synth_tokens_est" : 361,
  "timestamp" : "2026-04-24T06:51:47Z",
  "type" : "storage_only"
}