{
  "avg_retrieval_us" : 165.41290999999993,
  "backend" : "Dazzle",
  "backend_key" : "dazzle",
  "context_chars" : 315,
  "context_tokens_est" : 78,
  "device" : {
    "active_cpu_cores" : 6,
    "cpu_cores" : 6,
    "model" : "iPhone",
    "name" : "iPhone",
    "platform" : "iOS",
    "ram_total_bytes" : 5994528768,
    "systemName" : "iOS",
    "systemVersion" : "26.3"
  },
  "ingest_total_ms" : 46.686500000000002,
  "max_retrieval_us" : 183.041,
  "median_retrieval_us" : 164.667,
  "min_retrieval_us" : 158.125,
  "p50_retrieval_us" : 164.667,
  "p95_retrieval_us" : 175.084,
  "per_ingest_us" : 116.71625,
  "readings_count" : 400,
  "retrieval_latencies_us" : [
    183.041,
    169.083,
    165.292,
    162.917,
    158.959,
    173.416,
    164.25,
    163.5,
    165.667,
    163.959,
    171.167,
    163.875,
    165.583,
    162.917,
    160.208,
    160.916,
    160.917,
    161,
    161.584,
    158.333,
    174.334,
    169.75,
    165.667,
    175.75,
    167.084,
    166.958,
    171.166,
    167.666,
    165.209,
    165.333,
    162.708,
    161.75,
    164.083,
    160.708,
    161.542,
    165.875,
    172.416,
    168.542,
    168.791,
    171.292,
    169.833,
    165.292,
    167.541,
    168.333,
    168.125,
    165.583,
    165.333,
    161.541,
    158.625,
    161.292,
    175.084,
    160.084,
    159.166,
    162.5,
    162.791,
    164.125,
    164.625,
    169.791,
    165.292,
    160.75,
    159.792,
    158.834,
    159.125,
    159.042,
    159.709,
    162.959,
    162.583,
    162.166,
    162.542,
    163.375,
    162.917,
    172.5,
    163.5,
    168.333,
    164.667,
    179.541,
    162.75,
    164.167,
    162.625,
    158.291,
    171.25,
    181.125,
    174.542,
    165,
    164.458,
    164.708,
    165.375,
    173.75,
    162.917,
    162.209,
    167.166,
    161.542,
    158.125,
    161.625,
    164.75,
    173.75,
    165.417,
    164.875,
    165.417,
    164.958
  ],
  "retrieval_samples" : 100,
  "synth_chars" : 1445,
  "synth_tokens_est" : 361,
  "timestamp" : "2026-04-24T06:51:57Z",
  "type" : "storage_only"
}