{
  "type": "storage_only",
  "timestamp": "2026-04-16T12:45:22.256848Z",
  "device": {
    "model": "moto g35 5G",
    "manufacturer": "motorola",
    "board": "manila",
    "hardware": "ums9620_2h10",
    "cpu_cores": 8,
    "ram_total_kb": 3497628,
    "android_version": "14",
    "sdk_int": 34,
    "abi": "arm64-v8a"
  },
  "backend": "Valkey-Lua",
  "backend_key": "valkey-lua",
  "readings_count": 200,
  "ingest_total_ms": 344.226769,
  "per_ingest_us": 1721.133845,
  "retrieval_samples": 50,
  "retrieval_latencies_us": [
    2571.769,
    2601.077,
    2306.154,
    2471.346,
    2182.346,
    2264.039,
    2085.961,
    2186.731,
    2060.115,
    2374.577,
    2350.0,
    1695.654,
    2273.461,
    2011.116,
    2027.808,
    2258.077,
    2002.616,
    1972.923,
    2042.615,
    1936.616,
    2015.846,
    1993.269,
    2025.923,
    2068.076,
    1915.808,
    2222.154,
    1865.269,
    2115.846,
    1893.884,
    2291.5,
    2180.577,
    2209.577,
    2531.807,
    2473.962,
    2485.539,
    3181.769,
    2756.885,
    2412.846,
    2677.423,
    2837.23,
    2289.846,
    2567.692,
    2540.5,
    2741.384,
    3127.269,
    2800.615,
    2732.808,
    2284.5,
    2099.461,
    2307.0
  ],
  "avg_retrieval_us": 2306.4253200000003,
  "median_retrieval_us": 2273.461,
  "min_retrieval_us": 1695.654,
  "max_retrieval_us": 3181.769,
  "p50_retrieval_us": 2273.461,
  "p95_retrieval_us": 2837.23,
  "context_chars": 313,
  "context_tokens_est": 78,
  "synth_chars": 805,
  "synth_tokens_est": 201,
  "ram_before_kb": 160712,
  "ram_after_kb": 162164,
  "ram_delta_kb": 1452,
  "io_write_bytes_before": 0,
  "io_write_bytes_after": 0,
  "io_write_bytes_delta": 0
}