{
  "type": "storage_only",
  "timestamp": "2026-04-16T12:46:03.230177Z",
  "device": {
    "model": "moto g35 5G",
    "manufacturer": "motorola",
    "board": "manila",
    "hardware": "ums9620_2h10",
    "cpu_cores": 8,
    "ram_total_kb": 3497628,
    "android_version": "14",
    "sdk_int": 34,
    "abi": "arm64-v8a"
  },
  "backend": "Valkey-Lua",
  "backend_key": "valkey-lua",
  "readings_count": 200,
  "ingest_total_ms": 345.025308,
  "per_ingest_us": 1725.12654,
  "retrieval_samples": 50,
  "retrieval_latencies_us": [
    2604.923,
    2670.769,
    2897.847,
    2829.038,
    2126.116,
    2065.385,
    1895.385,
    2102.116,
    2189.577,
    2149.077,
    2215.115,
    2107.038,
    1931.616,
    1715.5,
    2073.847,
    1929.346,
    1357.539,
    2349.5,
    2135.115,
    2401.038,
    2265.307,
    2151.807,
    1932.269,
    1600.193,
    2535.385,
    2384.115,
    2436.231,
    2130.153,
    1882.539,
    1562.884,
    1905.193,
    1626.653,
    1777.77,
    1801.308,
    1657.308,
    2052.384,
    1530.5,
    1654.346,
    1650.577,
    1521.038,
    1623.231,
    1540.731,
    1836.154,
    1533.923,
    2333.269,
    1643.808,
    1789.847,
    1719.423,
    1562.269,
    1639.692
  ],
  "avg_retrieval_us": 1980.52388,
  "median_retrieval_us": 1931.616,
  "min_retrieval_us": 1357.539,
  "max_retrieval_us": 2897.847,
  "p50_retrieval_us": 1931.616,
  "p95_retrieval_us": 2670.769,
  "context_chars": 313,
  "context_tokens_est": 78,
  "synth_chars": 805,
  "synth_tokens_est": 201,
  "ram_before_kb": 161388,
  "ram_after_kb": 162656,
  "ram_delta_kb": 1268,
  "io_write_bytes_before": 8192,
  "io_write_bytes_after": 8192,
  "io_write_bytes_delta": 0
}