{
  "type": "storage_only",
  "timestamp": "2026-04-16T12:45:51.532120Z",
  "device": {
    "model": "moto g35 5G",
    "manufacturer": "motorola",
    "board": "manila",
    "hardware": "ums9620_2h10",
    "cpu_cores": 8,
    "ram_total_kb": 3497628,
    "android_version": "14",
    "sdk_int": 34,
    "abi": "arm64-v8a"
  },
  "backend": "Valkey-Lua",
  "backend_key": "valkey-lua",
  "readings_count": 200,
  "ingest_total_ms": 339.094499,
  "per_ingest_us": 1695.472495,
  "retrieval_samples": 50,
  "retrieval_latencies_us": [
    1911.346,
    1793.192,
    2115.654,
    1819.154,
    1818.461,
    2940.347,
    2139.038,
    2007.193,
    1971.577,
    1929.27,
    1733.154,
    1864.847,
    1663.77,
    1566.307,
    1707.462,
    2173.769,
    1550.615,
    2126.039,
    1443.615,
    1639.923,
    1955.0,
    1649.231,
    1553.884,
    1558.923,
    1542.961,
    1786.885,
    1660.616,
    2008.0,
    1605.231,
    2239.269,
    1963.192,
    1702.038,
    1851.885,
    1790.23,
    1864.115,
    2033.538,
    1742.539,
    1595.654,
    1781.461,
    1680.077,
    1637.808,
    1898.654,
    2333.577,
    1952.424,
    2299.616,
    1958.423,
    1638.461,
    1852.308,
    1823.192,
    1680.269
  ],
  "avg_retrieval_us": 1851.0838800000001,
  "median_retrieval_us": 1819.154,
  "min_retrieval_us": 1443.615,
  "max_retrieval_us": 2940.347,
  "p50_retrieval_us": 1819.154,
  "p95_retrieval_us": 2299.616,
  "context_chars": 313,
  "context_tokens_est": 78,
  "synth_chars": 805,
  "synth_tokens_est": 201,
  "ram_before_kb": 161332,
  "ram_after_kb": 162812,
  "ram_delta_kb": 1480,
  "io_write_bytes_before": 0,
  "io_write_bytes_after": 0,
  "io_write_bytes_delta": 0
}