{
  "type": "storage_only",
  "timestamp": "2026-04-16T12:45:34.067857Z",
  "device": {
    "model": "moto g35 5G",
    "manufacturer": "motorola",
    "board": "manila",
    "hardware": "ums9620_2h10",
    "cpu_cores": 8,
    "ram_total_kb": 3497628,
    "android_version": "14",
    "sdk_int": 34,
    "abi": "arm64-v8a"
  },
  "backend": "Valkey-Lua",
  "backend_key": "valkey-lua",
  "readings_count": 200,
  "ingest_total_ms": 354.581769,
  "per_ingest_us": 1772.908845,
  "retrieval_samples": 50,
  "retrieval_latencies_us": [
    2615.385,
    2537.0,
    2830.346,
    2446.731,
    2102.269,
    2294.846,
    2626.308,
    2505.193,
    2245.577,
    2567.423,
    2572.154,
    2780.847,
    2626.231,
    2792.884,
    2836.154,
    2993.192,
    2691.154,
    2752.346,
    2588.115,
    2828.192,
    2855.769,
    2670.461,
    2772.115,
    2711.615,
    2292.923,
    2267.346,
    2648.654,
    2480.615,
    2942.385,
    2334.462,
    2168.385,
    2728.807,
    2618.847,
    2250.385,
    2320.27,
    2665.654,
    3282.077,
    2253.923,
    2537.539,
    2922.231,
    2340.615,
    2617.923,
    2800.308,
    2547.038,
    3144.115,
    2472.692,
    2677.731,
    2616.115,
    2214.769,
    2703.461
  ],
  "avg_retrieval_us": 2601.8315399999997,
  "median_retrieval_us": 2618.847,
  "min_retrieval_us": 2102.269,
  "max_retrieval_us": 3282.077,
  "p50_retrieval_us": 2618.847,
  "p95_retrieval_us": 2993.192,
  "context_chars": 313,
  "context_tokens_est": 78,
  "synth_chars": 805,
  "synth_tokens_est": 201,
  "ram_before_kb": 161160,
  "ram_after_kb": 162400,
  "ram_delta_kb": 1240,
  "io_write_bytes_before": 4096,
  "io_write_bytes_after": 4096,
  "io_write_bytes_delta": 0
}