{
  "type": "storage_only",
  "timestamp": "2026-04-16T12:45:28.157316Z",
  "device": {
    "model": "moto g35 5G",
    "manufacturer": "motorola",
    "board": "manila",
    "hardware": "ums9620_2h10",
    "cpu_cores": 8,
    "ram_total_kb": 3497628,
    "android_version": "14",
    "sdk_int": 34,
    "abi": "arm64-v8a"
  },
  "backend": "Valkey-Lua",
  "backend_key": "valkey-lua",
  "readings_count": 200,
  "ingest_total_ms": 358.844692,
  "per_ingest_us": 1794.22346,
  "retrieval_samples": 50,
  "retrieval_latencies_us": [
    2670.576,
    2182.077,
    2115.077,
    2148.385,
    1920.423,
    1952.193,
    1892.923,
    2043.193,
    1803.731,
    2061.347,
    2040.307,
    1782.73,
    1726.115,
    2049.962,
    1899.154,
    2023.577,
    1723.193,
    2144.385,
    1768.461,
    2226.5,
    1529.77,
    1561.615,
    1457.961,
    1680.461,
    1635.308,
    2270.654,
    1846.807,
    1539.731,
    1664.846,
    1392.846,
    1858.192,
    1791.077,
    2052.923,
    1899.038,
    1660.27,
    2162.808,
    1921.538,
    1827.077,
    1702.884,
    1656.731,
    1726.846,
    1847.115,
    1630.923,
    1954.539,
    1942.154,
    1978.808,
    1633.846,
    1927.577,
    1844.462,
    1508.0
  ],
  "avg_retrieval_us": 1865.6223200000009,
  "median_retrieval_us": 1858.192,
  "min_retrieval_us": 1392.846,
  "max_retrieval_us": 2670.576,
  "p50_retrieval_us": 1858.192,
  "p95_retrieval_us": 2226.5,
  "context_chars": 313,
  "context_tokens_est": 78,
  "synth_chars": 805,
  "synth_tokens_est": 201,
  "ram_before_kb": 160940,
  "ram_after_kb": 162316,
  "ram_delta_kb": 1376,
  "io_write_bytes_before": 8192,
  "io_write_bytes_after": 8192,
  "io_write_bytes_delta": 0
}