{
  "type": "storage_only",
  "timestamp": "2026-04-16T12:45:45.737637Z",
  "device": {
    "model": "moto g35 5G",
    "manufacturer": "motorola",
    "board": "manila",
    "hardware": "ums9620_2h10",
    "cpu_cores": 8,
    "ram_total_kb": 3497628,
    "android_version": "14",
    "sdk_int": 34,
    "abi": "arm64-v8a"
  },
  "backend": "Valkey-Lua",
  "backend_key": "valkey-lua",
  "readings_count": 200,
  "ingest_total_ms": 352.494077,
  "per_ingest_us": 1762.470385,
  "retrieval_samples": 50,
  "retrieval_latencies_us": [
    3260.769,
    2965.654,
    3340.5,
    2834.193,
    2124.231,
    3041.5,
    2299.884,
    2122.346,
    2172.385,
    2221.961,
    2265.884,
    2360.346,
    2424.846,
    2140.461,
    2283.961,
    2161.615,
    1951.384,
    1955.115,
    2016.039,
    1913.154,
    2254.384,
    1947.654,
    2372.692,
    2987.0,
    3548.231,
    2826.692,
    2803.846,
    2712.5,
    2180.423,
    2499.654,
    2480.769,
    2760.462,
    2525.577,
    2565.693,
    2299.654,
    2741.231,
    2433.769,
    2536.346,
    2298.769,
    2272.961,
    2282.038,
    2539.308,
    2285.846,
    2256.577,
    3422.193,
    2739.077,
    2514.269,
    2477.692,
    2383.153,
    2661.577
  ],
  "avg_retrieval_us": 2489.3253000000004,
  "median_retrieval_us": 2424.846,
  "min_retrieval_us": 1913.154,
  "max_retrieval_us": 3548.231,
  "p50_retrieval_us": 2424.846,
  "p95_retrieval_us": 3340.5,
  "context_chars": 313,
  "context_tokens_est": 78,
  "synth_chars": 805,
  "synth_tokens_est": 201,
  "ram_before_kb": 160980,
  "ram_after_kb": 162324,
  "ram_delta_kb": 1344,
  "io_write_bytes_before": 4096,
  "io_write_bytes_after": 4096,
  "io_write_bytes_delta": 0
}