{
  "type": "storage_only",
  "timestamp": "2026-04-16T12:45:57.332397Z",
  "device": {
    "model": "moto g35 5G",
    "manufacturer": "motorola",
    "board": "manila",
    "hardware": "ums9620_2h10",
    "cpu_cores": 8,
    "ram_total_kb": 3497628,
    "android_version": "14",
    "sdk_int": 34,
    "abi": "arm64-v8a"
  },
  "backend": "Valkey-Lua",
  "backend_key": "valkey-lua",
  "readings_count": 200,
  "ingest_total_ms": 292.442654,
  "per_ingest_us": 1462.21327,
  "retrieval_samples": 50,
  "retrieval_latencies_us": [
    2794.73,
    2666.961,
    2172.654,
    2782.808,
    2679.769,
    2849.847,
    2069.923,
    2351.885,
    2494.423,
    2280.154,
    2027.577,
    2044.731,
    2068.539,
    2187.577,
    2806.73,
    2235.193,
    2255.808,
    2011.73,
    2031.385,
    2085.154,
    2127.116,
    2106.538,
    2786.116,
    1971.731,
    2557.885,
    1906.615,
    2103.654,
    2213.346,
    2075.346,
    2365.038,
    1874.231,
    2205.923,
    2277.308,
    2197.5,
    2615.962,
    3273.423,
    2500.347,
    2778.5,
    2216.962,
    2520.461,
    2606.077,
    2515.462,
    2368.692,
    2244.5,
    3145.154,
    2036.923,
    1769.846,
    1852.038,
    1666.307,
    1796.539
  ],
  "avg_retrieval_us": 2311.4623599999995,
  "median_retrieval_us": 2235.193,
  "min_retrieval_us": 1666.307,
  "max_retrieval_us": 3273.423,
  "p50_retrieval_us": 2235.193,
  "p95_retrieval_us": 2849.847,
  "context_chars": 313,
  "context_tokens_est": 78,
  "synth_chars": 805,
  "synth_tokens_est": 201,
  "ram_before_kb": 161664,
  "ram_after_kb": 162928,
  "ram_delta_kb": 1264,
  "io_write_bytes_before": 0,
  "io_write_bytes_after": 0,
  "io_write_bytes_delta": 0
}