{
  "type": "storage_only",
  "timestamp": "2026-04-16T12:45:16.397223Z",
  "device": {
    "model": "moto g35 5G",
    "manufacturer": "motorola",
    "board": "manila",
    "hardware": "ums9620_2h10",
    "cpu_cores": 8,
    "ram_total_kb": 3497628,
    "android_version": "14",
    "sdk_int": 34,
    "abi": "arm64-v8a"
  },
  "backend": "Valkey-Lua",
  "backend_key": "valkey-lua",
  "readings_count": 200,
  "ingest_total_ms": 352.872423,
  "per_ingest_us": 1764.362115,
  "retrieval_samples": 50,
  "retrieval_latencies_us": [
    3136.115,
    2260.038,
    1653.923,
    2184.269,
    2175.0,
    2477.538,
    2221.693,
    2445.962,
    2617.577,
    1559.385,
    2400.115,
    1961.269,
    1979.769,
    1496.154,
    2510.423,
    1630.231,
    1661.615,
    1633.731,
    1898.577,
    1804.577,
    2378.154,
    2221.962,
    2799.769,
    2482.385,
    2406.423,
    2574.577,
    2452.077,
    2026.539,
    1977.539,
    1809.0,
    2044.5,
    1803.654,
    2127.385,
    1857.384,
    2240.077,
    2453.577,
    1851.884,
    1935.731,
    2230.692,
    2311.038,
    2004.884,
    2327.769,
    2405.077,
    2075.384,
    2383.192,
    1881.0,
    1732.038,
    2033.154,
    1664.385,
    1785.73
  ],
  "avg_retrieval_us": 2119.6984199999997,
  "median_retrieval_us": 2127.385,
  "min_retrieval_us": 1496.154,
  "max_retrieval_us": 3136.115,
  "p50_retrieval_us": 2127.385,
  "p95_retrieval_us": 2617.577,
  "context_chars": 313,
  "context_tokens_est": 78,
  "synth_chars": 805,
  "synth_tokens_est": 201,
  "ram_before_kb": 161192,
  "ram_after_kb": 162764,
  "ram_delta_kb": 1572,
  "io_write_bytes_before": 0,
  "io_write_bytes_after": 0,
  "io_write_bytes_delta": 0
}