{
  "type": "storage_only",
  "timestamp": "2026-04-16T12:45:39.886426Z",
  "device": {
    "model": "moto g35 5G",
    "manufacturer": "motorola",
    "board": "manila",
    "hardware": "ums9620_2h10",
    "cpu_cores": 8,
    "ram_total_kb": 3497628,
    "android_version": "14",
    "sdk_int": 34,
    "abi": "arm64-v8a"
  },
  "backend": "Valkey-Lua",
  "backend_key": "valkey-lua",
  "readings_count": 200,
  "ingest_total_ms": 330.608,
  "per_ingest_us": 1653.04,
  "retrieval_samples": 50,
  "retrieval_latencies_us": [
    3918.346,
    3812.308,
    2604.077,
    4547.615,
    3607.693,
    3469.346,
    3352.193,
    2732.346,
    2822.538,
    3127.192,
    3023.615,
    3194.077,
    2788.423,
    2579.962,
    2848.116,
    2265.077,
    2063.538,
    2321.115,
    1928.769,
    2245.308,
    2312.0,
    2119.423,
    2354.039,
    2230.884,
    2774.0,
    2298.73,
    2326.308,
    2277.885,
    2123.846,
    2215.692,
    2154.346,
    2302.846,
    1850.73,
    2470.5,
    2657.731,
    2901.0,
    2196.077,
    2474.654,
    2373.384,
    2282.5,
    1986.808,
    2369.73,
    2300.5,
    2039.808,
    2621.461,
    1822.847,
    1923.577,
    1703.423,
    1833.346,
    1833.538
  ],
  "avg_retrieval_us": 2527.66534,
  "median_retrieval_us": 2326.308,
  "min_retrieval_us": 1703.423,
  "max_retrieval_us": 4547.615,
  "p50_retrieval_us": 2326.308,
  "p95_retrieval_us": 3812.308,
  "context_chars": 313,
  "context_tokens_est": 78,
  "synth_chars": 805,
  "synth_tokens_est": 201,
  "ram_before_kb": 161140,
  "ram_after_kb": 162408,
  "ram_delta_kb": 1268,
  "io_write_bytes_before": 0,
  "io_write_bytes_after": 0,
  "io_write_bytes_delta": 0
}