{
  "type": "storage_only",
  "timestamp": "2026-04-16T12:45:10.580256Z",
  "device": {
    "model": "moto g35 5G",
    "manufacturer": "motorola",
    "board": "manila",
    "hardware": "ums9620_2h10",
    "cpu_cores": 8,
    "ram_total_kb": 3497628,
    "android_version": "14",
    "sdk_int": 34,
    "abi": "arm64-v8a"
  },
  "backend": "Valkey-Lua",
  "backend_key": "valkey-lua",
  "readings_count": 200,
  "ingest_total_ms": 352.853154,
  "per_ingest_us": 1764.26577,
  "retrieval_samples": 50,
  "retrieval_latencies_us": [
    3699.615,
    3132.384,
    2769.423,
    2693.192,
    2590.808,
    3136.885,
    3252.73,
    3146.884,
    2197.039,
    2393.693,
    2963.615,
    2964.038,
    2830.539,
    2717.347,
    3193.577,
    2793.384,
    2185.731,
    2519.5,
    2985.654,
    2883.884,
    2803.885,
    2906.0,
    2647.962,
    2972.962,
    3157.231,
    2284.077,
    2080.077,
    2205.884,
    2122.461,
    2318.385,
    2701.654,
    2494.846,
    2320.923,
    2662.884,
    2743.5,
    2979.269,
    2525.154,
    2657.693,
    3144.923,
    2153.731,
    2125.577,
    2194.846,
    2056.039,
    2747.192,
    2795.846,
    2230.116,
    2272.577,
    2042.539,
    2140.615,
    2112.615
  ],
  "avg_retrieval_us": 2633.0277,
  "median_retrieval_us": 2693.192,
  "min_retrieval_us": 2042.539,
  "max_retrieval_us": 3699.615,
  "p50_retrieval_us": 2693.192,
  "p95_retrieval_us": 3193.577,
  "context_chars": 313,
  "context_tokens_est": 78,
  "synth_chars": 805,
  "synth_tokens_est": 201,
  "ram_before_kb": 160996,
  "ram_after_kb": 162376,
  "ram_delta_kb": 1380,
  "io_write_bytes_before": 0,
  "io_write_bytes_after": 0,
  "io_write_bytes_delta": 0
}