{
  "type": "storage_only",
  "timestamp": "2026-04-16T13:52:19.346676Z",
  "device": {
    "model": "moto g35 5G",
    "manufacturer": "motorola",
    "board": "manila",
    "hardware": "ums9620_2h10",
    "cpu_cores": 8,
    "ram_total_kb": 3497628,
    "android_version": "14",
    "sdk_int": 34,
    "abi": "arm64-v8a"
  },
  "backend": "SQLite",
  "backend_key": "sqlite",
  "readings_count": 200,
  "ingest_total_ms": 500.120577,
  "per_ingest_us": 2500.602885,
  "retrieval_samples": 50,
  "retrieval_latencies_us": [
    2330.5,
    2212.615,
    2230.384,
    2247.308,
    2237.654,
    2252.77,
    2180.192,
    2252.462,
    2218.308,
    2257.731,
    2263.846,
    2233.077,
    2248.616,
    2259.154,
    2222.961,
    2240.769,
    2279.424,
    2285.577,
    2195.269,
    2238.962,
    2275.769,
    2319.461,
    2345.923,
    2307.231,
    2350.884,
    2279.346,
    2295.616,
    2234.577,
    2270.153,
    2207.269,
    2301.192,
    2213.461,
    2211.154,
    2217.538,
    2199.23,
    2279.153,
    2230.462,
    2277.73,
    2265.846,
    2226.808,
    2266.461,
    2305.039,
    2267.615,
    2224.961,
    2294.692,
    2222.846,
    2157.884,
    2218.269,
    2209.5,
    2225.462
  ],
  "avg_retrieval_us": 2251.78222,
  "median_retrieval_us": 2248.616,
  "min_retrieval_us": 2157.884,
  "max_retrieval_us": 2350.884,
  "p50_retrieval_us": 2248.616,
  "p95_retrieval_us": 2330.5,
  "context_chars": 315,
  "context_tokens_est": 78,
  "synth_chars": 815,
  "synth_tokens_est": 203,
  "ram_before_kb": 120916,
  "ram_after_kb": 163204,
  "ram_delta_kb": 42288,
  "io_write_bytes_before": 217088,
  "io_write_bytes_after": 10977280,
  "io_write_bytes_delta": 10760192
}