{
  "type": "storage_only",
  "timestamp": "2026-04-16T13:52:13.409252Z",
  "device": {
    "model": "moto g35 5G",
    "manufacturer": "motorola",
    "board": "manila",
    "hardware": "ums9620_2h10",
    "cpu_cores": 8,
    "ram_total_kb": 3497628,
    "android_version": "14",
    "sdk_int": 34,
    "abi": "arm64-v8a"
  },
  "backend": "SQLite",
  "backend_key": "sqlite",
  "readings_count": 200,
  "ingest_total_ms": 525.035192,
  "per_ingest_us": 2625.17596,
  "retrieval_samples": 50,
  "retrieval_latencies_us": [
    2269.5,
    2207.077,
    2248.269,
    2213.154,
    2203.269,
    2260.077,
    2254.961,
    2195.115,
    2273.116,
    2227.346,
    2213.923,
    2285.192,
    2263.269,
    2270.154,
    2267.924,
    2277.269,
    2287.308,
    2259.384,
    2248.885,
    2282.616,
    2360.5,
    2279.231,
    2306.307,
    2371.231,
    2287.5,
    2301.5,
    2269.654,
    2317.5,
    2248.73,
    2222.076,
    2280.038,
    2206.538,
    2224.423,
    2200.269,
    2226.269,
    2252.193,
    2233.923,
    2223.615,
    2247.038,
    2261.846,
    2259.615,
    2316.192,
    2196.654,
    2239.884,
    2291.23,
    2211.885,
    2233.231,
    2185.539,
    2190.308,
    2319.576
  ],
  "avg_retrieval_us": 2255.44606,
  "median_retrieval_us": 2259.384,
  "min_retrieval_us": 2185.539,
  "max_retrieval_us": 2371.231,
  "p50_retrieval_us": 2259.384,
  "p95_retrieval_us": 2319.576,
  "context_chars": 315,
  "context_tokens_est": 78,
  "synth_chars": 815,
  "synth_tokens_est": 203,
  "ram_before_kb": 120788,
  "ram_after_kb": 162912,
  "ram_delta_kb": 42124,
  "io_write_bytes_before": 217088,
  "io_write_bytes_after": 10977280,
  "io_write_bytes_delta": 10760192
}