{
  "type": "storage_only",
  "timestamp": "2026-04-16T13:52:01.516872Z",
  "device": {
    "model": "moto g35 5G",
    "manufacturer": "motorola",
    "board": "manila",
    "hardware": "ums9620_2h10",
    "cpu_cores": 8,
    "ram_total_kb": 3497628,
    "android_version": "14",
    "sdk_int": 34,
    "abi": "arm64-v8a"
  },
  "backend": "SQLite",
  "backend_key": "sqlite",
  "readings_count": 200,
  "ingest_total_ms": 515.482884,
  "per_ingest_us": 2577.41442,
  "retrieval_samples": 50,
  "retrieval_latencies_us": [
    2318.615,
    2215.808,
    2206.461,
    2221.384,
    2264.846,
    2225.5,
    2252.923,
    2232.424,
    2218.423,
    2245.538,
    2291.115,
    2262.846,
    2233.846,
    2322.615,
    2271.192,
    2210.577,
    2246.731,
    2224.538,
    2284.923,
    2357.692,
    2499.115,
    1986.616,
    2299.962,
    2320.307,
    2257.654,
    2328.192,
    2446.038,
    2299.923,
    2294.615,
    2282.077,
    2243.615,
    2193.038,
    2212.692,
    2155.385,
    2176.961,
    2270.923,
    2227.692,
    2231.231,
    2198.346,
    2208.154,
    2202.847,
    2238.423,
    2224.846,
    2208.038,
    2265.423,
    2162.461,
    2170.076,
    2151.577,
    2197.384,
    2143.846
  ],
  "avg_retrieval_us": 2244.10908,
  "median_retrieval_us": 2233.846,
  "min_retrieval_us": 1986.616,
  "max_retrieval_us": 2499.115,
  "p50_retrieval_us": 2233.846,
  "p95_retrieval_us": 2357.692,
  "context_chars": 315,
  "context_tokens_est": 78,
  "synth_chars": 815,
  "synth_tokens_est": 203,
  "ram_before_kb": 120908,
  "ram_after_kb": 163592,
  "ram_delta_kb": 42684,
  "io_write_bytes_before": 217088,
  "io_write_bytes_after": 10977280,
  "io_write_bytes_delta": 10760192
}