{
  "type": "storage_only",
  "timestamp": "2026-04-16T13:52:07.398194Z",
  "device": {
    "model": "moto g35 5G",
    "manufacturer": "motorola",
    "board": "manila",
    "hardware": "ums9620_2h10",
    "cpu_cores": 8,
    "ram_total_kb": 3497628,
    "android_version": "14",
    "sdk_int": 34,
    "abi": "arm64-v8a"
  },
  "backend": "SQLite",
  "backend_key": "sqlite",
  "readings_count": 200,
  "ingest_total_ms": 474.56823,
  "per_ingest_us": 2372.84115,
  "retrieval_samples": 50,
  "retrieval_latencies_us": [
    2155.346,
    2124.346,
    2052.885,
    2233.461,
    2134.385,
    2169.231,
    2036.538,
    2043.5,
    2054.269,
    2012.346,
    2056.039,
    2103.923,
    2060.884,
    2123.577,
    2044.0,
    2107.654,
    2038.731,
    2094.0,
    2010.884,
    2081.616,
    2055.0,
    2073.731,
    2134.193,
    2078.154,
    2086.077,
    2125.692,
    2096.846,
    2096.462,
    2100.461,
    2049.577,
    2101.693,
    2017.077,
    2116.692,
    2040.616,
    2056.692,
    2055.461,
    2133.038,
    2057.115,
    2106.115,
    2062.577,
    2128.731,
    2078.462,
    2049.116,
    2060.346,
    2045.154,
    2067.615,
    2102.769,
    2053.731,
    2017.038,
    2087.23
  ],
  "avg_retrieval_us": 2081.42152,
  "median_retrieval_us": 2078.154,
  "min_retrieval_us": 2010.884,
  "max_retrieval_us": 2233.461,
  "p50_retrieval_us": 2078.154,
  "p95_retrieval_us": 2155.346,
  "context_chars": 315,
  "context_tokens_est": 78,
  "synth_chars": 815,
  "synth_tokens_est": 203,
  "ram_before_kb": 121096,
  "ram_after_kb": 163096,
  "ram_delta_kb": 42000,
  "io_write_bytes_before": 217088,
  "io_write_bytes_after": 10977280,
  "io_write_bytes_delta": 10760192
}