{
  "type": "storage_only",
  "timestamp": "2026-04-16T13:52:49.048242Z",
  "device": {
    "model": "moto g35 5G",
    "manufacturer": "motorola",
    "board": "manila",
    "hardware": "ums9620_2h10",
    "cpu_cores": 8,
    "ram_total_kb": 3497628,
    "android_version": "14",
    "sdk_int": 34,
    "abi": "arm64-v8a"
  },
  "backend": "SQLite",
  "backend_key": "sqlite",
  "readings_count": 200,
  "ingest_total_ms": 480.093461,
  "per_ingest_us": 2400.467305,
  "retrieval_samples": 50,
  "retrieval_latencies_us": [
    2142.115,
    2029.423,
    2079.807,
    2088.115,
    2045.231,
    2078.538,
    2069.884,
    2048.193,
    2038.769,
    2046.923,
    2105.577,
    2061.923,
    2066.115,
    2101.5,
    2106.461,
    2062.884,
    2056.846,
    2015.923,
    2052.192,
    2045.0,
    2122.231,
    2095.577,
    2065.884,
    2133.115,
    2045.424,
    2096.731,
    2084.423,
    2270.808,
    2056.27,
    2074.346,
    2091.769,
    2098.0,
    2063.385,
    2043.962,
    2037.846,
    2144.269,
    2048.269,
    2118.462,
    2070.539,
    2101.538,
    2091.5,
    2088.962,
    2033.731,
    2086.846,
    2077.193,
    2080.5,
    2067.616,
    2018.077,
    2062.961,
    2093.5
  ],
  "avg_retrieval_us": 2078.10306,
  "median_retrieval_us": 2074.346,
  "min_retrieval_us": 2015.923,
  "max_retrieval_us": 2270.808,
  "p50_retrieval_us": 2074.346,
  "p95_retrieval_us": 2142.115,
  "context_chars": 315,
  "context_tokens_est": 78,
  "synth_chars": 815,
  "synth_tokens_est": 203,
  "ram_before_kb": 119448,
  "ram_after_kb": 162524,
  "ram_delta_kb": 43076,
  "io_write_bytes_before": 217088,
  "io_write_bytes_after": 10981376,
  "io_write_bytes_delta": 10764288
}