{
  "type": "storage_only",
  "timestamp": "2026-04-16T13:52:37.121804Z",
  "device": {
    "model": "moto g35 5G",
    "manufacturer": "motorola",
    "board": "manila",
    "hardware": "ums9620_2h10",
    "cpu_cores": 8,
    "ram_total_kb": 3497628,
    "android_version": "14",
    "sdk_int": 34,
    "abi": "arm64-v8a"
  },
  "backend": "SQLite",
  "backend_key": "sqlite",
  "readings_count": 200,
  "ingest_total_ms": 499.695192,
  "per_ingest_us": 2498.47596,
  "retrieval_samples": 50,
  "retrieval_latencies_us": [
    2303.923,
    2168.769,
    2268.193,
    2228.539,
    2289.846,
    2237.884,
    2242.538,
    2294.231,
    2241.27,
    2275.154,
    2202.384,
    2268.192,
    2218.077,
    2295.615,
    2252.154,
    2285.269,
    2257.731,
    2231.692,
    2236.423,
    2192.308,
    2332.654,
    2388.769,
    2298.461,
    2300.577,
    2271.577,
    2358.846,
    2284.115,
    2366.154,
    2257.423,
    2262.5,
    2249.846,
    2221.27,
    2262.654,
    2196.192,
    2248.923,
    2287.654,
    2259.0,
    2281.847,
    2268.154,
    2281.423,
    2248.385,
    2231.961,
    2275.577,
    2228.154,
    2247.923,
    2196.654,
    2226.077,
    2186.308,
    2236.308,
    2186.538
  ],
  "avg_retrieval_us": 2258.6423199999995,
  "median_retrieval_us": 2257.731,
  "min_retrieval_us": 2168.769,
  "max_retrieval_us": 2388.769,
  "p50_retrieval_us": 2257.731,
  "p95_retrieval_us": 2358.846,
  "context_chars": 315,
  "context_tokens_est": 78,
  "synth_chars": 815,
  "synth_tokens_est": 203,
  "ram_before_kb": 120880,
  "ram_after_kb": 162888,
  "ram_delta_kb": 42008,
  "io_write_bytes_before": 217088,
  "io_write_bytes_after": 10977280,
  "io_write_bytes_delta": 10760192
}