{
  "type": "storage_only",
  "timestamp": "2026-04-16T13:52:43.074468Z",
  "device": {
    "model": "moto g35 5G",
    "manufacturer": "motorola",
    "board": "manila",
    "hardware": "ums9620_2h10",
    "cpu_cores": 8,
    "ram_total_kb": 3497628,
    "android_version": "14",
    "sdk_int": 34,
    "abi": "arm64-v8a"
  },
  "backend": "SQLite",
  "backend_key": "sqlite",
  "readings_count": 200,
  "ingest_total_ms": 496.89173,
  "per_ingest_us": 2484.45865,
  "retrieval_samples": 50,
  "retrieval_latencies_us": [
    2147.153,
    2020.654,
    2050.116,
    2015.923,
    2037.115,
    2067.654,
    2038.769,
    2004.461,
    2041.731,
    2034.461,
    2051.423,
    2057.231,
    2015.769,
    2024.846,
    2088.385,
    2019.038,
    2026.193,
    2013.539,
    2146.616,
    1978.116,
    2075.154,
    2040.308,
    2124.731,
    2022.077,
    2090.231,
    2079.924,
    2123.461,
    2100.269,
    2094.192,
    2082.77,
    2037.846,
    1991.731,
    1978.27,
    2010.577,
    2029.538,
    2066.116,
    2045.808,
    2060.654,
    1975.231,
    2067.192,
    2051.192,
    2041.269,
    2058.269,
    2081.231,
    2084.654,
    2022.807,
    2008.154,
    2034.538,
    2019.154,
    2083.769
  ],
  "avg_retrieval_us": 2049.2061999999996,
  "median_retrieval_us": 2041.731,
  "min_retrieval_us": 1975.231,
  "max_retrieval_us": 2147.153,
  "p50_retrieval_us": 2041.731,
  "p95_retrieval_us": 2124.731,
  "context_chars": 315,
  "context_tokens_est": 78,
  "synth_chars": 815,
  "synth_tokens_est": 203,
  "ram_before_kb": 120820,
  "ram_after_kb": 162428,
  "ram_delta_kb": 41608,
  "io_write_bytes_before": 217088,
  "io_write_bytes_after": 10977280,
  "io_write_bytes_delta": 10760192
}