{
  "type": "storage_only",
  "timestamp": "2026-04-16T13:52:31.193812Z",
  "device": {
    "model": "moto g35 5G",
    "manufacturer": "motorola",
    "board": "manila",
    "hardware": "ums9620_2h10",
    "cpu_cores": 8,
    "ram_total_kb": 3497628,
    "android_version": "14",
    "sdk_int": 34,
    "abi": "arm64-v8a"
  },
  "backend": "SQLite",
  "backend_key": "sqlite",
  "readings_count": 200,
  "ingest_total_ms": 509.453192,
  "per_ingest_us": 2547.26596,
  "retrieval_samples": 50,
  "retrieval_latencies_us": [
    2332.154,
    2236.039,
    2264.308,
    2216.884,
    2266.885,
    2249.231,
    2216.615,
    2240.731,
    2235.807,
    2232.269,
    2253.038,
    2278.731,
    2255.346,
    2264.769,
    2267.5,
    2235.154,
    2313.153,
    2187.576,
    2254.038,
    2221.539,
    2351.846,
    2304.0,
    2267.116,
    2277.73,
    2332.115,
    2324.5,
    2311.539,
    2270.807,
    2482.115,
    2290.384,
    2228.693,
    2171.769,
    2238.154,
    2228.693,
    2181.692,
    2238.346,
    2217.808,
    2256.115,
    2266.538,
    2255.692,
    2248.807,
    2324.5,
    2246.923,
    2193.076,
    2219.231,
    2161.807,
    2215.116,
    2194.231,
    2216.193,
    2142.808
  ],
  "avg_retrieval_us": 2253.60222,
  "median_retrieval_us": 2249.231,
  "min_retrieval_us": 2142.808,
  "max_retrieval_us": 2482.115,
  "p50_retrieval_us": 2249.231,
  "p95_retrieval_us": 2332.154,
  "context_chars": 315,
  "context_tokens_est": 78,
  "synth_chars": 815,
  "synth_tokens_est": 203,
  "ram_before_kb": 120440,
  "ram_after_kb": 162976,
  "ram_delta_kb": 42536,
  "io_write_bytes_before": 217088,
  "io_write_bytes_after": 10985472,
  "io_write_bytes_delta": 10768384
}