{
  "type": "storage_only",
  "timestamp": "2026-04-16T13:52:25.172037Z",
  "device": {
    "model": "moto g35 5G",
    "manufacturer": "motorola",
    "board": "manila",
    "hardware": "ums9620_2h10",
    "cpu_cores": 8,
    "ram_total_kb": 3497628,
    "android_version": "14",
    "sdk_int": 34,
    "abi": "arm64-v8a"
  },
  "backend": "SQLite",
  "backend_key": "sqlite",
  "readings_count": 200,
  "ingest_total_ms": 494.309461,
  "per_ingest_us": 2471.547305,
  "retrieval_samples": 50,
  "retrieval_latencies_us": [
    2076.616,
    2014.615,
    2033.615,
    2015.193,
    2063.346,
    2064.616,
    2031.039,
    2008.308,
    2103.0,
    2022.461,
    2084.847,
    2071.962,
    2114.808,
    2061.154,
    2074.423,
    2030.038,
    2066.808,
    2049.461,
    2031.192,
    2026.769,
    2077.462,
    2106.153,
    2057.731,
    2085.039,
    2072.0,
    2133.192,
    2039.038,
    2101.308,
    2070.27,
    2070.769,
    2028.615,
    2015.423,
    2007.615,
    2094.962,
    2065.039,
    2089.961,
    2091.885,
    2115.962,
    2125.423,
    2060.308,
    2101.616,
    2058.539,
    2095.538,
    2056.962,
    2098.0,
    2028.424,
    2027.038,
    2041.462,
    2056.116,
    2006.116
  ],
  "avg_retrieval_us": 2062.4447399999995,
  "median_retrieval_us": 2064.616,
  "min_retrieval_us": 2006.116,
  "max_retrieval_us": 2133.192,
  "p50_retrieval_us": 2064.616,
  "p95_retrieval_us": 2115.962,
  "context_chars": 315,
  "context_tokens_est": 78,
  "synth_chars": 815,
  "synth_tokens_est": 203,
  "ram_before_kb": 120128,
  "ram_after_kb": 163176,
  "ram_delta_kb": 43048,
  "io_write_bytes_before": 217088,
  "io_write_bytes_after": 10977280,
  "io_write_bytes_delta": 10760192
}