{
  "type": "storage_only",
  "timestamp": "2026-04-16T13:51:55.546199Z",
  "device": {
    "model": "moto g35 5G",
    "manufacturer": "motorola",
    "board": "manila",
    "hardware": "ums9620_2h10",
    "cpu_cores": 8,
    "ram_total_kb": 3497628,
    "android_version": "14",
    "sdk_int": 34,
    "abi": "arm64-v8a"
  },
  "backend": "SQLite",
  "backend_key": "sqlite",
  "readings_count": 200,
  "ingest_total_ms": 498.342038,
  "per_ingest_us": 2491.71019,
  "retrieval_samples": 50,
  "retrieval_latencies_us": [
    2116.461,
    2078.385,
    2004.577,
    2061.154,
    1982.346,
    2094.231,
    1982.654,
    2048.385,
    2046.384,
    2033.731,
    2055.307,
    2133.693,
    2047.115,
    2034.077,
    2076.077,
    2000.039,
    2057.23,
    1994.193,
    2059.0,
    2032.692,
    2108.692,
    2063.962,
    2158.346,
    2067.846,
    2083.347,
    2040.923,
    2087.731,
    2101.961,
    2100.654,
    2077.808,
    2087.077,
    2003.385,
    2067.308,
    2012.192,
    2072.962,
    2128.308,
    2109.346,
    2095.231,
    2101.077,
    2123.154,
    2115.423,
    2069.654,
    2057.461,
    2073.23,
    2066.115,
    2030.847,
    1940.692,
    1958.808,
    1973.038,
    2010.461
  ],
  "avg_retrieval_us": 2058.4954,
  "median_retrieval_us": 2066.115,
  "min_retrieval_us": 1940.692,
  "max_retrieval_us": 2158.346,
  "p50_retrieval_us": 2066.115,
  "p95_retrieval_us": 2128.308,
  "context_chars": 315,
  "context_tokens_est": 78,
  "synth_chars": 815,
  "synth_tokens_est": 203,
  "ram_before_kb": 123376,
  "ram_after_kb": 162980,
  "ram_delta_kb": 39604,
  "io_write_bytes_before": 225280,
  "io_write_bytes_after": 10985472,
  "io_write_bytes_delta": 10760192
}