{
  "type": "storage_only",
  "timestamp": "2026-04-16T12:43:19.853170Z",
  "device": {
    "model": "moto g35 5G",
    "manufacturer": "motorola",
    "board": "manila",
    "hardware": "ums9620_2h10",
    "cpu_cores": 8,
    "ram_total_kb": 3497628,
    "android_version": "14",
    "sdk_int": 34,
    "abi": "arm64-v8a"
  },
  "backend": "Valkey-Pipeline",
  "backend_key": "valkey-pipeline",
  "readings_count": 200,
  "ingest_total_ms": 328.451615,
  "per_ingest_us": 1642.258075,
  "retrieval_samples": 50,
  "retrieval_latencies_us": [
    2735.346,
    3310.5,
    3094.424,
    2854.307,
    2861.192,
    2466.846,
    2636.346,
    2596.846,
    2403.692,
    2618.038,
    2635.385,
    2454.269,
    4202.577,
    2623.846,
    2398.192,
    2994.616,
    2411.577,
    2342.538,
    2444.653,
    2577.615,
    2355.269,
    2512.769,
    2193.923,
    2169.346,
    2422.0,
    2183.115,
    2526.808,
    2232.154,
    2385.076,
    2338.307,
    2206.924,
    2290.5,
    2061.039,
    2282.461,
    2127.462,
    2330.116,
    2424.577,
    2336.0,
    2244.23,
    1925.615,
    1983.923,
    1830.731,
    1878.731,
    2019.346,
    1901.807,
    2045.923,
    2059.808,
    1987.577,
    1955.038,
    1843.962
  ],
  "avg_retrieval_us": 2394.34684,
  "median_retrieval_us": 2355.269,
  "min_retrieval_us": 1830.731,
  "max_retrieval_us": 4202.577,
  "p50_retrieval_us": 2355.269,
  "p95_retrieval_us": 3094.424,
  "context_chars": 315,
  "context_tokens_est": 78,
  "synth_chars": 815,
  "synth_tokens_est": 203,
  "ram_before_kb": 160740,
  "ram_after_kb": 162352,
  "ram_delta_kb": 1612,
  "io_write_bytes_before": 4096,
  "io_write_bytes_after": 4096,
  "io_write_bytes_delta": 0
}