{
  "type": "storage_only",
  "timestamp": "2026-04-16T12:43:25.597958Z",
  "device": {
    "model": "moto g35 5G",
    "manufacturer": "motorola",
    "board": "manila",
    "hardware": "ums9620_2h10",
    "cpu_cores": 8,
    "ram_total_kb": 3497628,
    "android_version": "14",
    "sdk_int": 34,
    "abi": "arm64-v8a"
  },
  "backend": "Valkey-Pipeline",
  "backend_key": "valkey-pipeline",
  "readings_count": 200,
  "ingest_total_ms": 341.406461,
  "per_ingest_us": 1707.032305,
  "retrieval_samples": 50,
  "retrieval_latencies_us": [
    3487.115,
    3904.731,
    3724.115,
    3243.538,
    2996.731,
    2989.769,
    2637.847,
    2674.539,
    2416.73,
    3001.423,
    4454.693,
    2765.538,
    2643.539,
    2456.039,
    2679.462,
    2435.5,
    2162.693,
    2491.116,
    2272.115,
    2398.462,
    2321.5,
    2554.884,
    2256.423,
    2086.731,
    2114.077,
    2002.346,
    2241.193,
    2057.192,
    2223.192,
    2059.577,
    2186.692,
    1972.808,
    2223.846,
    2012.307,
    1943.5,
    2072.538,
    1979.038,
    2324.538,
    1851.692,
    2042.193,
    1774.577,
    1931.269,
    1779.615,
    1891.923,
    1785.847,
    1898.769,
    1870.846,
    1831.654,
    2079.654,
    1828.038
  ],
  "avg_retrieval_us": 2380.68308,
  "median_retrieval_us": 2223.846,
  "min_retrieval_us": 1774.577,
  "max_retrieval_us": 4454.693,
  "p50_retrieval_us": 2223.846,
  "p95_retrieval_us": 3724.115,
  "context_chars": 315,
  "context_tokens_est": 78,
  "synth_chars": 815,
  "synth_tokens_est": 203,
  "ram_before_kb": 161828,
  "ram_after_kb": 163264,
  "ram_delta_kb": 1436,
  "io_write_bytes_before": 0,
  "io_write_bytes_after": 0,
  "io_write_bytes_delta": 0
}