{
  "type": "storage_only",
  "timestamp": "2026-04-16T12:43:31.500514Z",
  "device": {
    "model": "moto g35 5G",
    "manufacturer": "motorola",
    "board": "manila",
    "hardware": "ums9620_2h10",
    "cpu_cores": 8,
    "ram_total_kb": 3497628,
    "android_version": "14",
    "sdk_int": 34,
    "abi": "arm64-v8a"
  },
  "backend": "Valkey-Pipeline",
  "backend_key": "valkey-pipeline",
  "readings_count": 200,
  "ingest_total_ms": 353.985615,
  "per_ingest_us": 1769.928075,
  "retrieval_samples": 50,
  "retrieval_latencies_us": [
    3385.423,
    3402.192,
    3566.384,
    3862.193,
    3182.116,
    3366.154,
    3426.538,
    3384.346,
    3337.923,
    3364.423,
    2740.384,
    2411.192,
    3022.923,
    4200.77,
    3937.308,
    4008.385,
    4007.961,
    3991.77,
    4057.5,
    2658.308,
    2659.5,
    2489.808,
    2341.461,
    2704.462,
    2233.5,
    2379.231,
    2322.807,
    2526.461,
    2389.077,
    2362.885,
    2525.5,
    2489.538,
    2328.577,
    2440.154,
    2562.5,
    2544.692,
    2588.923,
    2664.385,
    2461.461,
    2332.385,
    2451.116,
    2410.077,
    2387.346,
    2462.5,
    2292.269,
    2441.27,
    2390.154,
    2418.384,
    2414.423,
    2226.539
  ],
  "avg_retrieval_us": 2851.1115599999994,
  "median_retrieval_us": 2544.692,
  "min_retrieval_us": 2226.539,
  "max_retrieval_us": 4200.77,
  "p50_retrieval_us": 2544.692,
  "p95_retrieval_us": 4008.385,
  "context_chars": 315,
  "context_tokens_est": 78,
  "synth_chars": 815,
  "synth_tokens_est": 203,
  "ram_before_kb": 161000,
  "ram_after_kb": 162412,
  "ram_delta_kb": 1412,
  "io_write_bytes_before": 4096,
  "io_write_bytes_after": 4096,
  "io_write_bytes_delta": 0
}