{
  "type": "storage_only",
  "timestamp": "2026-04-16T12:43:43.041688Z",
  "device": {
    "model": "moto g35 5G",
    "manufacturer": "motorola",
    "board": "manila",
    "hardware": "ums9620_2h10",
    "cpu_cores": 8,
    "ram_total_kb": 3497628,
    "android_version": "14",
    "sdk_int": 34,
    "abi": "arm64-v8a"
  },
  "backend": "Valkey-Pipeline",
  "backend_key": "valkey-pipeline",
  "readings_count": 200,
  "ingest_total_ms": 344.947,
  "per_ingest_us": 1724.735,
  "retrieval_samples": 50,
  "retrieval_latencies_us": [
    4240.653,
    3003.0,
    4423.385,
    2894.616,
    3042.462,
    2931.154,
    2619.923,
    4277.192,
    2508.731,
    2584.077,
    2591.423,
    2684.73,
    2450.077,
    2422.77,
    2281.308,
    2703.154,
    2215.461,
    2203.577,
    2229.461,
    2164.308,
    2016.539,
    2112.885,
    1787.153,
    1901.154,
    1786.654,
    1949.077,
    1957.307,
    2047.885,
    1825.385,
    2244.807,
    1928.962,
    1962.039,
    1889.231,
    1923.731,
    1759.269,
    1859.116,
    1797.231,
    2298.808,
    1822.461,
    1884.346,
    1810.231,
    1913.924,
    2069.193,
    1865.847,
    2059.884,
    1839.231,
    1953.192,
    1944.846,
    1924.538,
    1758.269
  ],
  "avg_retrieval_us": 2287.2931399999998,
  "median_retrieval_us": 2059.884,
  "min_retrieval_us": 1758.269,
  "max_retrieval_us": 4423.385,
  "p50_retrieval_us": 2059.884,
  "p95_retrieval_us": 4240.653,
  "context_chars": 315,
  "context_tokens_est": 78,
  "synth_chars": 815,
  "synth_tokens_est": 203,
  "ram_before_kb": 161592,
  "ram_after_kb": 162880,
  "ram_delta_kb": 1288,
  "io_write_bytes_before": 4096,
  "io_write_bytes_after": 4096,
  "io_write_bytes_delta": 0
}