{
  "type": "storage_only",
  "timestamp": "2026-04-16T12:44:06.203384Z",
  "device": {
    "model": "moto g35 5G",
    "manufacturer": "motorola",
    "board": "manila",
    "hardware": "ums9620_2h10",
    "cpu_cores": 8,
    "ram_total_kb": 3497628,
    "android_version": "14",
    "sdk_int": 34,
    "abi": "arm64-v8a"
  },
  "backend": "Valkey-Pipeline",
  "backend_key": "valkey-pipeline",
  "readings_count": 200,
  "ingest_total_ms": 323.146692,
  "per_ingest_us": 1615.73346,
  "retrieval_samples": 50,
  "retrieval_latencies_us": [
    2601.653,
    4656.346,
    2154.192,
    3205.461,
    3113.385,
    4401.0,
    2626.615,
    2766.423,
    2841.423,
    2917.308,
    3127.885,
    2671.0,
    3273.269,
    3661.462,
    3932.731,
    2513.962,
    4457.615,
    2054.308,
    3175.577,
    3671.962,
    2375.23,
    2632.0,
    2301.231,
    2328.616,
    2328.192,
    2407.73,
    2448.769,
    2488.154,
    2607.769,
    2392.808,
    2484.846,
    2387.769,
    2470.846,
    2499.423,
    2323.077,
    2387.308,
    2622.539,
    2495.154,
    2374.885,
    2404.654,
    2451.269,
    2505.231,
    2250.077,
    2422.193,
    2392.77,
    2444.807,
    2460.154,
    2220.962,
    2179.654,
    2245.038
  ],
  "avg_retrieval_us": 2723.1346399999998,
  "median_retrieval_us": 2488.154,
  "min_retrieval_us": 2054.308,
  "max_retrieval_us": 4656.346,
  "p50_retrieval_us": 2488.154,
  "p95_retrieval_us": 4401.0,
  "context_chars": 315,
  "context_tokens_est": 78,
  "synth_chars": 815,
  "synth_tokens_est": 203,
  "ram_before_kb": 163260,
  "ram_after_kb": 162636,
  "ram_delta_kb": -624,
  "io_write_bytes_before": 4096,
  "io_write_bytes_after": 4096,
  "io_write_bytes_delta": 0
}