{
  "type": "storage_only",
  "timestamp": "2026-04-16T12:43:37.234924Z",
  "device": {
    "model": "moto g35 5G",
    "manufacturer": "motorola",
    "board": "manila",
    "hardware": "ums9620_2h10",
    "cpu_cores": 8,
    "ram_total_kb": 3497628,
    "android_version": "14",
    "sdk_int": 34,
    "abi": "arm64-v8a"
  },
  "backend": "Valkey-Pipeline",
  "backend_key": "valkey-pipeline",
  "readings_count": 200,
  "ingest_total_ms": 327.207692,
  "per_ingest_us": 1636.03846,
  "retrieval_samples": 50,
  "retrieval_latencies_us": [
    3527.346,
    4426.769,
    4297.885,
    3257.077,
    3354.308,
    3030.654,
    3131.692,
    3268.153,
    3020.5,
    3369.346,
    2680.5,
    2741.846,
    2769.731,
    2539.923,
    2413.154,
    2391.654,
    2367.346,
    2315.462,
    2893.038,
    2570.269,
    2637.269,
    2707.461,
    2336.0,
    2376.923,
    2330.193,
    2469.346,
    2548.923,
    2335.769,
    2391.384,
    2473.5,
    2314.884,
    2283.961,
    2192.462,
    2410.308,
    2338.885,
    2166.653,
    2386.423,
    1998.346,
    1923.692,
    1925.038,
    2086.807,
    1890.192,
    2520.654,
    2051.731,
    2313.692,
    1878.962,
    2166.962,
    2036.769,
    1919.5,
    1995.808
  ],
  "avg_retrieval_us": 2555.5029999999997,
  "median_retrieval_us": 2391.654,
  "min_retrieval_us": 1878.962,
  "max_retrieval_us": 4426.769,
  "p50_retrieval_us": 2391.654,
  "p95_retrieval_us": 3527.346,
  "context_chars": 315,
  "context_tokens_est": 78,
  "synth_chars": 815,
  "synth_tokens_est": 203,
  "ram_before_kb": 161732,
  "ram_after_kb": 163168,
  "ram_delta_kb": 1436,
  "io_write_bytes_before": 4096,
  "io_write_bytes_after": 4096,
  "io_write_bytes_delta": 0
}