{
  "type": "storage_only",
  "timestamp": "2026-04-16T12:43:48.843648Z",
  "device": {
    "model": "moto g35 5G",
    "manufacturer": "motorola",
    "board": "manila",
    "hardware": "ums9620_2h10",
    "cpu_cores": 8,
    "ram_total_kb": 3497628,
    "android_version": "14",
    "sdk_int": 34,
    "abi": "arm64-v8a"
  },
  "backend": "Valkey-Pipeline",
  "backend_key": "valkey-pipeline",
  "readings_count": 200,
  "ingest_total_ms": 351.887423,
  "per_ingest_us": 1759.437115,
  "retrieval_samples": 50,
  "retrieval_latencies_us": [
    2954.885,
    3806.038,
    2985.615,
    3140.231,
    3491.577,
    2639.308,
    2698.808,
    2506.654,
    2639.193,
    2430.577,
    2332.654,
    2550.385,
    2325.885,
    2542.0,
    2383.038,
    2591.462,
    2101.346,
    1830.346,
    2193.885,
    1826.884,
    2304.077,
    2478.731,
    1968.115,
    1969.346,
    2016.577,
    2241.5,
    2254.308,
    2031.885,
    2066.539,
    1948.961,
    2090.693,
    1993.962,
    1828.653,
    2007.308,
    2042.077,
    2086.269,
    1893.962,
    2239.769,
    1891.27,
    1970.654,
    1887.846,
    2014.115,
    1876.0,
    2046.307,
    1876.423,
    1989.5,
    1741.269,
    1778.385,
    1692.923,
    1825.961
  ],
  "avg_retrieval_us": 2240.48312,
  "median_retrieval_us": 2086.269,
  "min_retrieval_us": 1692.923,
  "max_retrieval_us": 3806.038,
  "p50_retrieval_us": 2086.269,
  "p95_retrieval_us": 3140.231,
  "context_chars": 315,
  "context_tokens_est": 78,
  "synth_chars": 815,
  "synth_tokens_est": 203,
  "ram_before_kb": 161344,
  "ram_after_kb": 162744,
  "ram_delta_kb": 1400,
  "io_write_bytes_before": 4096,
  "io_write_bytes_after": 4096,
  "io_write_bytes_delta": 0
}