{
  "type": "storage_only",
  "timestamp": "2026-04-16T12:44:00.388209Z",
  "device": {
    "model": "moto g35 5G",
    "manufacturer": "motorola",
    "board": "manila",
    "hardware": "ums9620_2h10",
    "cpu_cores": 8,
    "ram_total_kb": 3497628,
    "android_version": "14",
    "sdk_int": 34,
    "abi": "arm64-v8a"
  },
  "backend": "Valkey-Pipeline",
  "backend_key": "valkey-pipeline",
  "readings_count": 200,
  "ingest_total_ms": 316.437269,
  "per_ingest_us": 1582.186345,
  "retrieval_samples": 50,
  "retrieval_latencies_us": [
    2870.384,
    3138.192,
    2553.885,
    2730.423,
    2659.615,
    2718.385,
    2520.77,
    2702.846,
    2643.192,
    2448.577,
    2839.462,
    2568.461,
    2380.462,
    2304.307,
    2159.884,
    1924.462,
    2103.077,
    1896.692,
    1973.577,
    2313.461,
    1930.577,
    2227.423,
    1836.461,
    1832.231,
    1981.423,
    2040.0,
    1906.154,
    2183.269,
    2037.385,
    1914.346,
    2108.5,
    2183.5,
    1980.616,
    2135.384,
    2014.27,
    1884.731,
    2084.385,
    2155.077,
    2029.231,
    1865.0,
    2001.846,
    1826.5,
    1880.423,
    1871.461,
    1964.384,
    2078.539,
    1885.885,
    1812.462,
    1942.769,
    1834.116
  ],
  "avg_retrieval_us": 2177.5692400000003,
  "median_retrieval_us": 2078.539,
  "min_retrieval_us": 1812.462,
  "max_retrieval_us": 3138.192,
  "p50_retrieval_us": 2078.539,
  "p95_retrieval_us": 2839.462,
  "context_chars": 315,
  "context_tokens_est": 78,
  "synth_chars": 815,
  "synth_tokens_est": 203,
  "ram_before_kb": 163276,
  "ram_after_kb": 162904,
  "ram_delta_kb": -372,
  "io_write_bytes_before": 0,
  "io_write_bytes_after": 0,
  "io_write_bytes_delta": 0
}