{
  "type": "storage_only",
  "timestamp": "2026-04-16T12:43:54.684291Z",
  "device": {
    "model": "moto g35 5G",
    "manufacturer": "motorola",
    "board": "manila",
    "hardware": "ums9620_2h10",
    "cpu_cores": 8,
    "ram_total_kb": 3497628,
    "android_version": "14",
    "sdk_int": 34,
    "abi": "arm64-v8a"
  },
  "backend": "Valkey-Pipeline",
  "backend_key": "valkey-pipeline",
  "readings_count": 200,
  "ingest_total_ms": 327.731538,
  "per_ingest_us": 1638.65769,
  "retrieval_samples": 50,
  "retrieval_latencies_us": [
    4079.115,
    3657.538,
    3381.23,
    3671.116,
    3605.847,
    3631.847,
    3913.347,
    3109.923,
    2942.384,
    3615.615,
    3633.424,
    3423.846,
    3375.923,
    3287.461,
    2808.231,
    2623.231,
    2334.846,
    2518.192,
    2611.731,
    2711.692,
    2578.961,
    2573.808,
    2433.73,
    2251.308,
    2486.423,
    2477.692,
    2364.461,
    2548.346,
    2460.231,
    2350.73,
    2415.308,
    2316.654,
    2316.885,
    2318.961,
    2481.462,
    2506.116,
    2630.923,
    2635.384,
    2351.731,
    2325.615,
    2468.269,
    2322.308,
    2240.539,
    2361.154,
    2503.115,
    2316.347,
    2272.077,
    2389.5,
    2345.576,
    2207.116
  ],
  "avg_retrieval_us": 2743.74538,
  "median_retrieval_us": 2506.116,
  "min_retrieval_us": 2207.116,
  "max_retrieval_us": 4079.115,
  "p50_retrieval_us": 2506.116,
  "p95_retrieval_us": 3671.116,
  "context_chars": 315,
  "context_tokens_est": 78,
  "synth_chars": 815,
  "synth_tokens_est": 203,
  "ram_before_kb": 160768,
  "ram_after_kb": 162140,
  "ram_delta_kb": 1372,
  "io_write_bytes_before": 0,
  "io_write_bytes_after": 0,
  "io_write_bytes_delta": 0
}