{
  "type": "storage_only",
  "timestamp": "2026-04-16T12:43:14.149919Z",
  "device": {
    "model": "moto g35 5G",
    "manufacturer": "motorola",
    "board": "manila",
    "hardware": "ums9620_2h10",
    "cpu_cores": 8,
    "ram_total_kb": 3497628,
    "android_version": "14",
    "sdk_int": 34,
    "abi": "arm64-v8a"
  },
  "backend": "Valkey-Pipeline",
  "backend_key": "valkey-pipeline",
  "readings_count": 200,
  "ingest_total_ms": 352.353346,
  "per_ingest_us": 1761.76673,
  "retrieval_samples": 50,
  "retrieval_latencies_us": [
    3252.23,
    3191.462,
    3004.192,
    2978.692,
    3205.961,
    3322.0,
    3002.884,
    3132.231,
    3200.269,
    3125.269,
    2966.038,
    2445.423,
    2834.154,
    2477.423,
    2491.038,
    2284.077,
    2494.385,
    3286.577,
    2577.577,
    2615.269,
    2523.808,
    2666.308,
    2291.269,
    3169.462,
    2344.884,
    2316.538,
    2544.0,
    2542.384,
    2324.692,
    2459.962,
    2548.308,
    2296.27,
    2325.308,
    2280.885,
    2286.231,
    2795.769,
    2406.346,
    2430.0,
    2398.23,
    2554.038,
    2412.462,
    2441.769,
    2365.77,
    2362.116,
    2454.846,
    2488.192,
    2220.846,
    2441.0,
    2344.539,
    2187.461
  ],
  "avg_retrieval_us": 2622.216880000001,
  "median_retrieval_us": 2491.038,
  "min_retrieval_us": 2187.461,
  "max_retrieval_us": 3322.0,
  "p50_retrieval_us": 2491.038,
  "p95_retrieval_us": 3252.23,
  "context_chars": 315,
  "context_tokens_est": 78,
  "synth_chars": 815,
  "synth_tokens_est": 203,
  "ram_before_kb": 161416,
  "ram_after_kb": 162760,
  "ram_delta_kb": 1344,
  "io_write_bytes_before": 4096,
  "io_write_bytes_after": 4096,
  "io_write_bytes_delta": 0
}