{
  "type": "storage_only",
  "timestamp": "2026-04-16T07:32:50.332107Z",
  "device": {
    "model": "moto g35 5G",
    "manufacturer": "motorola",
    "board": "manila",
    "hardware": "ums9620_2h10",
    "cpu_cores": 8,
    "ram_total_kb": 3497628,
    "android_version": "14",
    "sdk_int": 34,
    "abi": "arm64-v8a"
  },
  "backend": "SQLite",
  "backend_key": "sqlite",
  "readings_count": 200,
  "ingest_total_ms": 513.795769,
  "per_ingest_us": 2568.978845,
  "retrieval_latencies_us": [
    2980.884,
    2302.269,
    2384.654,
    2255.846,
    2316.115,
    2338.231,
    2223.731,
    2104.616,
    2299.116,
    2282.231
  ],
  "avg_retrieval_us": 2348.7693,
  "min_retrieval_us": 2104.616,
  "max_retrieval_us": 2980.884,
  "p50_retrieval_us": 2302.269,
  "p95_retrieval_us": 2980.884,
  "context_chars": 315,
  "context_tokens_est": 78,
  "synth_chars": 815,
  "synth_tokens_est": 203,
  "ram_before_kb": 123192,
  "ram_after_kb": 164868,
  "ram_delta_kb": 41676,
  "io_write_bytes_before": 217088,
  "io_write_bytes_after": 10977280,
  "io_write_bytes_delta": 10760192
}