{
  "type": "storage_only",
  "timestamp": "2026-04-16T12:48:12.351578Z",
  "device": {
    "model": "moto g35 5G",
    "manufacturer": "motorola",
    "board": "manila",
    "hardware": "ums9620_2h10",
    "cpu_cores": 8,
    "ram_total_kb": 3497628,
    "android_version": "14",
    "sdk_int": 34,
    "abi": "arm64-v8a"
  },
  "backend": "SQLite",
  "backend_key": "sqlite",
  "readings_count": 200,
  "ingest_total_ms": 436.409807,
  "per_ingest_us": 2182.049035,
  "retrieval_samples": 50,
  "retrieval_latencies_us": [
    2101.885,
    2057.961,
    2061.731,
    2040.192,
    2057.692,
    2090.038,
    2109.308,
    2073.538,
    2032.5,
    2061.654,
    2096.616,
    2089.231,
    2093.961,
    2086.923,
    2098.423,
    2054.923,
    2073.462,
    2056.0,
    2115.27,
    1955.193,
    2146.27,
    2063.154,
    2094.423,
    2097.653,
    2100.307,
    2125.231,
    2072.23,
    2103.846,
    2098.231,
    2091.5,
    2064.731,
    2021.731,
    2052.308,
    2049.231,
    2017.462,
    2112.808,
    2087.307,
    2104.346,
    2092.115,
    2073.73,
    2083.269,
    2118.231,
    2075.884,
    2054.27,
    2053.347,
    2051.654,
    2046.539,
    2016.847,
    2032.385,
    1977.769
  ],
  "avg_retrieval_us": 2071.7062,
  "median_retrieval_us": 2073.73,
  "min_retrieval_us": 1955.193,
  "max_retrieval_us": 2146.27,
  "p50_retrieval_us": 2073.73,
  "p95_retrieval_us": 2118.231,
  "context_chars": 315,
  "context_tokens_est": 78,
  "synth_chars": 815,
  "synth_tokens_est": 203,
  "ram_before_kb": 122116,
  "ram_after_kb": 162132,
  "ram_delta_kb": 40016,
  "io_write_bytes_before": 217088,
  "io_write_bytes_after": 10977280,
  "io_write_bytes_delta": 10760192
}