{
  "type": "storage_only",
  "timestamp": "2026-04-16T07:32:44.427455Z",
  "device": {
    "model": "moto g35 5G",
    "manufacturer": "motorola",
    "board": "manila",
    "hardware": "ums9620_2h10",
    "cpu_cores": 8,
    "ram_total_kb": 3497628,
    "android_version": "14",
    "sdk_int": 34,
    "abi": "arm64-v8a"
  },
  "backend": "SQLite",
  "backend_key": "sqlite",
  "readings_count": 200,
  "ingest_total_ms": 462.931923,
  "per_ingest_us": 2314.659615,
  "retrieval_latencies_us": [
    2760.038,
    2113.5,
    2244.923,
    2022.115,
    2099.038,
    2170.847,
    2079.346,
    2101.577,
    2098.846,
    2046.846
  ],
  "avg_retrieval_us": 2173.7076000000006,
  "min_retrieval_us": 2022.115,
  "max_retrieval_us": 2760.038,
  "p50_retrieval_us": 2101.577,
  "p95_retrieval_us": 2760.038,
  "context_chars": 315,
  "context_tokens_est": 78,
  "synth_chars": 815,
  "synth_tokens_est": 203,
  "ram_before_kb": 122544,
  "ram_after_kb": 163804,
  "ram_delta_kb": 41260,
  "io_write_bytes_before": 221184,
  "io_write_bytes_after": 10981376,
  "io_write_bytes_delta": 10760192
}