{
  "type": "storage_only",
  "timestamp": "2026-04-16T07:33:25.741682Z",
  "device": {
    "model": "moto g35 5G",
    "manufacturer": "motorola",
    "board": "manila",
    "hardware": "ums9620_2h10",
    "cpu_cores": 8,
    "ram_total_kb": 3497628,
    "android_version": "14",
    "sdk_int": 34,
    "abi": "arm64-v8a"
  },
  "backend": "SQLite",
  "backend_key": "sqlite",
  "readings_count": 200,
  "ingest_total_ms": 531.968692,
  "per_ingest_us": 2659.84346,
  "retrieval_latencies_us": [
    2962.192,
    2287.5,
    2300.384,
    2314.538,
    2244.5,
    2364.038,
    2234.692,
    2228.154,
    2335.885,
    2260.0
  ],
  "avg_retrieval_us": 2353.1883000000003,
  "min_retrieval_us": 2228.154,
  "max_retrieval_us": 2962.192,
  "p50_retrieval_us": 2300.384,
  "p95_retrieval_us": 2962.192,
  "context_chars": 315,
  "context_tokens_est": 78,
  "synth_chars": 815,
  "synth_tokens_est": 203,
  "ram_before_kb": 123208,
  "ram_after_kb": 165164,
  "ram_delta_kb": 41956,
  "io_write_bytes_before": 217088,
  "io_write_bytes_after": 10977280,
  "io_write_bytes_delta": 10760192
}