{
  "type": "storage_only",
  "timestamp": "2026-04-16T07:33:31.497153Z",
  "device": {
    "model": "moto g35 5G",
    "manufacturer": "motorola",
    "board": "manila",
    "hardware": "ums9620_2h10",
    "cpu_cores": 8,
    "ram_total_kb": 3497628,
    "android_version": "14",
    "sdk_int": 34,
    "abi": "arm64-v8a"
  },
  "backend": "SQLite",
  "backend_key": "sqlite",
  "readings_count": 200,
  "ingest_total_ms": 434.103577,
  "per_ingest_us": 2170.517885,
  "retrieval_latencies_us": [
    2760.192,
    1897.923,
    2116.923,
    2065.693,
    2090.654,
    2099.885,
    2074.462,
    2132.808,
    2091.615,
    2026.076
  ],
  "avg_retrieval_us": 2135.6231,
  "min_retrieval_us": 1897.923,
  "max_retrieval_us": 2760.192,
  "p50_retrieval_us": 2091.615,
  "p95_retrieval_us": 2760.192,
  "context_chars": 315,
  "context_tokens_est": 78,
  "synth_chars": 815,
  "synth_tokens_est": 203,
  "ram_before_kb": 123100,
  "ram_after_kb": 163848,
  "ram_delta_kb": 40748,
  "io_write_bytes_before": 217088,
  "io_write_bytes_after": 10977280,
  "io_write_bytes_delta": 10760192
}