{
  "type": "storage_only",
  "timestamp": "2026-04-16T12:48:48.053611Z",
  "device": {
    "model": "moto g35 5G",
    "manufacturer": "motorola",
    "board": "manila",
    "hardware": "ums9620_2h10",
    "cpu_cores": 8,
    "ram_total_kb": 3497628,
    "android_version": "14",
    "sdk_int": 34,
    "abi": "arm64-v8a"
  },
  "backend": "SQLite",
  "backend_key": "sqlite",
  "readings_count": 200,
  "ingest_total_ms": 474.933269,
  "per_ingest_us": 2374.666345,
  "retrieval_samples": 50,
  "retrieval_latencies_us": [
    2102.385,
    1976.077,
    2050.5,
    2029.307,
    2033.423,
    2045.731,
    2079.5,
    2010.654,
    2030.692,
    2008.192,
    2055.077,
    2012.346,
    2023.577,
    2027.192,
    2029.116,
    2002.423,
    2026.731,
    1984.385,
    1999.423,
    1984.154,
    2072.423,
    2011.73,
    2059.577,
    2029.116,
    2080.346,
    2031.269,
    2048.5,
    2039.5,
    2075.192,
    1995.923,
    2040.923,
    1980.577,
    2080.693,
    1966.885,
    1994.769,
    2069.154,
    2088.346,
    2028.038,
    2039.923,
    2049.0,
    2083.769,
    2016.116,
    1998.577,
    1967.615,
    2032.384,
    2037.308,
    2009.769,
    1990.577,
    2000.385,
    2011.462
  ],
  "avg_retrieval_us": 2028.8146200000006,
  "median_retrieval_us": 2029.116,
  "min_retrieval_us": 1966.885,
  "max_retrieval_us": 2102.385,
  "p50_retrieval_us": 2029.116,
  "p95_retrieval_us": 2083.769,
  "context_chars": 315,
  "context_tokens_est": 78,
  "synth_chars": 815,
  "synth_tokens_est": 203,
  "ram_before_kb": 121676,
  "ram_after_kb": 162896,
  "ram_delta_kb": 41220,
  "io_write_bytes_before": 217088,
  "io_write_bytes_after": 10977280,
  "io_write_bytes_delta": 10760192
}