{
  "type": "storage_only",
  "timestamp": "2026-04-16T12:48:18.349911Z",
  "device": {
    "model": "moto g35 5G",
    "manufacturer": "motorola",
    "board": "manila",
    "hardware": "ums9620_2h10",
    "cpu_cores": 8,
    "ram_total_kb": 3497628,
    "android_version": "14",
    "sdk_int": 34,
    "abi": "arm64-v8a"
  },
  "backend": "SQLite",
  "backend_key": "sqlite",
  "readings_count": 200,
  "ingest_total_ms": 503.548731,
  "per_ingest_us": 2517.743655,
  "retrieval_samples": 50,
  "retrieval_latencies_us": [
    2274.692,
    2264.192,
    2442.23,
    2288.269,
    2233.423,
    2275.384,
    2208.962,
    2263.846,
    2225.577,
    2247.5,
    2260.846,
    2280.307,
    2267.846,
    2206.038,
    2254.346,
    2197.0,
    2235.885,
    2161.231,
    2245.577,
    2179.115,
    2259.461,
    2322.653,
    2241.962,
    2291.384,
    2223.462,
    2328.769,
    2326.231,
    2319.192,
    2289.538,
    2285.577,
    2295.616,
    2175.5,
    2227.962,
    2215.308,
    2191.5,
    2261.847,
    2197.884,
    2257.616,
    2249.962,
    2258.308,
    2260.846,
    2223.308,
    2219.115,
    2213.577,
    2251.231,
    2207.385,
    2221.0,
    2172.654,
    2262.038,
    2198.385
  ],
  "avg_retrieval_us": 2249.2307400000004,
  "median_retrieval_us": 2251.231,
  "min_retrieval_us": 2161.231,
  "max_retrieval_us": 2442.23,
  "p50_retrieval_us": 2251.231,
  "p95_retrieval_us": 2326.231,
  "context_chars": 315,
  "context_tokens_est": 78,
  "synth_chars": 815,
  "synth_tokens_est": 203,
  "ram_before_kb": 122412,
  "ram_after_kb": 163112,
  "ram_delta_kb": 40700,
  "io_write_bytes_before": 217088,
  "io_write_bytes_after": 10981376,
  "io_write_bytes_delta": 10764288
}