{
  "type": "storage_only",
  "timestamp": "2026-04-16T12:48:53.949404Z",
  "device": {
    "model": "moto g35 5G",
    "manufacturer": "motorola",
    "board": "manila",
    "hardware": "ums9620_2h10",
    "cpu_cores": 8,
    "ram_total_kb": 3497628,
    "android_version": "14",
    "sdk_int": 34,
    "abi": "arm64-v8a"
  },
  "backend": "SQLite",
  "backend_key": "sqlite",
  "readings_count": 200,
  "ingest_total_ms": 465.669769,
  "per_ingest_us": 2328.348845,
  "retrieval_samples": 50,
  "retrieval_latencies_us": [
    2095.0,
    2086.038,
    2134.231,
    2048.693,
    2108.884,
    2072.654,
    2078.884,
    2086.192,
    2088.616,
    2020.0,
    2162.0,
    2073.5,
    2079.423,
    2049.0,
    2063.846,
    2103.539,
    2022.77,
    2053.115,
    2027.0,
    2074.808,
    2080.462,
    2092.27,
    2116.961,
    2109.115,
    2074.769,
    2129.269,
    2043.769,
    2151.962,
    2116.346,
    2124.0,
    2048.115,
    2067.269,
    2047.923,
    2029.769,
    2337.577,
    2097.231,
    2115.769,
    2117.039,
    2121.308,
    2087.0,
    2143.385,
    2049.231,
    2113.692,
    2109.692,
    2091.077,
    2067.846,
    2067.654,
    2035.77,
    2095.5,
    2014.193
  ],
  "avg_retrieval_us": 2088.48312,
  "median_retrieval_us": 2086.192,
  "min_retrieval_us": 2014.193,
  "max_retrieval_us": 2337.577,
  "p50_retrieval_us": 2086.192,
  "p95_retrieval_us": 2151.962,
  "context_chars": 315,
  "context_tokens_est": 78,
  "synth_chars": 815,
  "synth_tokens_est": 203,
  "ram_before_kb": 122064,
  "ram_after_kb": 162532,
  "ram_delta_kb": 40468,
  "io_write_bytes_before": 217088,
  "io_write_bytes_after": 10977280,
  "io_write_bytes_delta": 10760192
}