{
  "type": "storage_only",
  "timestamp": "2026-04-16T07:32:38.649805Z",
  "device": {
    "model": "moto g35 5G",
    "manufacturer": "motorola",
    "board": "manila",
    "hardware": "ums9620_2h10",
    "cpu_cores": 8,
    "ram_total_kb": 3497628,
    "android_version": "14",
    "sdk_int": 34,
    "abi": "arm64-v8a"
  },
  "backend": "SQLite",
  "backend_key": "sqlite",
  "readings_count": 200,
  "ingest_total_ms": 494.225692,
  "per_ingest_us": 2471.12846,
  "retrieval_latencies_us": [
    2804.038,
    2156.153,
    2150.154,
    2085.731,
    2182.884,
    2047.423,
    2100.308,
    2073.116,
    2075.384,
    2046.5
  ],
  "avg_retrieval_us": 2172.1691,
  "min_retrieval_us": 2046.5,
  "max_retrieval_us": 2804.038,
  "p50_retrieval_us": 2100.308,
  "p95_retrieval_us": 2804.038,
  "context_chars": 315,
  "context_tokens_est": 78,
  "synth_chars": 815,
  "synth_tokens_est": 203,
  "ram_before_kb": 124888,
  "ram_after_kb": 164608,
  "ram_delta_kb": 39720,
  "io_write_bytes_before": 221184,
  "io_write_bytes_after": 10981376,
  "io_write_bytes_delta": 10760192
}