{
  "type": "storage_only",
  "timestamp": "2026-04-16T12:49:00.187195Z",
  "device": {
    "model": "moto g35 5G",
    "manufacturer": "motorola",
    "board": "manila",
    "hardware": "ums9620_2h10",
    "cpu_cores": 8,
    "ram_total_kb": 3497628,
    "android_version": "14",
    "sdk_int": 34,
    "abi": "arm64-v8a"
  },
  "backend": "SQLite",
  "backend_key": "sqlite",
  "readings_count": 200,
  "ingest_total_ms": 661.585615,
  "per_ingest_us": 3307.928075,
  "retrieval_samples": 50,
  "retrieval_latencies_us": [
    2657.577,
    2404.885,
    2522.038,
    2406.346,
    2377.808,
    2439.846,
    2313.039,
    2512.615,
    2577.885,
    2533.692,
    2546.077,
    2357.269,
    2434.616,
    2415.807,
    2402.347,
    2319.807,
    2370.423,
    2541.885,
    2579.731,
    2366.923,
    2510.384,
    2520.385,
    2533.961,
    2492.962,
    2328.307,
    2396.5,
    2440.538,
    2487.423,
    2395.808,
    2450.692,
    2404.0,
    2549.769,
    2432.154,
    2349.615,
    2355.5,
    2622.885,
    2652.269,
    2505.577,
    2479.654,
    2378.077,
    2592.231,
    2057.115,
    1856.5,
    1911.423,
    1879.038,
    2024.462,
    2093.0,
    2031.615,
    1979.461,
    1896.731
  ],
  "avg_retrieval_us": 2373.77304,
  "median_retrieval_us": 2415.807,
  "min_retrieval_us": 1856.5,
  "max_retrieval_us": 2657.577,
  "p50_retrieval_us": 2415.807,
  "p95_retrieval_us": 2622.885,
  "context_chars": 315,
  "context_tokens_est": 78,
  "synth_chars": 815,
  "synth_tokens_est": 203,
  "ram_before_kb": 120360,
  "ram_after_kb": 162216,
  "ram_delta_kb": 41856,
  "io_write_bytes_before": 217088,
  "io_write_bytes_after": 11018240,
  "io_write_bytes_delta": 10801152
}