{
  "type": "storage_only",
  "timestamp": "2026-04-24T05:14:08.308184Z",
  "device": {
    "model": "moto g35 5G",
    "manufacturer": "motorola",
    "board": "manila",
    "hardware": "ums9620_2h10",
    "cpu_cores": 8,
    "ram_total_kb": 3497628,
    "android_version": "14",
    "sdk_int": 34,
    "abi": "arm64-v8a"
  },
  "backend": "SQLite",
  "backend_key": "sqlite",
  "readings_count": 400,
  "ingest_total_ms": 700.359961,
  "per_ingest_us": 1750.8999025,
  "retrieval_samples": 100,
  "retrieval_latencies_us": [
    748.615,
    708.961,
    763.731,
    724.808,
    678.346,
    694.693,
    682.269,
    679.308,
    705.693,
    680.462,
    722.615,
    703.192,
    732.885,
    833.077,
    707.808,
    736.153,
    717.615,
    701.039,
    694.0,
    721.5,
    703.962,
    711.539,
    687.461,
    700.192,
    723.539,
    715.423,
    708.807,
    753.269,
    720.077,
    723.0,
    727.961,
    706.77,
    702.5,
    674.5,
    690.769,
    840.692,
    731.923,
    708.461,
    755.962,
    731.423,
    748.423,
    711.038,
    714.538,
    722.423,
    703.692,
    689.538,
    723.384,
    671.346,
    704.5,
    686.692,
    709.5,
    741.192,
    698.615,
    692.154,
    699.923,
    703.923,
    693.423,
    722.154,
    704.27,
    714.115,
    718.077,
    684.231,
    706.692,
    705.115,
    686.27,
    719.77,
    762.615,
    735.231,
    758.539,
    752.885,
    760.654,
    731.385,
    737.308,
    756.923,
    714.039,
    715.654,
    722.654,
    690.576,
    679.269,
    724.077,
    753.961,
    731.77,
    753.385,
    742.577,
    753.924,
    717.576,
    715.846,
    711.0,
    695.538,
    702.423,
    716.0,
    701.5,
    697.885,
    703.077,
    677.846,
    753.923,
    731.423,
    740.27,
    784.384,
    703.116
  ],
  "avg_retrieval_us": 718.59231,
  "median_retrieval_us": 714.538,
  "min_retrieval_us": 671.346,
  "max_retrieval_us": 840.692,
  "p50_retrieval_us": 714.538,
  "p95_retrieval_us": 762.615,
  "context_chars": 315,
  "context_tokens_est": 78,
  "synth_chars": 1445,
  "synth_tokens_est": 361,
  "ram_before_kb": 125464,
  "ram_after_kb": 161524,
  "ram_delta_kb": 36060,
  "io_write_bytes_before": 217088,
  "io_write_bytes_after": 21766144,
  "io_write_bytes_delta": 21549056
}