{
  "type": "storage_only",
  "timestamp": "2026-04-24T05:14:02.511655Z",
  "device": {
    "model": "moto g35 5G",
    "manufacturer": "motorola",
    "board": "manila",
    "hardware": "ums9620_2h10",
    "cpu_cores": 8,
    "ram_total_kb": 3497628,
    "android_version": "14",
    "sdk_int": 34,
    "abi": "arm64-v8a"
  },
  "backend": "SQLite",
  "backend_key": "sqlite",
  "readings_count": 400,
  "ingest_total_ms": 725.241884,
  "per_ingest_us": 1813.10471,
  "retrieval_samples": 100,
  "retrieval_latencies_us": [
    774.193,
    696.27,
    704.73,
    668.5,
    666.923,
    697.731,
    666.885,
    709.154,
    720.153,
    700.192,
    729.423,
    713.807,
    737.039,
    726.308,
    694.039,
    729.269,
    665.346,
    681.807,
    717.077,
    664.538,
    725.423,
    716.616,
    692.5,
    718.23,
    747.384,
    732.461,
    722.962,
    729.115,
    760.308,
    728.808,
    723.577,
    721.423,
    694.846,
    664.923,
    669.615,
    742.884,
    697.346,
    691.115,
    708.385,
    747.346,
    761.27,
    714.346,
    757.5,
    741.654,
    700.038,
    705.115,
    734.038,
    678.577,
    698.769,
    686.27,
    686.461,
    705.923,
    689.269,
    677.808,
    710.539,
    735.538,
    704.5,
    719.462,
    736.5,
    732.461,
    697.769,
    706.154,
    713.577,
    676.731,
    673.731,
    720.038,
    692.0,
    700.808,
    743.384,
    704.077,
    738.423,
    727.616,
    708.346,
    717.923,
    686.654,
    731.308,
    674.808,
    677.654,
    664.423,
    706.731,
    714.077,
    700.192,
    713.077,
    699.846,
    719.038,
    722.615,
    696.231,
    705.5,
    685.192,
    697.269,
    725.038,
    701.461,
    677.731,
    688.346,
    689.692,
    721.307,
    727.0,
    726.961,
    764.385,
    749.116
  ],
  "avg_retrieval_us": 709.60918,
  "median_retrieval_us": 708.385,
  "min_retrieval_us": 664.423,
  "max_retrieval_us": 774.193,
  "p50_retrieval_us": 708.385,
  "p95_retrieval_us": 757.5,
  "context_chars": 315,
  "context_tokens_est": 78,
  "synth_chars": 1445,
  "synth_tokens_est": 361,
  "ram_before_kb": 126964,
  "ram_after_kb": 161728,
  "ram_delta_kb": 34764,
  "io_write_bytes_before": 217088,
  "io_write_bytes_after": 21766144,
  "io_write_bytes_delta": 21549056
}