{
  "type": "storage_only",
  "timestamp": "2026-04-16T12:48:24.220052Z",
  "device": {
    "model": "moto g35 5G",
    "manufacturer": "motorola",
    "board": "manila",
    "hardware": "ums9620_2h10",
    "cpu_cores": 8,
    "ram_total_kb": 3497628,
    "android_version": "14",
    "sdk_int": 34,
    "abi": "arm64-v8a"
  },
  "backend": "SQLite",
  "backend_key": "sqlite",
  "readings_count": 200,
  "ingest_total_ms": 481.048538,
  "per_ingest_us": 2405.24269,
  "retrieval_samples": 50,
  "retrieval_latencies_us": [
    2113.423,
    2070.615,
    2080.0,
    2021.923,
    2063.269,
    2033.153,
    2056.693,
    2007.038,
    2070.039,
    2031.692,
    2059.115,
    2094.577,
    2087.27,
    2077.577,
    2068.423,
    2032.884,
    2078.23,
    2065.577,
    2078.423,
    2045.423,
    2100.346,
    2091.423,
    2090.962,
    2059.923,
    2065.423,
    2116.692,
    2041.0,
    2114.923,
    2064.615,
    2097.577,
    2091.692,
    2042.231,
    2069.577,
    2032.731,
    2046.654,
    2145.423,
    2061.923,
    2088.269,
    2077.423,
    2081.0,
    2073.539,
    2081.77,
    2069.576,
    2118.923,
    2120.846,
    2037.116,
    2050.423,
    2031.384,
    2050.539,
    1996.577
  ],
  "avg_retrieval_us": 2068.91688,
  "median_retrieval_us": 2069.577,
  "min_retrieval_us": 1996.577,
  "max_retrieval_us": 2145.423,
  "p50_retrieval_us": 2069.577,
  "p95_retrieval_us": 2118.923,
  "context_chars": 315,
  "context_tokens_est": 78,
  "synth_chars": 815,
  "synth_tokens_est": 203,
  "ram_before_kb": 122484,
  "ram_after_kb": 162816,
  "ram_delta_kb": 40332,
  "io_write_bytes_before": 217088,
  "io_write_bytes_after": 10977280,
  "io_write_bytes_delta": 10760192
}