{
  "type": "storage_only",
  "timestamp": "2026-04-24T05:14:14.270351Z",
  "device": {
    "model": "moto g35 5G",
    "manufacturer": "motorola",
    "board": "manila",
    "hardware": "ums9620_2h10",
    "cpu_cores": 8,
    "ram_total_kb": 3497628,
    "android_version": "14",
    "sdk_int": 34,
    "abi": "arm64-v8a"
  },
  "backend": "SQLite",
  "backend_key": "sqlite",
  "readings_count": 400,
  "ingest_total_ms": 824.267654,
  "per_ingest_us": 2060.669135,
  "retrieval_samples": 100,
  "retrieval_latencies_us": [
    727.807,
    701.884,
    681.038,
    701.269,
    670.539,
    702.654,
    690.693,
    687.807,
    699.346,
    701.27,
    735.154,
    710.73,
    713.462,
    728.846,
    721.269,
    703.385,
    696.692,
    689.577,
    693.27,
    687.577,
    721.154,
    713.077,
    698.5,
    704.231,
    738.5,
    739.654,
    707.039,
    703.5,
    714.461,
    705.385,
    693.346,
    688.577,
    697.385,
    682.346,
    679.615,
    719.808,
    683.192,
    732.462,
    712.5,
    691.5,
    760.308,
    726.539,
    739.038,
    748.538,
    722.539,
    774.193,
    693.693,
    684.5,
    686.808,
    660.654,
    676.539,
    679.538,
    680.884,
    704.731,
    697.923,
    726.616,
    709.115,
    685.039,
    731.23,
    736.538,
    715.654,
    678.0,
    680.731,
    679.23,
    718.962,
    715.231,
    690.5,
    706.654,
    706.192,
    702.692,
    751.846,
    742.769,
    741.153,
    715.0,
    718.923,
    760.423,
    675.269,
    676.192,
    682.077,
    681.923,
    703.039,
    777.385,
    710.731,
    687.693,
    703.038,
    719.231,
    724.461,
    689.192,
    705.923,
    700.269,
    707.769,
    706.769,
    710.731,
    688.769,
    671.308,
    713.885,
    689.27,
    708.961,
    732.539,
    713.115
  ],
  "avg_retrieval_us": 706.9896300000004,
  "median_retrieval_us": 704.731,
  "min_retrieval_us": 660.654,
  "max_retrieval_us": 777.385,
  "p50_retrieval_us": 704.731,
  "p95_retrieval_us": 751.846,
  "context_chars": 315,
  "context_tokens_est": 78,
  "synth_chars": 1445,
  "synth_tokens_est": 361,
  "ram_before_kb": 126884,
  "ram_after_kb": 162076,
  "ram_delta_kb": 35192,
  "io_write_bytes_before": 217088,
  "io_write_bytes_after": 21762048,
  "io_write_bytes_delta": 21544960
}