{
  "type": "storage_only",
  "timestamp": "2026-04-16T12:48:36.191973Z",
  "device": {
    "model": "moto g35 5G",
    "manufacturer": "motorola",
    "board": "manila",
    "hardware": "ums9620_2h10",
    "cpu_cores": 8,
    "ram_total_kb": 3497628,
    "android_version": "14",
    "sdk_int": 34,
    "abi": "arm64-v8a"
  },
  "backend": "SQLite",
  "backend_key": "sqlite",
  "readings_count": 200,
  "ingest_total_ms": 540.541961,
  "per_ingest_us": 2702.709805,
  "retrieval_samples": 50,
  "retrieval_latencies_us": [
    2389.116,
    2303.884,
    2338.192,
    2274.923,
    2289.539,
    2369.923,
    2263.0,
    2295.462,
    2267.346,
    2300.461,
    2328.423,
    2287.038,
    2266.693,
    2250.0,
    2239.192,
    2197.423,
    2207.269,
    2262.962,
    2241.115,
    2232.231,
    2250.192,
    2261.115,
    2323.192,
    2286.154,
    2280.115,
    2277.577,
    2301.385,
    2272.154,
    2341.462,
    2276.884,
    2249.269,
    2261.693,
    2291.154,
    2240.923,
    2192.731,
    2305.423,
    2324.731,
    2262.038,
    2334.346,
    2245.192,
    2295.577,
    2258.769,
    2271.153,
    2326.192,
    2279.807,
    2285.577,
    2161.0,
    2262.693,
    2221.385,
    2232.346
  ],
  "avg_retrieval_us": 2275.5284200000006,
  "median_retrieval_us": 2274.923,
  "min_retrieval_us": 2161.0,
  "max_retrieval_us": 2389.116,
  "p50_retrieval_us": 2274.923,
  "p95_retrieval_us": 2341.462,
  "context_chars": 315,
  "context_tokens_est": 78,
  "synth_chars": 815,
  "synth_tokens_est": 203,
  "ram_before_kb": 122500,
  "ram_after_kb": 164140,
  "ram_delta_kb": 41640,
  "io_write_bytes_before": 217088,
  "io_write_bytes_after": 10977280,
  "io_write_bytes_delta": 10760192
}