{
  "type": "storage_only",
  "timestamp": "2026-04-16T07:32:56.227570Z",
  "device": {
    "model": "moto g35 5G",
    "manufacturer": "motorola",
    "board": "manila",
    "hardware": "ums9620_2h10",
    "cpu_cores": 8,
    "ram_total_kb": 3497628,
    "android_version": "14",
    "sdk_int": 34,
    "abi": "arm64-v8a"
  },
  "backend": "SQLite",
  "backend_key": "sqlite",
  "readings_count": 200,
  "ingest_total_ms": 489.382538,
  "per_ingest_us": 2446.91269,
  "retrieval_latencies_us": [
    2894.423,
    2369.308,
    2373.5,
    2258.423,
    2309.0,
    2342.73,
    2339.424,
    2456.577,
    2306.923,
    2276.423
  ],
  "avg_retrieval_us": 2392.6730999999995,
  "min_retrieval_us": 2258.423,
  "max_retrieval_us": 2894.423,
  "p50_retrieval_us": 2342.73,
  "p95_retrieval_us": 2894.423,
  "context_chars": 315,
  "context_tokens_est": 78,
  "synth_chars": 815,
  "synth_tokens_est": 203,
  "ram_before_kb": 126248,
  "ram_after_kb": 164672,
  "ram_delta_kb": 38424,
  "io_write_bytes_before": 217088,
  "io_write_bytes_after": 10981376,
  "io_write_bytes_delta": 10764288
}