{
  "type": "storage_only",
  "timestamp": "2026-04-16T12:48:30.226107Z",
  "device": {
    "model": "moto g35 5G",
    "manufacturer": "motorola",
    "board": "manila",
    "hardware": "ums9620_2h10",
    "cpu_cores": 8,
    "ram_total_kb": 3497628,
    "android_version": "14",
    "sdk_int": 34,
    "abi": "arm64-v8a"
  },
  "backend": "SQLite",
  "backend_key": "sqlite",
  "readings_count": 200,
  "ingest_total_ms": 506.569768,
  "per_ingest_us": 2532.84884,
  "retrieval_samples": 50,
  "retrieval_latencies_us": [
    2290.539,
    2261.577,
    2266.308,
    2210.077,
    2231.77,
    2262.308,
    2245.692,
    2211.808,
    2230.077,
    2280.807,
    2241.423,
    2300.23,
    2337.961,
    2273.846,
    2274.961,
    2222.577,
    2274.692,
    2221.539,
    2272.269,
    2210.462,
    2257.423,
    2282.346,
    2269.384,
    2286.346,
    2264.731,
    2356.808,
    2267.269,
    2286.538,
    2254.346,
    2311.231,
    2364.961,
    2228.193,
    2316.462,
    2250.615,
    2226.23,
    2309.307,
    2256.462,
    2277.846,
    2254.577,
    2252.769,
    2246.192,
    2240.615,
    2273.961,
    2254.616,
    2220.577,
    2176.731,
    2174.153,
    2181.461,
    2207.116,
    2192.115
  ],
  "avg_retrieval_us": 2257.24608,
  "median_retrieval_us": 2257.423,
  "min_retrieval_us": 2174.153,
  "max_retrieval_us": 2364.961,
  "p50_retrieval_us": 2257.423,
  "p95_retrieval_us": 2337.961,
  "context_chars": 315,
  "context_tokens_est": 78,
  "synth_chars": 815,
  "synth_tokens_est": 203,
  "ram_before_kb": 121368,
  "ram_after_kb": 162868,
  "ram_delta_kb": 41500,
  "io_write_bytes_before": 217088,
  "io_write_bytes_after": 10981376,
  "io_write_bytes_delta": 10764288
}