{
  "type": "storage_only",
  "timestamp": "2026-04-16T07:33:19.806673Z",
  "device": {
    "model": "moto g35 5G",
    "manufacturer": "motorola",
    "board": "manila",
    "hardware": "ums9620_2h10",
    "cpu_cores": 8,
    "ram_total_kb": 3497628,
    "android_version": "14",
    "sdk_int": 34,
    "abi": "arm64-v8a"
  },
  "backend": "SQLite",
  "backend_key": "sqlite",
  "readings_count": 200,
  "ingest_total_ms": 488.118307,
  "per_ingest_us": 2440.591535,
  "retrieval_latencies_us": [
    2791.462,
    2139.231,
    2158.0,
    2040.577,
    2124.27,
    2132.808,
    2048.884,
    2116.0,
    2069.346,
    2086.231
  ],
  "avg_retrieval_us": 2170.6809000000003,
  "min_retrieval_us": 2040.577,
  "max_retrieval_us": 2791.462,
  "p50_retrieval_us": 2124.27,
  "p95_retrieval_us": 2791.462,
  "context_chars": 315,
  "context_tokens_est": 78,
  "synth_chars": 815,
  "synth_tokens_est": 203,
  "ram_before_kb": 125668,
  "ram_after_kb": 164180,
  "ram_delta_kb": 38512,
  "io_write_bytes_before": 217088,
  "io_write_bytes_after": 10977280,
  "io_write_bytes_delta": 10760192
}