{
  "type": "storage_only",
  "timestamp": "2026-04-16T12:48:42.180746Z",
  "device": {
    "model": "moto g35 5G",
    "manufacturer": "motorola",
    "board": "manila",
    "hardware": "ums9620_2h10",
    "cpu_cores": 8,
    "ram_total_kb": 3497628,
    "android_version": "14",
    "sdk_int": 34,
    "abi": "arm64-v8a"
  },
  "backend": "SQLite",
  "backend_key": "sqlite",
  "readings_count": 200,
  "ingest_total_ms": 530.232384,
  "per_ingest_us": 2651.16192,
  "retrieval_samples": 50,
  "retrieval_latencies_us": [
    2325.154,
    2250.654,
    2394.308,
    2279.039,
    2306.962,
    2293.5,
    2257.577,
    2279.923,
    2416.346,
    2258.73,
    2308.077,
    2240.154,
    2320.538,
    2294.692,
    2229.654,
    2294.039,
    2314.269,
    2277.039,
    2243.615,
    2252.5,
    2377.731,
    2409.961,
    2508.5,
    2334.769,
    2322.692,
    2345.923,
    2266.307,
    2296.462,
    2250.577,
    2326.154,
    2262.423,
    2171.692,
    2218.346,
    2205.423,
    2215.038,
    2257.808,
    2294.615,
    2227.192,
    2269.192,
    2271.962,
    2251.846,
    2253.423,
    2235.846,
    2288.0,
    2235.0,
    2221.384,
    2208.884,
    2209.654,
    2226.039,
    2261.731
  ],
  "avg_retrieval_us": 2281.22688,
  "median_retrieval_us": 2269.192,
  "min_retrieval_us": 2171.692,
  "max_retrieval_us": 2508.5,
  "p50_retrieval_us": 2269.192,
  "p95_retrieval_us": 2409.961,
  "context_chars": 315,
  "context_tokens_est": 78,
  "synth_chars": 815,
  "synth_tokens_est": 203,
  "ram_before_kb": 121680,
  "ram_after_kb": 163796,
  "ram_delta_kb": 42116,
  "io_write_bytes_before": 217088,
  "io_write_bytes_after": 10977280,
  "io_write_bytes_delta": 10760192
}