{
  "type": "storage_only",
  "timestamp": "2026-04-16T07:33:02.078854Z",
  "device": {
    "model": "moto g35 5G",
    "manufacturer": "motorola",
    "board": "manila",
    "hardware": "ums9620_2h10",
    "cpu_cores": 8,
    "ram_total_kb": 3497628,
    "android_version": "14",
    "sdk_int": 34,
    "abi": "arm64-v8a"
  },
  "backend": "SQLite",
  "backend_key": "sqlite",
  "readings_count": 200,
  "ingest_total_ms": 478.968577,
  "per_ingest_us": 2394.842885,
  "retrieval_latencies_us": [
    2791.346,
    2097.231,
    2161.116,
    2058.923,
    2144.769,
    2135.769,
    2112.27,
    2178.808,
    2182.807,
    2103.039
  ],
  "avg_retrieval_us": 2196.6078,
  "min_retrieval_us": 2058.923,
  "max_retrieval_us": 2791.346,
  "p50_retrieval_us": 2144.769,
  "p95_retrieval_us": 2791.346,
  "context_chars": 315,
  "context_tokens_est": 78,
  "synth_chars": 815,
  "synth_tokens_est": 203,
  "ram_before_kb": 122956,
  "ram_after_kb": 164104,
  "ram_delta_kb": 41148,
  "io_write_bytes_before": 217088,
  "io_write_bytes_after": 10977280,
  "io_write_bytes_delta": 10760192
}