{
  "type": "storage_only",
  "timestamp": "2026-04-16T07:33:07.947216Z",
  "device": {
    "model": "moto g35 5G",
    "manufacturer": "motorola",
    "board": "manila",
    "hardware": "ums9620_2h10",
    "cpu_cores": 8,
    "ram_total_kb": 3497628,
    "android_version": "14",
    "sdk_int": 34,
    "abi": "arm64-v8a"
  },
  "backend": "SQLite",
  "backend_key": "sqlite",
  "readings_count": 200,
  "ingest_total_ms": 465.936192,
  "per_ingest_us": 2329.68096,
  "retrieval_latencies_us": [
    2747.923,
    2035.231,
    2111.424,
    2044.769,
    2053.73,
    2061.115,
    2009.077,
    2057.77,
    2022.962,
    2025.385
  ],
  "avg_retrieval_us": 2116.9385999999995,
  "min_retrieval_us": 2009.077,
  "max_retrieval_us": 2747.923,
  "p50_retrieval_us": 2053.73,
  "p95_retrieval_us": 2747.923,
  "context_chars": 315,
  "context_tokens_est": 78,
  "synth_chars": 815,
  "synth_tokens_est": 203,
  "ram_before_kb": 122484,
  "ram_after_kb": 163972,
  "ram_delta_kb": 41488,
  "io_write_bytes_before": 217088,
  "io_write_bytes_after": 10981376,
  "io_write_bytes_delta": 10764288
}