{
  "type": "storage_only",
  "timestamp": "2026-04-16T07:33:13.834766Z",
  "device": {
    "model": "moto g35 5G",
    "manufacturer": "motorola",
    "board": "manila",
    "hardware": "ums9620_2h10",
    "cpu_cores": 8,
    "ram_total_kb": 3497628,
    "android_version": "14",
    "sdk_int": 34,
    "abi": "arm64-v8a"
  },
  "backend": "SQLite",
  "backend_key": "sqlite",
  "readings_count": 200,
  "ingest_total_ms": 467.042038,
  "per_ingest_us": 2335.21019,
  "retrieval_latencies_us": [
    2666.423,
    2082.423,
    2127.962,
    1990.654,
    2149.884,
    2128.077,
    2044.115,
    2054.077,
    2090.692,
    2049.154
  ],
  "avg_retrieval_us": 2138.3460999999998,
  "min_retrieval_us": 1990.654,
  "max_retrieval_us": 2666.423,
  "p50_retrieval_us": 2090.692,
  "p95_retrieval_us": 2666.423,
  "context_chars": 315,
  "context_tokens_est": 78,
  "synth_chars": 815,
  "synth_tokens_est": 203,
  "ram_before_kb": 124544,
  "ram_after_kb": 163724,
  "ram_delta_kb": 39180,
  "io_write_bytes_before": 217088,
  "io_write_bytes_after": 10981376,
  "io_write_bytes_delta": 10764288
}