{
  "type": "storage_only",
  "timestamp": "2026-04-16T12:48:06.538525Z",
  "device": {
    "model": "moto g35 5G",
    "manufacturer": "motorola",
    "board": "manila",
    "hardware": "ums9620_2h10",
    "cpu_cores": 8,
    "ram_total_kb": 3497628,
    "android_version": "14",
    "sdk_int": 34,
    "abi": "arm64-v8a"
  },
  "backend": "SQLite",
  "backend_key": "sqlite",
  "readings_count": 200,
  "ingest_total_ms": 513.658115,
  "per_ingest_us": 2568.290575,
  "retrieval_samples": 50,
  "retrieval_latencies_us": [
    2084.5,
    2072.884,
    1999.808,
    2094.962,
    2057.423,
    2072.423,
    2043.692,
    2098.308,
    2040.269,
    2062.5,
    2086.269,
    2088.654,
    2083.807,
    2099.923,
    2163.192,
    2023.424,
    2069.423,
    1999.808,
    2066.885,
    2014.269,
    2119.692,
    2088.846,
    2089.961,
    2075.808,
    2101.961,
    2070.0,
    2099.5,
    2079.308,
    2110.577,
    2075.346,
    2060.231,
    2064.192,
    2086.077,
    2070.538,
    2074.308,
    2107.961,
    2098.039,
    2105.039,
    2063.0,
    2074.077,
    2076.269,
    2038.73,
    2022.154,
    2022.961,
    2014.654,
    1998.808,
    1976.192,
    2015.807,
    2043.308,
    1983.461
  ],
  "avg_retrieval_us": 2064.5845600000002,
  "median_retrieval_us": 2072.884,
  "min_retrieval_us": 1976.192,
  "max_retrieval_us": 2163.192,
  "p50_retrieval_us": 2072.884,
  "p95_retrieval_us": 2110.577,
  "context_chars": 315,
  "context_tokens_est": 78,
  "synth_chars": 815,
  "synth_tokens_est": 203,
  "ram_before_kb": 124872,
  "ram_after_kb": 163448,
  "ram_delta_kb": 38576,
  "io_write_bytes_before": 225280,
  "io_write_bytes_after": 10985472,
  "io_write_bytes_delta": 10760192
}