{
  "type": "storage_only",
  "timestamp": "2026-04-24T05:13:50.921009Z",
  "device": {
    "model": "moto g35 5G",
    "manufacturer": "motorola",
    "board": "manila",
    "hardware": "ums9620_2h10",
    "cpu_cores": 8,
    "ram_total_kb": 3497628,
    "android_version": "14",
    "sdk_int": 34,
    "abi": "arm64-v8a"
  },
  "backend": "SQLite",
  "backend_key": "sqlite",
  "readings_count": 400,
  "ingest_total_ms": 814.288114,
  "per_ingest_us": 2035.720285,
  "retrieval_samples": 100,
  "retrieval_latencies_us": [
    753.73,
    681.115,
    700.346,
    700.73,
    676.077,
    729.731,
    737.115,
    717.77,
    719.73,
    686.923,
    745.962,
    740.424,
    704.923,
    699.5,
    701.423,
    711.923,
    702.615,
    719.346,
    685.038,
    681.039,
    712.154,
    745.808,
    725.154,
    702.962,
    721.808,
    738.116,
    742.462,
    707.539,
    733.384,
    708.654,
    703.153,
    683.153,
    684.154,
    691.308,
    692.154,
    730.885,
    700.308,
    723.116,
    738.923,
    757.308,
    765.153,
    752.769,
    700.307,
    710.076,
    730.462,
    701.307,
    687.346,
    668.808,
    687.961,
    686.0,
    707.962,
    709.807,
    721.539,
    723.154,
    704.615,
    772.731,
    729.346,
    711.961,
    712.423,
    740.039,
    701.308,
    714.346,
    693.731,
    681.923,
    705.115,
    717.154,
    731.385,
    749.039,
    738.539,
    730.885,
    730.654,
    742.461,
    753.807,
    706.654,
    683.346,
    707.154,
    694.27,
    702.038,
    677.385,
    694.924,
    708.076,
    713.962,
    730.577,
    755.038,
    741.462,
    732.731,
    716.5,
    708.923,
    713.962,
    680.0,
    678.5,
    688.424,
    681.192,
    689.384,
    707.615,
    725.115,
    729.038,
    716.577,
    737.615,
    712.231
  ],
  "avg_retrieval_us": 713.8476900000003,
  "median_retrieval_us": 711.961,
  "min_retrieval_us": 668.808,
  "max_retrieval_us": 772.731,
  "p50_retrieval_us": 711.961,
  "p95_retrieval_us": 753.807,
  "context_chars": 315,
  "context_tokens_est": 78,
  "synth_chars": 1445,
  "synth_tokens_est": 361,
  "ram_before_kb": 128224,
  "ram_after_kb": 162692,
  "ram_delta_kb": 34468,
  "io_write_bytes_before": 221184,
  "io_write_bytes_after": 21770240,
  "io_write_bytes_delta": 21549056
}