{
  "type": "storage_only",
  "timestamp": "2026-04-24T05:13:56.664983Z",
  "device": {
    "model": "moto g35 5G",
    "manufacturer": "motorola",
    "board": "manila",
    "hardware": "ums9620_2h10",
    "cpu_cores": 8,
    "ram_total_kb": 3497628,
    "android_version": "14",
    "sdk_int": 34,
    "abi": "arm64-v8a"
  },
  "backend": "SQLite",
  "backend_key": "sqlite",
  "readings_count": 400,
  "ingest_total_ms": 727.05073,
  "per_ingest_us": 1817.626825,
  "retrieval_samples": 100,
  "retrieval_latencies_us": [
    729.115,
    686.577,
    729.769,
    674.577,
    684.462,
    672.0,
    692.654,
    672.923,
    673.615,
    678.23,
    706.038,
    710.923,
    718.692,
    702.731,
    693.654,
    721.462,
    681.346,
    669.077,
    675.0,
    672.616,
    718.077,
    707.154,
    667.924,
    690.692,
    684.192,
    716.385,
    754.654,
    686.038,
    731.923,
    711.231,
    688.231,
    682.924,
    693.808,
    668.077,
    651.884,
    712.115,
    671.462,
    668.616,
    708.693,
    688.807,
    720.308,
    735.5,
    724.154,
    721.539,
    692.577,
    722.347,
    696.231,
    693.384,
    675.038,
    698.423,
    671.347,
    677.346,
    664.231,
    651.0,
    676.385,
    718.423,
    681.653,
    696.154,
    732.116,
    719.269,
    711.27,
    704.5,
    721.923,
    709.769,
    671.731,
    696.885,
    691.27,
    689.654,
    694.885,
    670.269,
    698.616,
    692.5,
    706.808,
    745.653,
    704.0,
    706.077,
    678.154,
    702.077,
    670.693,
    722.307,
    708.961,
    699.462,
    710.23,
    712.808,
    691.961,
    695.192,
    661.461,
    687.308,
    693.385,
    713.731,
    703.154,
    689.538,
    692.654,
    670.0,
    701.384,
    708.577,
    685.385,
    696.654,
    775.384,
    697.192
  ],
  "avg_retrieval_us": 696.9923500000001,
  "median_retrieval_us": 695.192,
  "min_retrieval_us": 651.0,
  "max_retrieval_us": 775.384,
  "p50_retrieval_us": 695.192,
  "p95_retrieval_us": 732.116,
  "context_chars": 315,
  "context_tokens_est": 78,
  "synth_chars": 1445,
  "synth_tokens_est": 361,
  "ram_before_kb": 126732,
  "ram_after_kb": 161396,
  "ram_delta_kb": 34664,
  "io_write_bytes_before": 217088,
  "io_write_bytes_after": 21762048,
  "io_write_bytes_delta": 21544960
}