{
  "type": "storage_only",
  "timestamp": "2026-04-16T12:42:57.060160Z",
  "device": {
    "model": "moto g35 5G",
    "manufacturer": "motorola",
    "board": "manila",
    "hardware": "ums9620_2h10",
    "cpu_cores": 8,
    "ram_total_kb": 3497628,
    "android_version": "14",
    "sdk_int": 34,
    "abi": "arm64-v8a"
  },
  "backend": "Valkey",
  "backend_key": "valkey",
  "readings_count": 200,
  "ingest_total_ms": 465.224846,
  "per_ingest_us": 2326.12423,
  "retrieval_samples": 50,
  "retrieval_latencies_us": [
    4688.423,
    4561.731,
    5361.346,
    5110.192,
    4660.885,
    5048.577,
    4570.693,
    4790.962,
    4355.385,
    4295.308,
    4305.23,
    4418.423,
    4841.961,
    3641.5,
    5124.769,
    4013.077,
    3685.308,
    4928.346,
    4115.731,
    3759.039,
    3355.231,
    3071.346,
    3195.731,
    6020.847,
    4080.038,
    3995.154,
    4055.538,
    4078.961,
    4182.27,
    3783.77,
    4278.846,
    3873.884,
    4111.269,
    3806.5,
    3856.038,
    4054.769,
    4388.923,
    4215.616,
    4096.5,
    5525.231,
    5164.962,
    5734.846,
    4760.885,
    6096.423,
    5520.924,
    6025.884,
    5390.385,
    3918.5,
    4434.5,
    6239.193
  ],
  "avg_retrieval_us": 4511.7970000000005,
  "median_retrieval_us": 4355.385,
  "min_retrieval_us": 3071.346,
  "max_retrieval_us": 6239.193,
  "p50_retrieval_us": 4355.385,
  "p95_retrieval_us": 6025.884,
  "context_chars": 315,
  "context_tokens_est": 78,
  "synth_chars": 815,
  "synth_tokens_est": 203,
  "ram_before_kb": 161596,
  "ram_after_kb": 162900,
  "ram_delta_kb": 1304,
  "io_write_bytes_before": 0,
  "io_write_bytes_after": 0,
  "io_write_bytes_delta": 0
}