{
  "type": "storage_only",
  "timestamp": "2026-04-16T12:42:39.817979Z",
  "device": {
    "model": "moto g35 5G",
    "manufacturer": "motorola",
    "board": "manila",
    "hardware": "ums9620_2h10",
    "cpu_cores": 8,
    "ram_total_kb": 3497628,
    "android_version": "14",
    "sdk_int": 34,
    "abi": "arm64-v8a"
  },
  "backend": "Valkey",
  "backend_key": "valkey",
  "readings_count": 200,
  "ingest_total_ms": 454.856308,
  "per_ingest_us": 2274.28154,
  "retrieval_samples": 50,
  "retrieval_latencies_us": [
    5846.154,
    4446.73,
    4541.462,
    4628.923,
    5106.538,
    4640.23,
    3797.346,
    4343.962,
    4554.154,
    4362.923,
    4401.769,
    4512.307,
    4187.962,
    5034.462,
    4171.385,
    4367.846,
    3540.731,
    3508.23,
    5262.962,
    3867.462,
    3849.038,
    4450.5,
    3528.308,
    4348.308,
    4936.653,
    4857.038,
    4371.461,
    5222.423,
    4986.615,
    4780.0,
    3418.115,
    3119.115,
    4264.731,
    4049.385,
    5390.346,
    4570.154,
    3705.769,
    5598.192,
    3839.461,
    4756.269,
    4404.693,
    7140.154,
    3265.539,
    4711.731,
    3707.654,
    4493.577,
    3902.27,
    3694.77,
    4385.27,
    4101.923
  ],
  "avg_retrieval_us": 4419.46,
  "median_retrieval_us": 4401.769,
  "min_retrieval_us": 3119.115,
  "max_retrieval_us": 7140.154,
  "p50_retrieval_us": 4401.769,
  "p95_retrieval_us": 5598.192,
  "context_chars": 315,
  "context_tokens_est": 78,
  "synth_chars": 815,
  "synth_tokens_est": 203,
  "ram_before_kb": 161992,
  "ram_after_kb": 163260,
  "ram_delta_kb": 1268,
  "io_write_bytes_before": 8192,
  "io_write_bytes_after": 8192,
  "io_write_bytes_delta": 0
}