{
  "type": "storage_only",
  "timestamp": "2026-04-16T12:42:34.073261Z",
  "device": {
    "model": "moto g35 5G",
    "manufacturer": "motorola",
    "board": "manila",
    "hardware": "ums9620_2h10",
    "cpu_cores": 8,
    "ram_total_kb": 3497628,
    "android_version": "14",
    "sdk_int": 34,
    "abi": "arm64-v8a"
  },
  "backend": "Valkey",
  "backend_key": "valkey",
  "readings_count": 200,
  "ingest_total_ms": 464.661653,
  "per_ingest_us": 2323.308265,
  "retrieval_samples": 50,
  "retrieval_latencies_us": [
    5055.615,
    4881.846,
    5837.692,
    4340.307,
    4415.616,
    4127.885,
    5351.923,
    4279.769,
    4249.731,
    4753.231,
    3978.577,
    4822.769,
    5062.076,
    4570.769,
    4112.539,
    5544.847,
    3733.0,
    4656.846,
    4107.846,
    4326.923,
    5993.462,
    3762.692,
    5506.346,
    5431.0,
    4802.269,
    7273.769,
    5186.692,
    5643.5,
    5653.461,
    5989.692,
    4229.115,
    4074.154,
    4110.961,
    4116.846,
    4120.0,
    4023.0,
    6623.0,
    4313.423,
    4252.346,
    3922.347,
    4493.73,
    3868.539,
    3918.077,
    4379.154,
    4205.616,
    3982.077,
    6359.5,
    4133.384,
    4356.808,
    4329.808
  ],
  "avg_retrieval_us": 4705.2915,
  "median_retrieval_us": 4356.808,
  "min_retrieval_us": 3733.0,
  "max_retrieval_us": 7273.769,
  "p50_retrieval_us": 4356.808,
  "p95_retrieval_us": 6359.5,
  "context_chars": 315,
  "context_tokens_est": 78,
  "synth_chars": 815,
  "synth_tokens_est": 203,
  "ram_before_kb": 161960,
  "ram_after_kb": 163368,
  "ram_delta_kb": 1408,
  "io_write_bytes_before": 4096,
  "io_write_bytes_after": 4096,
  "io_write_bytes_delta": 0
}