{
  "type": "storage_only",
  "timestamp": "2026-04-16T12:43:02.831879Z",
  "device": {
    "model": "moto g35 5G",
    "manufacturer": "motorola",
    "board": "manila",
    "hardware": "ums9620_2h10",
    "cpu_cores": 8,
    "ram_total_kb": 3497628,
    "android_version": "14",
    "sdk_int": 34,
    "abi": "arm64-v8a"
  },
  "backend": "Valkey",
  "backend_key": "valkey",
  "readings_count": 200,
  "ingest_total_ms": 457.731884,
  "per_ingest_us": 2288.65942,
  "retrieval_samples": 50,
  "retrieval_latencies_us": [
    5002.961,
    5249.231,
    4082.73,
    5192.423,
    4521.423,
    4061.962,
    3634.077,
    3652.615,
    3910.346,
    4625.731,
    4144.23,
    6293.807,
    4061.846,
    6199.653,
    4867.192,
    4689.307,
    4437.0,
    3991.192,
    4469.384,
    4463.808,
    4305.769,
    5316.231,
    4400.23,
    4386.154,
    5227.577,
    4285.615,
    5000.846,
    5750.961,
    6375.538,
    5952.038,
    5507.923,
    4599.0,
    6931.884,
    4876.077,
    4289.231,
    4712.616,
    4757.308,
    4653.038,
    4307.346,
    4038.192,
    4337.577,
    4001.462,
    6529.193,
    4246.846,
    4499.615,
    4000.846,
    4382.423,
    4134.5,
    3960.961,
    5981.308
  ],
  "avg_retrieval_us": 4745.984459999999,
  "median_retrieval_us": 4499.615,
  "min_retrieval_us": 3634.077,
  "max_retrieval_us": 6931.884,
  "p50_retrieval_us": 4499.615,
  "p95_retrieval_us": 6375.538,
  "context_chars": 315,
  "context_tokens_est": 78,
  "synth_chars": 815,
  "synth_tokens_est": 203,
  "ram_before_kb": 161636,
  "ram_after_kb": 162728,
  "ram_delta_kb": 1092,
  "io_write_bytes_before": 0,
  "io_write_bytes_after": 0,
  "io_write_bytes_delta": 0
}