{
  "type": "storage_only",
  "timestamp": "2026-04-16T12:42:16.819291Z",
  "device": {
    "model": "moto g35 5G",
    "manufacturer": "motorola",
    "board": "manila",
    "hardware": "ums9620_2h10",
    "cpu_cores": 8,
    "ram_total_kb": 3497628,
    "android_version": "14",
    "sdk_int": 34,
    "abi": "arm64-v8a"
  },
  "backend": "Valkey",
  "backend_key": "valkey",
  "readings_count": 200,
  "ingest_total_ms": 453.894077,
  "per_ingest_us": 2269.470385,
  "retrieval_samples": 50,
  "retrieval_latencies_us": [
    5958.0,
    4213.884,
    4790.538,
    4716.731,
    6450.885,
    3823.731,
    3796.5,
    5079.346,
    3905.192,
    4541.154,
    4576.154,
    4059.539,
    5588.692,
    4281.846,
    5116.231,
    4215.846,
    4052.385,
    5242.346,
    3951.5,
    6060.461,
    3992.654,
    4494.808,
    4142.538,
    4497.962,
    4099.73,
    4790.923,
    6131.577,
    4542.385,
    4487.846,
    4405.308,
    4649.384,
    4233.5,
    5556.73,
    3912.231,
    4381.116,
    4015.193,
    4132.423,
    3938.269,
    3783.769,
    3897.346,
    3868.307,
    2996.115,
    7129.269,
    2655.038,
    2621.038,
    2442.615,
    2569.731,
    2831.693,
    2511.615,
    2454.423
  ],
  "avg_retrieval_us": 4291.729939999999,
  "median_retrieval_us": 4215.846,
  "min_retrieval_us": 2442.615,
  "max_retrieval_us": 7129.269,
  "p50_retrieval_us": 4215.846,
  "p95_retrieval_us": 6131.577,
  "context_chars": 315,
  "context_tokens_est": 78,
  "synth_chars": 815,
  "synth_tokens_est": 203,
  "ram_before_kb": 162288,
  "ram_after_kb": 163748,
  "ram_delta_kb": 1460,
  "io_write_bytes_before": 4096,
  "io_write_bytes_after": 4096,
  "io_write_bytes_delta": 0
}