{
  "type": "storage_only",
  "timestamp": "2026-04-16T12:42:51.319505Z",
  "device": {
    "model": "moto g35 5G",
    "manufacturer": "motorola",
    "board": "manila",
    "hardware": "ums9620_2h10",
    "cpu_cores": 8,
    "ram_total_kb": 3497628,
    "android_version": "14",
    "sdk_int": 34,
    "abi": "arm64-v8a"
  },
  "backend": "Valkey",
  "backend_key": "valkey",
  "readings_count": 200,
  "ingest_total_ms": 464.034538,
  "per_ingest_us": 2320.17269,
  "retrieval_samples": 50,
  "retrieval_latencies_us": [
    5376.539,
    5122.231,
    4814.193,
    4492.961,
    4733.077,
    4446.154,
    3829.846,
    3535.423,
    3769.346,
    3961.384,
    4364.077,
    4088.231,
    7655.539,
    4988.0,
    5272.385,
    4343.077,
    4914.462,
    4447.577,
    4292.731,
    3865.654,
    5487.731,
    4084.0,
    3694.616,
    6032.423,
    4708.308,
    4518.577,
    4737.615,
    4364.77,
    5562.307,
    4430.807,
    4095.269,
    4077.192,
    5610.923,
    4068.538,
    5253.269,
    3627.039,
    4773.231,
    4633.654,
    3904.5,
    5492.615,
    5447.0,
    3619.115,
    4639.154,
    4295.193,
    4095.846,
    4120.577,
    4224.308,
    3963.307,
    6483.308,
    3996.577
  ],
  "avg_retrieval_us": 4607.0931199999995,
  "median_retrieval_us": 4446.154,
  "min_retrieval_us": 3535.423,
  "max_retrieval_us": 7655.539,
  "p50_retrieval_us": 4446.154,
  "p95_retrieval_us": 6032.423,
  "context_chars": 315,
  "context_tokens_est": 78,
  "synth_chars": 815,
  "synth_tokens_est": 203,
  "ram_before_kb": 164000,
  "ram_after_kb": 163208,
  "ram_delta_kb": -792,
  "io_write_bytes_before": 4096,
  "io_write_bytes_after": 4096,
  "io_write_bytes_delta": 0
}