{
  "type": "storage_only",
  "timestamp": "2026-04-16T12:43:08.572368Z",
  "device": {
    "model": "moto g35 5G",
    "manufacturer": "motorola",
    "board": "manila",
    "hardware": "ums9620_2h10",
    "cpu_cores": 8,
    "ram_total_kb": 3497628,
    "android_version": "14",
    "sdk_int": 34,
    "abi": "arm64-v8a"
  },
  "backend": "Valkey",
  "backend_key": "valkey",
  "readings_count": 200,
  "ingest_total_ms": 485.243731,
  "per_ingest_us": 2426.218655,
  "retrieval_samples": 50,
  "retrieval_latencies_us": [
    4641.192,
    4415.654,
    6119.5,
    4188.692,
    5147.77,
    4750.808,
    6122.384,
    4238.807,
    5312.731,
    3836.923,
    4308.961,
    6458.307,
    3957.385,
    4957.193,
    4524.192,
    5659.539,
    3954.577,
    6374.077,
    6008.231,
    5735.654,
    5707.731,
    5393.423,
    4364.77,
    4535.577,
    5079.423,
    4756.885,
    5271.808,
    4029.0,
    3980.461,
    4383.616,
    4254.807,
    3890.039,
    5326.538,
    3952.423,
    5531.076,
    4008.115,
    4744.731,
    4216.154,
    4252.769,
    3973.692,
    5458.769,
    4043.307,
    5447.654,
    4586.769,
    4187.5,
    3966.193,
    5310.308,
    4031.577,
    5388.346,
    4114.308
  ],
  "avg_retrieval_us": 4778.006920000001,
  "median_retrieval_us": 4586.769,
  "min_retrieval_us": 3836.923,
  "max_retrieval_us": 6458.307,
  "p50_retrieval_us": 4586.769,
  "p95_retrieval_us": 6122.384,
  "context_chars": 315,
  "context_tokens_est": 78,
  "synth_chars": 815,
  "synth_tokens_est": 203,
  "ram_before_kb": 163456,
  "ram_after_kb": 162564,
  "ram_delta_kb": -892,
  "io_write_bytes_before": 0,
  "io_write_bytes_after": 0,
  "io_write_bytes_delta": 0
}