{
  "type": "storage_only",
  "timestamp": "2026-04-16T12:42:28.317448Z",
  "device": {
    "model": "moto g35 5G",
    "manufacturer": "motorola",
    "board": "manila",
    "hardware": "ums9620_2h10",
    "cpu_cores": 8,
    "ram_total_kb": 3497628,
    "android_version": "14",
    "sdk_int": 34,
    "abi": "arm64-v8a"
  },
  "backend": "Valkey",
  "backend_key": "valkey",
  "readings_count": 200,
  "ingest_total_ms": 477.158923,
  "per_ingest_us": 2385.794615,
  "retrieval_samples": 50,
  "retrieval_latencies_us": [
    4855.923,
    4227.923,
    5931.116,
    4685.539,
    4040.153,
    4464.539,
    3757.885,
    3724.039,
    4350.962,
    4033.231,
    4236.193,
    6187.346,
    4518.384,
    5639.962,
    4197.846,
    5894.0,
    3658.23,
    4084.193,
    5358.346,
    3974.0,
    4656.115,
    4310.693,
    4433.308,
    4803.462,
    4353.423,
    5586.615,
    4681.192,
    4288.269,
    4396.231,
    4284.077,
    6007.846,
    4086.0,
    4434.808,
    4211.808,
    5408.423,
    5726.308,
    4616.115,
    4245.462,
    3914.461,
    5580.769,
    4001.116,
    5618.73,
    4408.808,
    4201.808,
    4298.384,
    4237.616,
    4567.346,
    5116.039,
    4633.846,
    4446.0
  ],
  "avg_retrieval_us": 4627.497759999999,
  "median_retrieval_us": 4433.308,
  "min_retrieval_us": 3658.23,
  "max_retrieval_us": 6187.346,
  "p50_retrieval_us": 4433.308,
  "p95_retrieval_us": 5931.116,
  "context_chars": 315,
  "context_tokens_est": 78,
  "synth_chars": 815,
  "synth_tokens_est": 203,
  "ram_before_kb": 161860,
  "ram_after_kb": 163056,
  "ram_delta_kb": 1196,
  "io_write_bytes_before": 4096,
  "io_write_bytes_after": 4096,
  "io_write_bytes_delta": 0
}