{
  "type": "storage_only",
  "timestamp": "2026-04-16T07:27:37.799371Z",
  "device": {
    "model": "moto g35 5G",
    "manufacturer": "motorola",
    "board": "manila",
    "hardware": "ums9620_2h10",
    "cpu_cores": 8,
    "ram_total_kb": 3497628,
    "android_version": "14",
    "sdk_int": 34,
    "abi": "arm64-v8a"
  },
  "backend": "Valkey",
  "backend_key": "valkey",
  "readings_count": 200,
  "ingest_total_ms": 459.531038,
  "per_ingest_us": 2297.65519,
  "retrieval_latencies_us": [
    5377.424,
    5757.346,
    4743.77,
    4294.462,
    4116.769,
    5724.653,
    4283.154,
    5164.423,
    4213.924,
    4276.192
  ],
  "avg_retrieval_us": 4795.211700000001,
  "min_retrieval_us": 4116.769,
  "max_retrieval_us": 5757.346,
  "p50_retrieval_us": 4743.77,
  "p95_retrieval_us": 5757.346,
  "context_chars": 315,
  "context_tokens_est": 78,
  "synth_chars": 815,
  "synth_tokens_est": 203,
  "ram_before_kb": 163916,
  "ram_after_kb": 165464,
  "ram_delta_kb": 1548,
  "io_write_bytes_before": 8192,
  "io_write_bytes_after": 8192,
  "io_write_bytes_delta": 0
}