{
  "type": "storage_only",
  "timestamp": "2026-04-16T07:26:57.719443Z",
  "device": {
    "model": "moto g35 5G",
    "manufacturer": "motorola",
    "board": "manila",
    "hardware": "ums9620_2h10",
    "cpu_cores": 8,
    "ram_total_kb": 3497628,
    "android_version": "14",
    "sdk_int": 34,
    "abi": "arm64-v8a"
  },
  "backend": "Valkey",
  "backend_key": "valkey",
  "readings_count": 200,
  "ingest_total_ms": 459.825922,
  "per_ingest_us": 2299.12961,
  "retrieval_latencies_us": [
    8850.424,
    7096.038,
    5534.615,
    4740.693,
    4970.615,
    4874.846,
    4061.653,
    5042.962,
    4563.73,
    3828.654
  ],
  "avg_retrieval_us": 5356.422999999999,
  "min_retrieval_us": 3828.654,
  "max_retrieval_us": 8850.424,
  "p50_retrieval_us": 4970.615,
  "p95_retrieval_us": 8850.424,
  "context_chars": 315,
  "context_tokens_est": 78,
  "synth_chars": 815,
  "synth_tokens_est": 203,
  "ram_before_kb": 164264,
  "ram_after_kb": 165640,
  "ram_delta_kb": 1376,
  "io_write_bytes_before": 4096,
  "io_write_bytes_after": 4096,
  "io_write_bytes_delta": 0
}