{
  "type": "storage_only",
  "timestamp": "2026-04-16T12:42:45.585161Z",
  "device": {
    "model": "moto g35 5G",
    "manufacturer": "motorola",
    "board": "manila",
    "hardware": "ums9620_2h10",
    "cpu_cores": 8,
    "ram_total_kb": 3497628,
    "android_version": "14",
    "sdk_int": 34,
    "abi": "arm64-v8a"
  },
  "backend": "Valkey",
  "backend_key": "valkey",
  "readings_count": 200,
  "ingest_total_ms": 466.4285,
  "per_ingest_us": 2332.1425,
  "retrieval_samples": 50,
  "retrieval_latencies_us": [
    4557.077,
    4616.0,
    4176.192,
    4251.5,
    6573.693,
    4211.616,
    3776.538,
    3997.924,
    4458.346,
    4050.231,
    4374.731,
    4666.577,
    4876.923,
    6138.115,
    4175.154,
    4075.692,
    4066.077,
    4192.616,
    4707.654,
    3999.616,
    6274.847,
    3550.885,
    5494.923,
    6482.346,
    5925.846,
    4787.462,
    6453.5,
    5027.731,
    6520.538,
    5341.077,
    7064.5,
    5846.269,
    4527.576,
    5336.038,
    3955.347,
    4415.538,
    3999.538,
    5852.77,
    4128.615,
    5063.039,
    4341.962,
    4110.654,
    4068.846,
    4099.807,
    3998.423,
    3908.615,
    3969.654,
    4287.654,
    3810.192,
    4199.538
  ],
  "avg_retrieval_us": 4735.720039999999,
  "median_retrieval_us": 4374.731,
  "min_retrieval_us": 3550.885,
  "max_retrieval_us": 7064.5,
  "p50_retrieval_us": 4374.731,
  "p95_retrieval_us": 6520.538,
  "context_chars": 315,
  "context_tokens_est": 78,
  "synth_chars": 815,
  "synth_tokens_est": 203,
  "ram_before_kb": 161708,
  "ram_after_kb": 162964,
  "ram_delta_kb": 1256,
  "io_write_bytes_before": 0,
  "io_write_bytes_after": 0,
  "io_write_bytes_delta": 0
}