{
  "type": "storage_only",
  "timestamp": "2026-04-16T12:42:22.543647Z",
  "device": {
    "model": "moto g35 5G",
    "manufacturer": "motorola",
    "board": "manila",
    "hardware": "ums9620_2h10",
    "cpu_cores": 8,
    "ram_total_kb": 3497628,
    "android_version": "14",
    "sdk_int": 34,
    "abi": "arm64-v8a"
  },
  "backend": "Valkey",
  "backend_key": "valkey",
  "readings_count": 200,
  "ingest_total_ms": 474.634692,
  "per_ingest_us": 2373.17346,
  "retrieval_samples": 50,
  "retrieval_latencies_us": [
    3979.693,
    3533.193,
    3529.692,
    4375.885,
    3697.961,
    3277.27,
    3020.923,
    3394.154,
    6266.808,
    3700.231,
    3538.385,
    3424.961,
    3155.192,
    3385.961,
    3509.269,
    3382.154,
    3658.538,
    5338.116,
    4345.077,
    4165.462,
    4045.962,
    5405.461,
    5138.769,
    3658.077,
    4537.193,
    3511.039,
    3829.308,
    4229.576,
    3511.077,
    3928.5,
    4318.577,
    3308.616,
    3822.385,
    5017.0,
    3834.577,
    3903.116,
    4482.192,
    3800.808,
    3934.731,
    4865.192,
    11148.654,
    4490.808,
    4355.962,
    4228.846,
    5734.154,
    3216.038,
    4892.769,
    3447.192,
    6133.039,
    3388.885
  ],
  "avg_retrieval_us": 4215.948560000001,
  "median_retrieval_us": 3903.116,
  "min_retrieval_us": 3020.923,
  "max_retrieval_us": 11148.654,
  "p50_retrieval_us": 3903.116,
  "p95_retrieval_us": 6133.039,
  "context_chars": 315,
  "context_tokens_est": 78,
  "synth_chars": 815,
  "synth_tokens_est": 203,
  "ram_before_kb": 161976,
  "ram_after_kb": 163488,
  "ram_delta_kb": 1512,
  "io_write_bytes_before": 0,
  "io_write_bytes_after": 0,
  "io_write_bytes_delta": 0
}