{
  "type": "storage_only",
  "timestamp": "2026-04-16T07:27:03.400498Z",
  "device": {
    "model": "moto g35 5G",
    "manufacturer": "motorola",
    "board": "manila",
    "hardware": "ums9620_2h10",
    "cpu_cores": 8,
    "ram_total_kb": 3497628,
    "android_version": "14",
    "sdk_int": 34,
    "abi": "arm64-v8a"
  },
  "backend": "Valkey",
  "backend_key": "valkey",
  "readings_count": 200,
  "ingest_total_ms": 456.616884,
  "per_ingest_us": 2283.08442,
  "retrieval_latencies_us": [
    6511.385,
    5193.192,
    6747.384,
    5354.385,
    5090.885,
    4268.269,
    4471.269,
    4214.423,
    4392.807,
    3782.923
  ],
  "avg_retrieval_us": 5002.692200000001,
  "min_retrieval_us": 3782.923,
  "max_retrieval_us": 6747.384,
  "p50_retrieval_us": 5090.885,
  "p95_retrieval_us": 6747.384,
  "context_chars": 315,
  "context_tokens_est": 78,
  "synth_chars": 815,
  "synth_tokens_est": 203,
  "ram_before_kb": 164100,
  "ram_after_kb": 165456,
  "ram_delta_kb": 1356,
  "io_write_bytes_before": 8192,
  "io_write_bytes_after": 8192,
  "io_write_bytes_delta": 0
}