{
  "type": "storage_only",
  "timestamp": "2026-04-16T13:46:23.257926Z",
  "device": {
    "model": "moto g35 5G",
    "manufacturer": "motorola",
    "board": "manila",
    "hardware": "ums9620_2h10",
    "cpu_cores": 8,
    "ram_total_kb": 3497628,
    "android_version": "14",
    "sdk_int": 34,
    "abi": "arm64-v8a"
  },
  "backend": "Valkey",
  "backend_key": "valkey",
  "readings_count": 200,
  "ingest_total_ms": 438.405308,
  "per_ingest_us": 2192.02654,
  "retrieval_samples": 50,
  "retrieval_latencies_us": [
    4275.23,
    3863.192,
    3839.653,
    3865.808,
    4424.961,
    6182.346,
    4535.423,
    5186.0,
    4256.076,
    4540.577,
    3799.154,
    3508.308,
    3449.461,
    3733.115,
    4214.346,
    4007.923,
    3973.808,
    3782.231,
    3620.5,
    4838.693,
    3919.385,
    3872.731,
    3846.769,
    4045.808,
    3526.923,
    4038.116,
    4215.692,
    4195.461,
    3920.692,
    3612.115,
    4041.231,
    3581.577,
    4532.807,
    4143.769,
    4030.77,
    4114.461,
    4046.731,
    4672.231,
    3936.231,
    6422.769,
    4199.346,
    3945.884,
    4503.885,
    3801.038,
    3980.5,
    4011.423,
    3460.423,
    2949.077,
    3031.115,
    3365.615
  ],
  "avg_retrieval_us": 4077.227599999999,
  "median_retrieval_us": 4007.923,
  "min_retrieval_us": 2949.077,
  "max_retrieval_us": 6422.769,
  "p50_retrieval_us": 4007.923,
  "p95_retrieval_us": 5186.0,
  "context_chars": 315,
  "context_tokens_est": 78,
  "synth_chars": 815,
  "synth_tokens_est": 203,
  "ram_before_kb": 162784,
  "ram_after_kb": 164024,
  "ram_delta_kb": 1240,
  "io_write_bytes_before": 8192,
  "io_write_bytes_after": 8192,
  "io_write_bytes_delta": 0
}