{
  "type": "storage_only",
  "timestamp": "2026-04-16T13:46:29.051138Z",
  "device": {
    "model": "moto g35 5G",
    "manufacturer": "motorola",
    "board": "manila",
    "hardware": "ums9620_2h10",
    "cpu_cores": 8,
    "ram_total_kb": 3497628,
    "android_version": "14",
    "sdk_int": 34,
    "abi": "arm64-v8a"
  },
  "backend": "Valkey",
  "backend_key": "valkey",
  "readings_count": 200,
  "ingest_total_ms": 460.851,
  "per_ingest_us": 2304.255,
  "retrieval_samples": 50,
  "retrieval_latencies_us": [
    6284.692,
    4903.423,
    4809.307,
    4773.731,
    4251.961,
    4387.193,
    6468.923,
    4803.5,
    4203.769,
    4422.692,
    5932.346,
    4108.385,
    5300.269,
    4602.461,
    6578.653,
    4556.961,
    4505.539,
    3968.653,
    4429.461,
    5246.462,
    5066.308,
    4602.808,
    3718.731,
    4648.308,
    4422.577,
    7127.616,
    4566.346,
    4573.307,
    4914.308,
    5270.308,
    4665.962,
    4468.385,
    4111.577,
    5973.692,
    4775.808,
    5451.77,
    4561.808,
    6140.0,
    3971.5,
    4760.193,
    4343.961,
    4005.846,
    3806.923,
    5660.231,
    4079.192,
    4136.269,
    3352.115,
    3118.846,
    2845.846,
    3459.039
  ],
  "avg_retrieval_us": 4702.759219999999,
  "median_retrieval_us": 4573.307,
  "min_retrieval_us": 2845.846,
  "max_retrieval_us": 7127.616,
  "p50_retrieval_us": 4573.307,
  "p95_retrieval_us": 6468.923,
  "context_chars": 315,
  "context_tokens_est": 78,
  "synth_chars": 815,
  "synth_tokens_est": 203,
  "ram_before_kb": 162488,
  "ram_after_kb": 163784,
  "ram_delta_kb": 1296,
  "io_write_bytes_before": 0,
  "io_write_bytes_after": 0,
  "io_write_bytes_delta": 0
}