{
  "type": "storage_only",
  "timestamp": "2026-04-16T13:46:40.495808Z",
  "device": {
    "model": "moto g35 5G",
    "manufacturer": "motorola",
    "board": "manila",
    "hardware": "ums9620_2h10",
    "cpu_cores": 8,
    "ram_total_kb": 3497628,
    "android_version": "14",
    "sdk_int": 34,
    "abi": "arm64-v8a"
  },
  "backend": "Valkey",
  "backend_key": "valkey",
  "readings_count": 200,
  "ingest_total_ms": 444.979077,
  "per_ingest_us": 2224.895385,
  "retrieval_samples": 50,
  "retrieval_latencies_us": [
    5449.539,
    3570.0,
    3672.538,
    3655.385,
    3382.307,
    3605.308,
    3684.115,
    5626.039,
    5196.885,
    3874.039,
    4824.962,
    3980.154,
    4238.577,
    7117.885,
    4246.0,
    4327.539,
    3771.346,
    3935.847,
    4363.769,
    4036.424,
    5220.231,
    3775.385,
    5488.769,
    5382.0,
    3891.461,
    4003.808,
    4103.962,
    4074.577,
    5069.616,
    4946.653,
    4433.039,
    3463.577,
    4896.308,
    5657.039,
    4650.308,
    6811.423,
    5598.192,
    6025.116,
    4785.385,
    4772.077,
    4712.923,
    4174.769,
    4851.077,
    3547.231,
    4696.038,
    3763.347,
    3161.384,
    4391.039,
    3151.462,
    4863.538
  ],
  "avg_retrieval_us": 4498.407839999999,
  "median_retrieval_us": 4363.769,
  "min_retrieval_us": 3151.462,
  "max_retrieval_us": 7117.885,
  "p50_retrieval_us": 4363.769,
  "p95_retrieval_us": 6025.116,
  "context_chars": 315,
  "context_tokens_est": 78,
  "synth_chars": 815,
  "synth_tokens_est": 203,
  "ram_before_kb": 162584,
  "ram_after_kb": 163864,
  "ram_delta_kb": 1280,
  "io_write_bytes_before": 4096,
  "io_write_bytes_after": 4096,
  "io_write_bytes_delta": 0
}