{
  "type": "storage_only",
  "timestamp": "2026-04-16T13:46:06.026649Z",
  "device": {
    "model": "moto g35 5G",
    "manufacturer": "motorola",
    "board": "manila",
    "hardware": "ums9620_2h10",
    "cpu_cores": 8,
    "ram_total_kb": 3497628,
    "android_version": "14",
    "sdk_int": 34,
    "abi": "arm64-v8a"
  },
  "backend": "Valkey",
  "backend_key": "valkey",
  "readings_count": 200,
  "ingest_total_ms": 451.204154,
  "per_ingest_us": 2256.02077,
  "retrieval_samples": 50,
  "retrieval_latencies_us": [
    4860.077,
    6654.346,
    4362.846,
    4405.077,
    4248.154,
    6432.115,
    4466.5,
    4390.885,
    4394.769,
    4208.807,
    6825.231,
    4329.192,
    4704.0,
    7056.77,
    4402.885,
    4473.462,
    6145.308,
    5405.962,
    5447.654,
    4227.269,
    5768.808,
    5562.616,
    5890.846,
    5998.846,
    5816.346,
    6346.385,
    5857.769,
    4459.654,
    4686.153,
    4327.039,
    6457.231,
    3810.769,
    6635.154,
    4383.693,
    4376.423,
    5991.231,
    4160.385,
    6036.153,
    3899.462,
    5334.462,
    4763.654,
    4143.154,
    7587.385,
    3977.808,
    4165.462,
    3932.577,
    4707.346,
    3520.116,
    3950.654,
    4391.192
  ],
  "avg_retrieval_us": 5047.601640000001,
  "median_retrieval_us": 4686.153,
  "min_retrieval_us": 3520.116,
  "max_retrieval_us": 7587.385,
  "p50_retrieval_us": 4686.153,
  "p95_retrieval_us": 6825.231,
  "context_chars": 315,
  "context_tokens_est": 78,
  "synth_chars": 815,
  "synth_tokens_est": 203,
  "ram_before_kb": 163652,
  "ram_after_kb": 165004,
  "ram_delta_kb": 1352,
  "io_write_bytes_before": 4096,
  "io_write_bytes_after": 4096,
  "io_write_bytes_delta": 0
}