{
  "type": "storage_only",
  "timestamp": "2026-04-16T13:46:52.096423Z",
  "device": {
    "model": "moto g35 5G",
    "manufacturer": "motorola",
    "board": "manila",
    "hardware": "ums9620_2h10",
    "cpu_cores": 8,
    "ram_total_kb": 3497628,
    "android_version": "14",
    "sdk_int": 34,
    "abi": "arm64-v8a"
  },
  "backend": "Valkey",
  "backend_key": "valkey",
  "readings_count": 200,
  "ingest_total_ms": 472.7695,
  "per_ingest_us": 2363.8475,
  "retrieval_samples": 50,
  "retrieval_latencies_us": [
    4066.616,
    4347.115,
    3989.923,
    4248.5,
    4237.846,
    5888.307,
    4307.461,
    5111.231,
    4450.23,
    4219.462,
    5851.385,
    5482.269,
    5964.154,
    6088.308,
    5521.27,
    5708.731,
    6071.884,
    4466.462,
    6512.769,
    5756.269,
    5979.769,
    4542.269,
    4561.616,
    4303.462,
    5852.116,
    4683.385,
    4293.5,
    4394.538,
    3877.808,
    6058.538,
    3556.654,
    3551.654,
    5611.0,
    3595.577,
    3567.192,
    5056.692,
    4082.769,
    3978.0,
    3915.038,
    3586.231,
    4282.192,
    3936.693,
    3714.885,
    4279.576,
    3862.538,
    4081.077,
    3451.038,
    2898.231,
    2893.808,
    3037.423
  ],
  "avg_retrieval_us": 4555.509220000001,
  "median_retrieval_us": 4303.462,
  "min_retrieval_us": 2893.808,
  "max_retrieval_us": 6512.769,
  "p50_retrieval_us": 4303.462,
  "p95_retrieval_us": 6071.884,
  "context_chars": 315,
  "context_tokens_est": 78,
  "synth_chars": 815,
  "synth_tokens_est": 203,
  "ram_before_kb": 162232,
  "ram_after_kb": 163432,
  "ram_delta_kb": 1200,
  "io_write_bytes_before": 0,
  "io_write_bytes_after": 0,
  "io_write_bytes_delta": 0
}