{
  "type": "storage_only",
  "timestamp": "2026-04-16T13:46:57.862909Z",
  "device": {
    "model": "moto g35 5G",
    "manufacturer": "motorola",
    "board": "manila",
    "hardware": "ums9620_2h10",
    "cpu_cores": 8,
    "ram_total_kb": 3497628,
    "android_version": "14",
    "sdk_int": 34,
    "abi": "arm64-v8a"
  },
  "backend": "Valkey",
  "backend_key": "valkey",
  "readings_count": 200,
  "ingest_total_ms": 491.928384,
  "per_ingest_us": 2459.64192,
  "retrieval_samples": 50,
  "retrieval_latencies_us": [
    4880.731,
    3966.346,
    4799.693,
    4719.116,
    3555.384,
    4277.423,
    5347.346,
    4305.0,
    4302.115,
    3714.616,
    3514.693,
    3614.269,
    5149.462,
    3702.692,
    4866.346,
    3903.269,
    4255.231,
    3990.846,
    4185.577,
    4046.423,
    4101.654,
    4125.462,
    4024.423,
    3962.615,
    3821.039,
    3921.038,
    4153.731,
    4042.539,
    3973.154,
    3809.731,
    4013.693,
    3628.0,
    4221.539,
    4050.731,
    4118.423,
    4038.73,
    3976.308,
    3780.23,
    3613.115,
    4823.0,
    3915.269,
    6074.153,
    4592.884,
    4080.115,
    4022.616,
    3664.653,
    4287.423,
    3386.885,
    4652.538,
    3553.731
  ],
  "avg_retrieval_us": 4150.52,
  "median_retrieval_us": 4042.539,
  "min_retrieval_us": 3386.885,
  "max_retrieval_us": 6074.153,
  "p50_retrieval_us": 4042.539,
  "p95_retrieval_us": 5149.462,
  "context_chars": 315,
  "context_tokens_est": 78,
  "synth_chars": 815,
  "synth_tokens_est": 203,
  "ram_before_kb": 162172,
  "ram_after_kb": 163572,
  "ram_delta_kb": 1400,
  "io_write_bytes_before": 4096,
  "io_write_bytes_after": 4096,
  "io_write_bytes_delta": 0
}