{
  "type": "storage_only",
  "timestamp": "2026-04-16T13:46:46.295099Z",
  "device": {
    "model": "moto g35 5G",
    "manufacturer": "motorola",
    "board": "manila",
    "hardware": "ums9620_2h10",
    "cpu_cores": 8,
    "ram_total_kb": 3497628,
    "android_version": "14",
    "sdk_int": 34,
    "abi": "arm64-v8a"
  },
  "backend": "Valkey",
  "backend_key": "valkey",
  "readings_count": 200,
  "ingest_total_ms": 451.914345,
  "per_ingest_us": 2259.571725,
  "retrieval_samples": 50,
  "retrieval_latencies_us": [
    4817.884,
    5067.231,
    4615.115,
    5102.693,
    6181.461,
    4524.769,
    4155.884,
    6458.308,
    4449.654,
    4722.154,
    4507.039,
    4598.0,
    3642.27,
    5015.962,
    6447.461,
    5788.692,
    5459.192,
    4838.692,
    4722.462,
    6127.27,
    4270.577,
    3845.615,
    4148.269,
    3608.192,
    4551.769,
    4044.769,
    4058.346,
    3970.692,
    3968.154,
    3955.653,
    4004.577,
    3952.308,
    3939.154,
    3993.385,
    3971.961,
    4059.385,
    3984.154,
    4034.846,
    3979.077,
    4035.616,
    3931.307,
    3776.307,
    3524.539,
    4044.346,
    3236.27,
    4362.923,
    2905.538,
    3049.5,
    3145.731,
    3499.192
  ],
  "avg_retrieval_us": 4341.8869,
  "median_retrieval_us": 4058.346,
  "min_retrieval_us": 2905.538,
  "max_retrieval_us": 6458.308,
  "p50_retrieval_us": 4058.346,
  "p95_retrieval_us": 6181.461,
  "context_chars": 315,
  "context_tokens_est": 78,
  "synth_chars": 815,
  "synth_tokens_est": 203,
  "ram_before_kb": 162252,
  "ram_after_kb": 163848,
  "ram_delta_kb": 1596,
  "io_write_bytes_before": 0,
  "io_write_bytes_after": 0,
  "io_write_bytes_delta": 0
}