{
  "type": "storage_only",
  "timestamp": "2026-04-16T13:46:11.742884Z",
  "device": {
    "model": "moto g35 5G",
    "manufacturer": "motorola",
    "board": "manila",
    "hardware": "ums9620_2h10",
    "cpu_cores": 8,
    "ram_total_kb": 3497628,
    "android_version": "14",
    "sdk_int": 34,
    "abi": "arm64-v8a"
  },
  "backend": "Valkey",
  "backend_key": "valkey",
  "readings_count": 200,
  "ingest_total_ms": 459.554115,
  "per_ingest_us": 2297.770575,
  "retrieval_samples": 50,
  "retrieval_latencies_us": [
    4730.616,
    4614.615,
    4622.423,
    5527.846,
    4802.269,
    4394.192,
    4344.73,
    4348.077,
    4205.462,
    6345.962,
    3871.115,
    4858.0,
    4627.846,
    4890.346,
    4062.615,
    5642.077,
    3801.039,
    4528.577,
    4902.769,
    4525.23,
    5860.847,
    4607.346,
    5015.308,
    6269.231,
    3956.538,
    4651.154,
    4112.577,
    3989.269,
    4224.462,
    4060.039,
    4243.308,
    4003.769,
    3797.231,
    3883.615,
    3957.5,
    4092.231,
    3987.154,
    3801.154,
    3529.615,
    4254.384,
    4205.038,
    3840.654,
    3163.116,
    2910.77,
    2896.076,
    2997.654,
    3692.346,
    3949.0,
    3512.462,
    4034.307
  ],
  "avg_retrieval_us": 4302.87922,
  "median_retrieval_us": 4205.462,
  "min_retrieval_us": 2896.076,
  "max_retrieval_us": 6345.962,
  "p50_retrieval_us": 4205.462,
  "p95_retrieval_us": 5860.847,
  "context_chars": 315,
  "context_tokens_est": 78,
  "synth_chars": 815,
  "synth_tokens_est": 203,
  "ram_before_kb": 162428,
  "ram_after_kb": 163636,
  "ram_delta_kb": 1208,
  "io_write_bytes_before": 4096,
  "io_write_bytes_after": 4096,
  "io_write_bytes_delta": 0
}