{
  "type": "storage_only",
  "timestamp": "2026-04-16T13:46:34.739522Z",
  "device": {
    "model": "moto g35 5G",
    "manufacturer": "motorola",
    "board": "manila",
    "hardware": "ums9620_2h10",
    "cpu_cores": 8,
    "ram_total_kb": 3497628,
    "android_version": "14",
    "sdk_int": 34,
    "abi": "arm64-v8a"
  },
  "backend": "Valkey",
  "backend_key": "valkey",
  "readings_count": 200,
  "ingest_total_ms": 448.620538,
  "per_ingest_us": 2243.10269,
  "retrieval_samples": 50,
  "retrieval_latencies_us": [
    5476.23,
    3707.731,
    3900.116,
    4973.924,
    4414.923,
    4611.038,
    4014.77,
    6749.654,
    4452.847,
    4429.154,
    4530.346,
    4972.769,
    5035.615,
    4471.193,
    3943.307,
    4394.615,
    4425.962,
    5194.116,
    6218.461,
    4728.962,
    5357.0,
    4769.692,
    4161.5,
    4773.115,
    4399.923,
    4051.308,
    3911.923,
    4067.77,
    4039.731,
    3985.769,
    3946.269,
    3946.385,
    3930.038,
    4564.0,
    3574.461,
    4008.462,
    3744.193,
    4050.885,
    4021.423,
    4039.231,
    3942.693,
    3736.115,
    3792.346,
    3993.038,
    4215.307,
    3672.5,
    2902.654,
    2824.846,
    2866.962,
    3083.654
  ],
  "avg_retrieval_us": 4260.378520000001,
  "median_retrieval_us": 4051.308,
  "min_retrieval_us": 2824.846,
  "max_retrieval_us": 6749.654,
  "p50_retrieval_us": 4051.308,
  "p95_retrieval_us": 5476.23,
  "context_chars": 315,
  "context_tokens_est": 78,
  "synth_chars": 815,
  "synth_tokens_est": 203,
  "ram_before_kb": 162608,
  "ram_after_kb": 163832,
  "ram_delta_kb": 1224,
  "io_write_bytes_before": 0,
  "io_write_bytes_after": 0,
  "io_write_bytes_delta": 0
}