{
  "type": "storage_only",
  "timestamp": "2026-04-16T13:46:17.490641Z",
  "device": {
    "model": "moto g35 5G",
    "manufacturer": "motorola",
    "board": "manila",
    "hardware": "ums9620_2h10",
    "cpu_cores": 8,
    "ram_total_kb": 3497628,
    "android_version": "14",
    "sdk_int": 34,
    "abi": "arm64-v8a"
  },
  "backend": "Valkey",
  "backend_key": "valkey",
  "readings_count": 200,
  "ingest_total_ms": 444.273462,
  "per_ingest_us": 2221.36731,
  "retrieval_samples": 50,
  "retrieval_latencies_us": [
    3825.423,
    3247.346,
    3388.539,
    3844.539,
    4847.269,
    5145.615,
    5787.269,
    4425.923,
    4114.231,
    3724.615,
    4795.423,
    3927.385,
    4279.153,
    4144.615,
    4034.346,
    3801.577,
    3526.116,
    3530.653,
    3681.308,
    5958.616,
    4510.038,
    6041.231,
    3735.73,
    4787.923,
    4042.192,
    4318.307,
    3863.616,
    3636.692,
    4430.807,
    3890.962,
    3934.115,
    3493.116,
    3523.116,
    3730.308,
    6424.269,
    5220.847,
    5682.615,
    5012.577,
    5001.885,
    5143.154,
    5662.231,
    3552.346,
    3733.462,
    3616.692,
    3877.616,
    4314.192,
    3638.384,
    4019.654,
    3709.961,
    3905.116
  ],
  "avg_retrieval_us": 4289.6623,
  "median_retrieval_us": 4019.654,
  "min_retrieval_us": 3247.346,
  "max_retrieval_us": 6424.269,
  "p50_retrieval_us": 4019.654,
  "p95_retrieval_us": 5958.616,
  "context_chars": 315,
  "context_tokens_est": 78,
  "synth_chars": 815,
  "synth_tokens_est": 203,
  "ram_before_kb": 162560,
  "ram_after_kb": 164040,
  "ram_delta_kb": 1480,
  "io_write_bytes_before": 4096,
  "io_write_bytes_after": 4096,
  "io_write_bytes_delta": 0
}