{
  "type": "storage_only",
  "timestamp": "2026-04-16T13:49:58.270088Z",
  "device": {
    "model": "moto g35 5G",
    "manufacturer": "motorola",
    "board": "manila",
    "hardware": "ums9620_2h10",
    "cpu_cores": 8,
    "ram_total_kb": 3497628,
    "android_version": "14",
    "sdk_int": 34,
    "abi": "arm64-v8a"
  },
  "backend": "Valkey-HFE",
  "backend_key": "valkey-hfe",
  "readings_count": 200,
  "ingest_total_ms": 494.525153,
  "per_ingest_us": 2472.625765,
  "retrieval_samples": 50,
  "retrieval_latencies_us": [
    6351.154,
    3720.538,
    5553.846,
    4751.0,
    4274.23,
    4325.693,
    3911.961,
    5367.962,
    3579.346,
    3638.154,
    4880.731,
    3721.153,
    3964.192,
    3861.654,
    4573.577,
    4298.269,
    4175.077,
    4806.077,
    4520.654,
    6228.807,
    4238.462,
    4328.115,
    7050.231,
    4276.462,
    4464.308,
    3975.538,
    3959.154,
    4148.346,
    5245.538,
    5836.693,
    3502.0,
    4729.154,
    4051.154,
    3831.885,
    3189.885,
    3699.308,
    4570.924,
    3331.461,
    3261.961,
    5108.923,
    4059.462,
    3913.654,
    4092.115,
    4112.038,
    3722.0,
    4322.385,
    3520.807,
    3942.577,
    4637.77,
    3563.0
  ],
  "avg_retrieval_us": 4343.787700000002,
  "median_retrieval_us": 4175.077,
  "min_retrieval_us": 3189.885,
  "max_retrieval_us": 7050.231,
  "p50_retrieval_us": 4175.077,
  "p95_retrieval_us": 6228.807,
  "context_chars": 315,
  "context_tokens_est": 78,
  "synth_chars": 835,
  "synth_tokens_est": 208,
  "ram_before_kb": 161352,
  "ram_after_kb": 162808,
  "ram_delta_kb": 1456,
  "io_write_bytes_before": 0,
  "io_write_bytes_after": 0,
  "io_write_bytes_delta": 0
}