{
  "type": "storage_only",
  "timestamp": "2026-04-16T13:50:15.965694Z",
  "device": {
    "model": "moto g35 5G",
    "manufacturer": "motorola",
    "board": "manila",
    "hardware": "ums9620_2h10",
    "cpu_cores": 8,
    "ram_total_kb": 3497628,
    "android_version": "14",
    "sdk_int": 34,
    "abi": "arm64-v8a"
  },
  "backend": "Valkey-HFE",
  "backend_key": "valkey-hfe",
  "readings_count": 200,
  "ingest_total_ms": 457.210922,
  "per_ingest_us": 2286.05461,
  "retrieval_samples": 50,
  "retrieval_latencies_us": [
    4202.807,
    3654.423,
    3696.384,
    4147.539,
    4827.654,
    4527.5,
    5172.654,
    5036.808,
    4688.962,
    4447.615,
    4307.269,
    6614.423,
    5230.462,
    4879.346,
    4381.654,
    6142.577,
    6015.577,
    4822.192,
    4353.846,
    4719.462,
    6336.384,
    4699.115,
    4781.692,
    4386.538,
    6776.269,
    4265.424,
    4216.462,
    4441.731,
    6074.231,
    4530.0,
    4283.577,
    5058.731,
    4984.077,
    3345.5,
    3129.653,
    3009.269,
    3059.192,
    3009.153,
    4377.962,
    4863.616,
    5067.924,
    3548.231,
    4704.616,
    4150.616,
    4557.731,
    3514.384,
    3572.192,
    3860.923,
    3677.808,
    3856.808
  ],
  "avg_retrieval_us": 4520.179260000001,
  "median_retrieval_us": 4447.615,
  "min_retrieval_us": 3009.153,
  "max_retrieval_us": 6776.269,
  "p50_retrieval_us": 4447.615,
  "p95_retrieval_us": 6336.384,
  "context_chars": 315,
  "context_tokens_est": 78,
  "synth_chars": 835,
  "synth_tokens_est": 208,
  "ram_before_kb": 161612,
  "ram_after_kb": 162964,
  "ram_delta_kb": 1352,
  "io_write_bytes_before": 4096,
  "io_write_bytes_after": 4096,
  "io_write_bytes_delta": 0
}