{
  "type": "storage_only",
  "timestamp": "2026-04-16T13:50:45.524838Z",
  "device": {
    "model": "moto g35 5G",
    "manufacturer": "motorola",
    "board": "manila",
    "hardware": "ums9620_2h10",
    "cpu_cores": 8,
    "ram_total_kb": 3497628,
    "android_version": "14",
    "sdk_int": 34,
    "abi": "arm64-v8a"
  },
  "backend": "Valkey-HFE",
  "backend_key": "valkey-hfe",
  "readings_count": 200,
  "ingest_total_ms": 458.155615,
  "per_ingest_us": 2290.778075,
  "retrieval_samples": 50,
  "retrieval_latencies_us": [
    5131.577,
    4461.039,
    4355.807,
    4967.5,
    4495.731,
    4435.231,
    5882.461,
    4241.961,
    5171.538,
    5229.077,
    4460.616,
    5831.923,
    5616.5,
    3994.577,
    6375.962,
    3848.385,
    3545.885,
    4262.115,
    3351.654,
    4264.731,
    5043.115,
    4290.807,
    4867.116,
    4469.885,
    6163.577,
    4995.308,
    4985.769,
    6204.231,
    4704.846,
    4793.154,
    4526.654,
    4129.654,
    3688.462,
    5190.039,
    4328.615,
    3302.308,
    4221.616,
    3307.077,
    4820.807,
    3414.193,
    4830.692,
    3469.846,
    4643.846,
    4255.077,
    3643.807,
    3806.654,
    3342.308,
    4661.116,
    3646.384,
    3405.039
  ],
  "avg_retrieval_us": 4501.5254399999985,
  "median_retrieval_us": 4461.039,
  "min_retrieval_us": 3302.308,
  "max_retrieval_us": 6375.962,
  "p50_retrieval_us": 4461.039,
  "p95_retrieval_us": 6163.577,
  "context_chars": 315,
  "context_tokens_est": 78,
  "synth_chars": 835,
  "synth_tokens_est": 208,
  "ram_before_kb": 161356,
  "ram_after_kb": 162740,
  "ram_delta_kb": 1384,
  "io_write_bytes_before": 0,
  "io_write_bytes_after": 0,
  "io_write_bytes_delta": 0
}