{
  "type": "storage_only",
  "timestamp": "2026-04-16T13:50:39.409843Z",
  "device": {
    "model": "moto g35 5G",
    "manufacturer": "motorola",
    "board": "manila",
    "hardware": "ums9620_2h10",
    "cpu_cores": 8,
    "ram_total_kb": 3497628,
    "android_version": "14",
    "sdk_int": 34,
    "abi": "arm64-v8a"
  },
  "backend": "Valkey-HFE",
  "backend_key": "valkey-hfe",
  "readings_count": 200,
  "ingest_total_ms": 446.812269,
  "per_ingest_us": 2234.061345,
  "retrieval_samples": 50,
  "retrieval_latencies_us": [
    4654.884,
    7257.308,
    4356.846,
    4506.153,
    4106.115,
    4450.346,
    3311.577,
    5663.23,
    3586.731,
    5300.231,
    3700.461,
    4572.923,
    5103.269,
    5191.23,
    5265.846,
    4073.462,
    4766.0,
    3990.116,
    3721.616,
    3594.846,
    3739.269,
    4524.847,
    3561.077,
    4538.0,
    4204.384,
    4496.924,
    4383.884,
    6019.193,
    4899.808,
    5135.346,
    4509.769,
    5548.039,
    4790.115,
    3910.692,
    3613.577,
    3004.423,
    3105.692,
    2962.192,
    3492.346,
    3769.5,
    3841.423,
    3714.693,
    3215.307,
    3234.154,
    3085.27,
    3052.77,
    3172.5,
    3881.347,
    3759.231,
    3989.193
  ],
  "avg_retrieval_us": 4206.5631,
  "median_retrieval_us": 4073.462,
  "min_retrieval_us": 2962.192,
  "max_retrieval_us": 7257.308,
  "p50_retrieval_us": 4073.462,
  "p95_retrieval_us": 5663.23,
  "context_chars": 315,
  "context_tokens_est": 78,
  "synth_chars": 835,
  "synth_tokens_est": 208,
  "ram_before_kb": 161524,
  "ram_after_kb": 162820,
  "ram_delta_kb": 1296,
  "io_write_bytes_before": 4096,
  "io_write_bytes_after": 4096,
  "io_write_bytes_delta": 0
}