{
  "type": "storage_only",
  "timestamp": "2026-04-16T13:50:10.081431Z",
  "device": {
    "model": "moto g35 5G",
    "manufacturer": "motorola",
    "board": "manila",
    "hardware": "ums9620_2h10",
    "cpu_cores": 8,
    "ram_total_kb": 3497628,
    "android_version": "14",
    "sdk_int": 34,
    "abi": "arm64-v8a"
  },
  "backend": "Valkey-HFE",
  "backend_key": "valkey-hfe",
  "readings_count": 200,
  "ingest_total_ms": 463.677423,
  "per_ingest_us": 2318.387115,
  "retrieval_samples": 50,
  "retrieval_latencies_us": [
    5164.039,
    3848.5,
    5223.462,
    4054.846,
    3930.27,
    4384.654,
    4280.808,
    3814.346,
    4407.5,
    6036.461,
    3799.385,
    5658.154,
    3904.077,
    4537.692,
    6849.154,
    4343.539,
    4114.731,
    4518.462,
    6906.423,
    4482.269,
    6221.846,
    6904.962,
    6682.115,
    5263.616,
    5255.5,
    5252.308,
    4608.962,
    4309.808,
    6766.77,
    3766.193,
    4429.769,
    3975.347,
    3982.577,
    3939.654,
    3929.654,
    3760.423,
    3793.884,
    3965.769,
    3452.731,
    4539.154,
    3398.462,
    4290.73,
    4298.038,
    4050.731,
    3686.539,
    4036.385,
    3382.308,
    4873.27,
    3545.693,
    4509.615
  ],
  "avg_retrieval_us": 4582.631700000001,
  "median_retrieval_us": 4309.808,
  "min_retrieval_us": 3382.308,
  "max_retrieval_us": 6906.423,
  "p50_retrieval_us": 4309.808,
  "p95_retrieval_us": 6849.154,
  "context_chars": 315,
  "context_tokens_est": 78,
  "synth_chars": 835,
  "synth_tokens_est": 208,
  "ram_before_kb": 161604,
  "ram_after_kb": 163208,
  "ram_delta_kb": 1604,
  "io_write_bytes_before": 8192,
  "io_write_bytes_after": 8192,
  "io_write_bytes_delta": 0
}