{
  "type": "storage_only",
  "timestamp": "2026-04-16T13:50:33.617388Z",
  "device": {
    "model": "moto g35 5G",
    "manufacturer": "motorola",
    "board": "manila",
    "hardware": "ums9620_2h10",
    "cpu_cores": 8,
    "ram_total_kb": 3497628,
    "android_version": "14",
    "sdk_int": 34,
    "abi": "arm64-v8a"
  },
  "backend": "Valkey-HFE",
  "backend_key": "valkey-hfe",
  "readings_count": 200,
  "ingest_total_ms": 491.523076,
  "per_ingest_us": 2457.61538,
  "retrieval_samples": 50,
  "retrieval_latencies_us": [
    4989.423,
    4193.693,
    5034.461,
    6584.115,
    4728.0,
    4739.461,
    5221.308,
    5489.769,
    4348.5,
    7071.807,
    4048.347,
    4142.039,
    3617.077,
    3576.5,
    4531.731,
    4092.269,
    4557.269,
    4246.538,
    7078.308,
    4115.308,
    4338.385,
    4049.077,
    4024.923,
    3824.538,
    3612.116,
    4243.115,
    3946.462,
    4219.769,
    3834.846,
    3601.346,
    4043.654,
    3714.538,
    4162.153,
    3393.462,
    3653.577,
    4604.5,
    3635.385,
    4743.193,
    3866.538,
    3961.0,
    4118.116,
    3763.807,
    4411.769,
    3917.808,
    3782.846,
    3615.807,
    3402.308,
    4627.731,
    3669.116,
    3621.539
  ],
  "avg_retrieval_us": 4296.18694,
  "median_retrieval_us": 4115.308,
  "min_retrieval_us": 3393.462,
  "max_retrieval_us": 7078.308,
  "p50_retrieval_us": 4115.308,
  "p95_retrieval_us": 6584.115,
  "context_chars": 315,
  "context_tokens_est": 78,
  "synth_chars": 835,
  "synth_tokens_est": 208,
  "ram_before_kb": 161352,
  "ram_after_kb": 162692,
  "ram_delta_kb": 1340,
  "io_write_bytes_before": 4096,
  "io_write_bytes_after": 4096,
  "io_write_bytes_delta": 0
}