{
  "type": "storage_only",
  "timestamp": "2026-04-16T13:50:04.110933Z",
  "device": {
    "model": "moto g35 5G",
    "manufacturer": "motorola",
    "board": "manila",
    "hardware": "ums9620_2h10",
    "cpu_cores": 8,
    "ram_total_kb": 3497628,
    "android_version": "14",
    "sdk_int": 34,
    "abi": "arm64-v8a"
  },
  "backend": "Valkey-HFE",
  "backend_key": "valkey-hfe",
  "readings_count": 200,
  "ingest_total_ms": 464.713499,
  "per_ingest_us": 2323.567495,
  "retrieval_samples": 50,
  "retrieval_latencies_us": [
    7193.115,
    3674.193,
    4967.23,
    4423.385,
    3966.0,
    6144.692,
    4248.962,
    5184.885,
    4182.423,
    5735.384,
    6969.846,
    5557.462,
    5026.116,
    4607.961,
    5831.731,
    4567.923,
    5080.077,
    4416.192,
    7174.654,
    4198.423,
    4681.654,
    6766.807,
    6159.0,
    6681.192,
    4667.538,
    7044.269,
    5220.462,
    5470.115,
    5009.5,
    4237.731,
    4409.115,
    4149.961,
    6646.116,
    3940.5,
    3821.846,
    4276.885,
    4127.231,
    4576.423,
    4161.807,
    4172.116,
    5383.539,
    3954.269,
    5674.038,
    4549.346,
    3770.193,
    3846.231,
    4197.654,
    4100.885,
    3906.423,
    4078.769
  ],
  "avg_retrieval_us": 4936.64538,
  "median_retrieval_us": 4576.423,
  "min_retrieval_us": 3674.193,
  "max_retrieval_us": 7193.115,
  "p50_retrieval_us": 4576.423,
  "p95_retrieval_us": 7044.269,
  "context_chars": 315,
  "context_tokens_est": 78,
  "synth_chars": 835,
  "synth_tokens_est": 208,
  "ram_before_kb": 161500,
  "ram_after_kb": 162712,
  "ram_delta_kb": 1212,
  "io_write_bytes_before": 4096,
  "io_write_bytes_after": 4096,
  "io_write_bytes_delta": 0
}