{
  "type": "storage_only",
  "timestamp": "2026-04-16T13:50:51.500865Z",
  "device": {
    "model": "moto g35 5G",
    "manufacturer": "motorola",
    "board": "manila",
    "hardware": "ums9620_2h10",
    "cpu_cores": 8,
    "ram_total_kb": 3497628,
    "android_version": "14",
    "sdk_int": 34,
    "abi": "arm64-v8a"
  },
  "backend": "Valkey-HFE",
  "backend_key": "valkey-hfe",
  "readings_count": 200,
  "ingest_total_ms": 454.710077,
  "per_ingest_us": 2273.550385,
  "retrieval_samples": 50,
  "retrieval_latencies_us": [
    4238.923,
    6705.115,
    4195.269,
    4155.077,
    4306.616,
    4100.192,
    4008.615,
    3994.115,
    3997.539,
    4028.654,
    4021.423,
    3997.885,
    4369.615,
    6771.884,
    4161.923,
    5550.73,
    3985.269,
    6154.116,
    3971.269,
    4365.769,
    4088.807,
    4514.884,
    6955.923,
    5788.231,
    5120.153,
    5824.846,
    4472.615,
    4726.269,
    5887.615,
    3418.962,
    3267.077,
    3135.885,
    3921.231,
    3950.5,
    3574.769,
    3261.808,
    3406.847,
    4326.5,
    3822.577,
    4840.692,
    7477.423,
    5431.692,
    4961.769,
    5565.962,
    4737.693,
    4078.0,
    4387.116,
    3479.077,
    4386.615,
    3712.0
  ],
  "avg_retrieval_us": 4552.070720000001,
  "median_retrieval_us": 4238.923,
  "min_retrieval_us": 3135.885,
  "max_retrieval_us": 7477.423,
  "p50_retrieval_us": 4238.923,
  "p95_retrieval_us": 6771.884,
  "context_chars": 315,
  "context_tokens_est": 78,
  "synth_chars": 835,
  "synth_tokens_est": 208,
  "ram_before_kb": 162044,
  "ram_after_kb": 163388,
  "ram_delta_kb": 1344,
  "io_write_bytes_before": 4096,
  "io_write_bytes_after": 4096,
  "io_write_bytes_delta": 0
}