{
  "type": "storage_only",
  "timestamp": "2026-04-16T13:50:27.722708Z",
  "device": {
    "model": "moto g35 5G",
    "manufacturer": "motorola",
    "board": "manila",
    "hardware": "ums9620_2h10",
    "cpu_cores": 8,
    "ram_total_kb": 3497628,
    "android_version": "14",
    "sdk_int": 34,
    "abi": "arm64-v8a"
  },
  "backend": "Valkey-HFE",
  "backend_key": "valkey-hfe",
  "readings_count": 200,
  "ingest_total_ms": 439.641808,
  "per_ingest_us": 2198.20904,
  "retrieval_samples": 50,
  "retrieval_latencies_us": [
    5510.23,
    5431.153,
    5328.0,
    5401.769,
    5030.5,
    5770.077,
    5274.923,
    5020.115,
    4470.192,
    5887.577,
    4417.577,
    4396.769,
    4322.884,
    6008.923,
    4961.654,
    6165.692,
    4767.038,
    5160.731,
    4564.077,
    5385.885,
    4300.73,
    5772.923,
    4064.577,
    4576.884,
    4997.538,
    4650.077,
    6081.615,
    5355.077,
    6364.962,
    5460.193,
    6466.846,
    5441.192,
    6532.346,
    4414.462,
    4331.116,
    5177.23,
    4175.731,
    5251.539,
    4290.192,
    4145.885,
    4040.5,
    4180.961,
    4246.77,
    4253.731,
    4283.769,
    5856.731,
    3986.923,
    4757.5,
    4306.654,
    4000.077
  ],
  "avg_retrieval_us": 4980.80994,
  "median_retrieval_us": 4997.538,
  "min_retrieval_us": 3986.923,
  "max_retrieval_us": 6532.346,
  "p50_retrieval_us": 4997.538,
  "p95_retrieval_us": 6364.962,
  "context_chars": 315,
  "context_tokens_est": 78,
  "synth_chars": 835,
  "synth_tokens_est": 208,
  "ram_before_kb": 161704,
  "ram_after_kb": 162836,
  "ram_delta_kb": 1132,
  "io_write_bytes_before": 4096,
  "io_write_bytes_after": 4096,
  "io_write_bytes_delta": 0
}