{
  "type": "storage_only",
  "timestamp": "2026-04-16T13:50:21.807924Z",
  "device": {
    "model": "moto g35 5G",
    "manufacturer": "motorola",
    "board": "manila",
    "hardware": "ums9620_2h10",
    "cpu_cores": 8,
    "ram_total_kb": 3497628,
    "android_version": "14",
    "sdk_int": 34,
    "abi": "arm64-v8a"
  },
  "backend": "Valkey-HFE",
  "backend_key": "valkey-hfe",
  "readings_count": 200,
  "ingest_total_ms": 464.847769,
  "per_ingest_us": 2324.238845,
  "retrieval_samples": 50,
  "retrieval_latencies_us": [
    4027.038,
    4060.73,
    4645.385,
    4749.269,
    4794.346,
    4637.346,
    4749.962,
    4219.423,
    5120.193,
    6994.077,
    4896.461,
    4588.539,
    5299.577,
    4770.077,
    4461.269,
    6064.039,
    4179.308,
    5345.769,
    4435.577,
    4329.5,
    3648.884,
    6486.5,
    3591.577,
    4362.577,
    4218.808,
    4399.77,
    4192.0,
    4017.193,
    3989.115,
    3764.077,
    3773.693,
    3494.154,
    4429.231,
    4000.423,
    3649.616,
    4191.423,
    3148.769,
    3029.692,
    4332.692,
    3779.615,
    5027.23,
    4071.077,
    3445.538,
    3523.038,
    4749.308,
    2883.115,
    2785.231,
    3229.077,
    3862.731,
    3615.654
  ],
  "avg_retrieval_us": 4281.193860000001,
  "median_retrieval_us": 4218.808,
  "min_retrieval_us": 2785.231,
  "max_retrieval_us": 6994.077,
  "p50_retrieval_us": 4218.808,
  "p95_retrieval_us": 6064.039,
  "context_chars": 315,
  "context_tokens_est": 78,
  "synth_chars": 835,
  "synth_tokens_est": 208,
  "ram_before_kb": 161452,
  "ram_after_kb": 162852,
  "ram_delta_kb": 1400,
  "io_write_bytes_before": 4096,
  "io_write_bytes_after": 4096,
  "io_write_bytes_delta": 0
}