{
  "avg_retrieval_us" : 27.60753999999999,
  "backend" : "SQLite-Precompute",
  "backend_key" : "sqlite-precompute",
  "backend_size_after_bytes" : 180856,
  "backend_size_before_bytes" : 123176,
  "backend_size_breakdown_after_bytes" : {

  },
  "backend_size_breakdown_before_bytes" : {

  },
  "backend_size_breakdown_delta_bytes" : {

  },
  "backend_size_delta_bytes" : 57680,
  "backend_size_method" : "sqlite:db_file_size",
  "context_chars" : 257,
  "context_tokens_est" : 64,
  "dataset_name" : "dataset_iot_baseline",
  "device" : {
    "active_cpu_cores" : 6,
    "cpu_cores" : 6,
    "model" : "iPhone",
    "name" : "iPhone",
    "platform" : "iOS",
    "ram_total_bytes" : 5994528768,
    "systemName" : "iOS",
    "systemVersion" : "26.3"
  },
  "ingest_total_ms" : 63.419665999999999,
  "max_retrieval_us" : 30.832999999999998,
  "median_retrieval_us" : 29.582999999999998,
  "min_retrieval_us" : 22.042000000000002,
  "p50_retrieval_us" : 29.582999999999998,
  "p95_retrieval_us" : 30.375,
  "per_ingest_us" : 317.09832999999998,
  "ram_after_phys_bytes" : 6325632,
  "ram_after_phys_kb" : 6177,
  "ram_after_resident_bytes" : 17514496,
  "ram_after_resident_kb" : 17104,
  "ram_before_phys_bytes" : 5866880,
  "ram_before_phys_kb" : 5729,
  "ram_before_resident_bytes" : 16957440,
  "ram_before_resident_kb" : 16560,
  "ram_delta_phys_bytes" : 458752,
  "ram_delta_phys_kb" : 448,
  "ram_delta_resident_bytes" : 557056,
  "ram_delta_resident_kb" : 544,
  "ram_metric" : "phys_footprint",
  "readings_count" : 200,
  "retrieval_latencies_us" : [
    30.832999999999998,
    30.417000000000002,
    30,
    30.375,
    29.791,
    30.25,
    29.625,
    29.667000000000002,
    29.582999999999998,
    29.625,
    29.582999999999998,
    29.707999999999998,
    29.542000000000002,
    29.791,
    29.459,
    29.875,
    29.292000000000002,
    29.582999999999998,
    29.457999999999998,
    29.459,
    29.791,
    29.582999999999998,
    29.375,
    29.625,
    29.292000000000002,
    29.917000000000002,
    29.707999999999998,
    29.582999999999998,
    29.707999999999998,
    29.334,
    29.834,
    29.584,
    29.417000000000002,
    29.625,
    29.25,
    29.917000000000002,
    22.207999999999998,
    22.5,
    22.167000000000002,
    22.207999999999998,
    22.292000000000002,
    22.292000000000002,
    22.125,
    22.125,
    22.166,
    22.292000000000002,
    22.125,
    22.209,
    22.042000000000002,
    22.167000000000002
  ],
  "retrieval_samples" : 50,
  "synth_chars" : 815,
  "synth_tokens_est" : 203,
  "timestamp" : "2026-04-28T04:28:21Z",
  "type" : "storage_only"
}