{
  "avg_retrieval_us" : 32.559179999999991,
  "backend" : "SQLite-Precompute",
  "backend_key" : "sqlite-precompute",
  "backend_size_after_bytes" : 246776,
  "backend_size_before_bytes" : 148136,
  "backend_size_breakdown_after_bytes" : {

  },
  "backend_size_breakdown_before_bytes" : {

  },
  "backend_size_breakdown_delta_bytes" : {

  },
  "backend_size_delta_bytes" : 98640,
  "backend_size_method" : "sqlite:db_file_size",
  "context_chars" : 257,
  "context_tokens_est" : 64,
  "dataset_name" : "dataset_iot_baseline",
  "device" : {
    "active_cpu_cores" : 6,
    "cpu_cores" : 6,
    "model" : "iPhone",
    "name" : "iPhone",
    "platform" : "iOS",
    "ram_total_bytes" : 5994528768,
    "systemName" : "iOS",
    "systemVersion" : "26.3"
  },
  "ingest_total_ms" : 72.350499999999997,
  "max_retrieval_us" : 52.917000000000002,
  "median_retrieval_us" : 29.791,
  "min_retrieval_us" : 29.125,
  "p50_retrieval_us" : 29.791,
  "p95_retrieval_us" : 52,
  "per_ingest_us" : 361.7525,
  "ram_after_phys_bytes" : 6424000,
  "ram_after_phys_kb" : 6273,
  "ram_after_resident_bytes" : 23445504,
  "ram_after_resident_kb" : 22896,
  "ram_before_phys_bytes" : 5965248,
  "ram_before_phys_kb" : 5825,
  "ram_before_resident_bytes" : 22888448,
  "ram_before_resident_kb" : 22352,
  "ram_delta_phys_bytes" : 458752,
  "ram_delta_phys_kb" : 448,
  "ram_delta_resident_bytes" : 557056,
  "ram_delta_resident_kb" : 544,
  "ram_metric" : "phys_footprint",
  "readings_count" : 200,
  "retrieval_latencies_us" : [
    31,
    29.792000000000002,
    29.707999999999998,
    29.791,
    29.666,
    52,
    31.084,
    29.834,
    29.582999999999998,
    30.042000000000002,
    29.957999999999998,
    29.707999999999998,
    29.166,
    52.917000000000002,
    31.082999999999998,
    30.166,
    29.791,
    29.832999999999998,
    29.75,
    29.125,
    29.917000000000002,
    29.416,
    52.167000000000002,
    29.917000000000002,
    29.916,
    29.75,
    29.709,
    29.209,
    29.459,
    29.709,
    47.25,
    30.709,
    29.542000000000002,
    42.915999999999997,
    30.167000000000002,
    29.75,
    29.584,
    29.625,
    51.790999999999997,
    30.417000000000002,
    29.582999999999998,
    29.667000000000002,
    29.292000000000002,
    29.5,
    29.417000000000002,
    29.542000000000002,
    29.5,
    46.875,
    29.875,
    29.791
  ],
  "retrieval_samples" : 50,
  "synth_chars" : 815,
  "synth_tokens_est" : 203,
  "timestamp" : "2026-04-28T04:27:54Z",
  "type" : "storage_only"
}