{
  "avg_retrieval_us" : 22.396679999999996,
  "backend" : "SQLite-Precompute",
  "backend_key" : "sqlite-precompute",
  "backend_size_after_bytes" : 180856,
  "backend_size_before_bytes" : 123176,
  "backend_size_breakdown_after_bytes" : {

  },
  "backend_size_breakdown_before_bytes" : {

  },
  "backend_size_breakdown_delta_bytes" : {

  },
  "backend_size_delta_bytes" : 57680,
  "backend_size_method" : "sqlite:db_file_size",
  "context_chars" : 257,
  "context_tokens_est" : 64,
  "dataset_name" : "dataset_iot_baseline",
  "device" : {
    "active_cpu_cores" : 6,
    "cpu_cores" : 6,
    "model" : "iPhone",
    "name" : "iPhone",
    "platform" : "iOS",
    "ram_total_bytes" : 5994528768,
    "systemName" : "iOS",
    "systemVersion" : "26.3"
  },
  "ingest_total_ms" : 62.929167,
  "max_retrieval_us" : 23.25,
  "median_retrieval_us" : 22.375,
  "min_retrieval_us" : 22,
  "p50_retrieval_us" : 22.375,
  "p95_retrieval_us" : 22.792000000000002,
  "per_ingest_us" : 314.64583499999998,
  "ram_after_phys_bytes" : 6292928,
  "ram_after_phys_kb" : 6145,
  "ram_after_resident_bytes" : 17465344,
  "ram_after_resident_kb" : 17056,
  "ram_before_phys_bytes" : 5850560,
  "ram_before_phys_kb" : 5713,
  "ram_before_resident_bytes" : 16924672,
  "ram_before_resident_kb" : 16528,
  "ram_delta_phys_bytes" : 442368,
  "ram_delta_phys_kb" : 432,
  "ram_delta_resident_bytes" : 540672,
  "ram_delta_resident_kb" : 528,
  "ram_metric" : "phys_footprint",
  "readings_count" : 200,
  "retrieval_latencies_us" : [
    23.25,
    22.875,
    22.792000000000002,
    22.541,
    22.417000000000002,
    22.75,
    22.375,
    22.416,
    22.5,
    22.207999999999998,
    22.707999999999998,
    22.375,
    22.667000000000002,
    22.292000000000002,
    22.25,
    22.25,
    22.459,
    22.5,
    22.25,
    22.375,
    22.457999999999998,
    22.417000000000002,
    22.334,
    22.292000000000002,
    22.082999999999998,
    22.582999999999998,
    22.167000000000002,
    22.584,
    22.332999999999998,
    22.291,
    22.332999999999998,
    22.417000000000002,
    22.209,
    22.207999999999998,
    22.291,
    22.459,
    22.25,
    22.375,
    22.25,
    22,
    22.5,
    22.25,
    22.5,
    22.209,
    22.375,
    22.375,
    22.416,
    22.207999999999998,
    22.292000000000002,
    22.125
  ],
  "retrieval_samples" : 50,
  "synth_chars" : 815,
  "synth_tokens_est" : 203,
  "timestamp" : "2026-04-28T04:28:48Z",
  "type" : "storage_only"
}