{
  "avg_retrieval_us" : 425.86792000000008,
  "backend" : "Dazzle",
  "backend_key" : "sqlite-optimized",
  "backend_size_after_bytes" : 292616,
  "backend_size_before_bytes" : 135616,
  "backend_size_breakdown_after_bytes" : {
    "used_memory" : 1386320,
    "used_memory_dataset" : 292616,
    "used_memory_overhead" : 1093704,
    "used_memory_peak" : 1390976,
    "used_memory_rss" : 1386080
  },
  "backend_size_breakdown_before_bytes" : {
    "used_memory" : 1253808,
    "used_memory_dataset" : 160304,
    "used_memory_overhead" : 1093504,
    "used_memory_peak" : 1253808,
    "used_memory_rss" : 1228880
  },
  "backend_size_breakdown_delta_bytes" : {
    "used_memory" : 132512,
    "used_memory_dataset" : 132312,
    "used_memory_overhead" : 200,
    "used_memory_peak" : 137168,
    "used_memory_rss" : 157200
  },
  "backend_size_delta_bytes" : 157000,
  "backend_size_method" : "valkey:used_memory_dataset",
  "context_chars" : 315,
  "context_tokens_est" : 78,
  "device" : {
    "active_cpu_cores" : 6,
    "cpu_cores" : 6,
    "model" : "iPhone",
    "name" : "iPhone",
    "platform" : "iOS",
    "ram_total_bytes" : 5994528768,
    "systemName" : "iOS",
    "systemVersion" : "26.3"
  },
  "ingest_total_ms" : 70.20675,
  "max_retrieval_us" : 806.45899999999995,
  "median_retrieval_us" : 369.29199999999997,
  "min_retrieval_us" : 277.75,
  "p50_retrieval_us" : 369.29199999999997,
  "p95_retrieval_us" : 728,
  "per_ingest_us" : 175.516875,
  "ram_after_phys_bytes" : 6555008,
  "ram_after_phys_kb" : 6401,
  "ram_after_resident_bytes" : 18530304,
  "ram_after_resident_kb" : 18096,
  "ram_before_phys_bytes" : 5866880,
  "ram_before_phys_kb" : 5729,
  "ram_before_resident_bytes" : 17645568,
  "ram_before_resident_kb" : 17232,
  "ram_delta_phys_bytes" : 688128,
  "ram_delta_phys_kb" : 672,
  "ram_delta_resident_bytes" : 884736,
  "ram_delta_resident_kb" : 864,
  "ram_metric" : "phys_footprint",
  "readings_count" : 400,
  "retrieval_latencies_us" : [
    685.79200000000003,
    678.04200000000003,
    728,
    796.79100000000005,
    731.83399999999995,
    725.75,
    806.45899999999995,
    780.58299999999997,
    600.66700000000003,
    618.33299999999997,
    629.16700000000003,
    603.20799999999997,
    545.41700000000003,
    543.625,
    489.25,
    448.959,
    450.375,
    447.20800000000003,
    605.58299999999997,
    549.41600000000005,
    590.33299999999997,
    519.20799999999997,
    503,
    498.541,
    503.834,
    501.541,
    497.33300000000003,
    491.416,
    493.04199999999997,
    494.29199999999997,
    481.125,
    478,
    474.625,
    477.5,
    488,
    525.16700000000003,
    509.375,
    501.54199999999997,
    495.875,
    491.25,
    496.16699999999997,
    479.79199999999997,
    363.875,
    375.25,
    372.041,
    355.83300000000003,
    354.95800000000003,
    368.541,
    356.875,
    355.95800000000003,
    356.666,
    356,
    356,
    354.084,
    374.54199999999997,
    383.125,
    367.70800000000003,
    360.375,
    359.625,
    358.459,
    357.625,
    355.875,
    354.04199999999997,
    359.584,
    353.58300000000003,
    369.41699999999997,
    365.375,
    369,
    369.29199999999997,
    362,
    363.91699999999997,
    367.79199999999997,
    372.584,
    370.166,
    317.541,
    277.75,
    287.125,
    286.70800000000003,
    288.125,
    287.58300000000003,
    289.95800000000003,
    291.16699999999997,
    287.45800000000003,
    288.916,
    286.334,
    279.5,
    294.084,
    293.125,
    287.29199999999997,
    287.83300000000003,
    282.16699999999997,
    286.83300000000003,
    287.209,
    287,
    291.16699999999997,
    295.33300000000003,
    287.709,
    289.166,
    289.08300000000003,
    285.04199999999997
  ],
  "retrieval_samples" : 100,
  "synth_chars" : 1445,
  "synth_tokens_est" : 361,
  "timestamp" : "2026-04-27T15:29:04Z",
  "type" : "storage_only"
}