{
  "avg_retrieval_us" : 425.35835000000009,
  "backend" : "Dazzle",
  "backend_key" : "sqlite-optimized",
  "backend_size_after_bytes" : 292616,
  "backend_size_before_bytes" : 135616,
  "backend_size_breakdown_after_bytes" : {
    "used_memory" : 1386576,
    "used_memory_dataset" : 292616,
    "used_memory_overhead" : 1093960,
    "used_memory_peak" : 1391264,
    "used_memory_rss" : 1386336
  },
  "backend_size_breakdown_before_bytes" : {
    "used_memory" : 1254064,
    "used_memory_dataset" : 160304,
    "used_memory_overhead" : 1093760,
    "used_memory_peak" : 1254064,
    "used_memory_rss" : 1229136
  },
  "backend_size_breakdown_delta_bytes" : {
    "used_memory" : 132512,
    "used_memory_dataset" : 132312,
    "used_memory_overhead" : 200,
    "used_memory_peak" : 137200,
    "used_memory_rss" : 157200
  },
  "backend_size_delta_bytes" : 157000,
  "backend_size_method" : "valkey:used_memory_dataset",
  "context_chars" : 315,
  "context_tokens_est" : 78,
  "device" : {
    "active_cpu_cores" : 6,
    "cpu_cores" : 6,
    "model" : "iPhone",
    "name" : "iPhone",
    "platform" : "iOS",
    "ram_total_bytes" : 5994528768,
    "systemName" : "iOS",
    "systemVersion" : "26.3"
  },
  "ingest_total_ms" : 70.445166999999998,
  "max_retrieval_us" : 689.91600000000005,
  "median_retrieval_us" : 368.916,
  "min_retrieval_us" : 279.91699999999997,
  "p50_retrieval_us" : 368.916,
  "p95_retrieval_us" : 679.08299999999997,
  "per_ingest_us" : 176.11291750000001,
  "ram_after_phys_bytes" : 6669696,
  "ram_after_phys_kb" : 6513,
  "ram_after_resident_bytes" : 18644992,
  "ram_after_resident_kb" : 18208,
  "ram_before_phys_bytes" : 5965184,
  "ram_before_phys_kb" : 5825,
  "ram_before_resident_bytes" : 17743872,
  "ram_before_resident_kb" : 17328,
  "ram_delta_phys_bytes" : 704512,
  "ram_delta_phys_kb" : 688,
  "ram_delta_resident_bytes" : 901120,
  "ram_delta_resident_kb" : 880,
  "ram_metric" : "phys_footprint",
  "readings_count" : 400,
  "retrieval_latencies_us" : [
    689.91600000000005,
    681.25,
    678.25,
    679.08299999999997,
    677.33299999999997,
    679.75,
    681.20799999999997,
    636.08299999999997,
    539.45899999999995,
    537.79200000000003,
    555.25,
    550.125,
    547.83299999999997,
    546.20799999999997,
    545.91700000000003,
    540.70899999999995,
    538.58299999999997,
    538,
    492.29199999999997,
    451.41699999999997,
    465.54199999999997,
    465,
    651.16700000000003,
    543.04100000000005,
    511.375,
    502.75,
    503.75,
    495.45800000000003,
    495.33300000000003,
    490.58300000000003,
    488.58300000000003,
    481.91699999999997,
    498.41699999999997,
    562.375,
    507.04199999999997,
    512.625,
    505.916,
    504.58300000000003,
    495.70800000000003,
    494.20800000000003,
    493.70800000000003,
    502.04199999999997,
    372.95800000000003,
    368.83300000000003,
    369,
    357.70800000000003,
    356,
    359.70800000000003,
    355.45800000000003,
    356.5,
    356.04199999999997,
    356.834,
    356.125,
    358.91699999999997,
    391.334,
    362.375,
    363.125,
    363.04199999999997,
    361.58300000000003,
    384.25,
    357.625,
    356.666,
    355.58300000000003,
    356.91699999999997,
    356.959,
    366.375,
    366.04199999999997,
    364.95800000000003,
    366.41699999999997,
    384.125,
    381,
    368.916,
    377.25,
    361.75,
    363.5,
    354.125,
    353.541,
    354.375,
    353.459,
    328.084,
    290.16699999999997,
    287.916,
    290.79199999999997,
    297.29199999999997,
    289.834,
    282.20800000000003,
    292.75,
    303.29199999999997,
    283.709,
    287.41699999999997,
    279.91699999999997,
    295.54199999999997,
    288.25,
    296.875,
    295,
    288.45800000000003,
    290.5,
    285.79199999999997,
    287.084,
    288
  ],
  "retrieval_samples" : 100,
  "synth_chars" : 1445,
  "synth_tokens_est" : 361,
  "timestamp" : "2026-04-27T15:29:29Z",
  "type" : "storage_only"
}