{
  "avg_retrieval_us" : 419.94163999999984,
  "backend" : "Dazzle",
  "backend_key" : "sqlite-optimized",
  "backend_size_after_bytes" : 292616,
  "backend_size_before_bytes" : 135616,
  "backend_size_breakdown_after_bytes" : {
    "used_memory" : 1386640,
    "used_memory_dataset" : 292616,
    "used_memory_overhead" : 1094024,
    "used_memory_peak" : 1391328,
    "used_memory_rss" : 1386400
  },
  "backend_size_breakdown_before_bytes" : {
    "used_memory" : 1254128,
    "used_memory_dataset" : 160304,
    "used_memory_overhead" : 1093824,
    "used_memory_peak" : 1254128,
    "used_memory_rss" : 1229200
  },
  "backend_size_breakdown_delta_bytes" : {
    "used_memory" : 132512,
    "used_memory_dataset" : 132312,
    "used_memory_overhead" : 200,
    "used_memory_peak" : 137200,
    "used_memory_rss" : 157200
  },
  "backend_size_delta_bytes" : 157000,
  "backend_size_method" : "valkey:used_memory_dataset",
  "context_chars" : 315,
  "context_tokens_est" : 78,
  "device" : {
    "active_cpu_cores" : 6,
    "cpu_cores" : 6,
    "model" : "iPhone",
    "name" : "iPhone",
    "platform" : "iOS",
    "ram_total_bytes" : 5994528768,
    "systemName" : "iOS",
    "systemVersion" : "26.3"
  },
  "ingest_total_ms" : 70.979292000000001,
  "max_retrieval_us" : 718.75,
  "median_retrieval_us" : 368.125,
  "min_retrieval_us" : 279.5,
  "p50_retrieval_us" : 368.125,
  "p95_retrieval_us" : 679.45899999999995,
  "per_ingest_us" : 177.44823,
  "ram_after_phys_bytes" : 6555008,
  "ram_after_phys_kb" : 6401,
  "ram_after_resident_bytes" : 18530304,
  "ram_after_resident_kb" : 18096,
  "ram_before_phys_bytes" : 5899648,
  "ram_before_phys_kb" : 5761,
  "ram_before_resident_bytes" : 17678336,
  "ram_before_resident_kb" : 17264,
  "ram_delta_phys_bytes" : 655360,
  "ram_delta_phys_kb" : 640,
  "ram_delta_resident_bytes" : 851968,
  "ram_delta_resident_kb" : 832,
  "ram_metric" : "phys_footprint",
  "readings_count" : 400,
  "retrieval_latencies_us" : [
    718.75,
    707.75,
    679.45899999999995,
    680.08399999999995,
    674.125,
    681.16700000000003,
    677.41700000000003,
    675.33299999999997,
    601.75,
    534.66600000000005,
    647.29200000000003,
    584.25,
    556.125,
    549.29100000000005,
    546.83299999999997,
    486.95800000000003,
    448.084,
    447.29199999999997,
    450.5,
    587.95899999999995,
    594.20799999999997,
    513.20799999999997,
    515.79100000000005,
    509.416,
    492.33300000000003,
    492.83300000000003,
    491.416,
    496.79199999999997,
    488.709,
    489.33300000000003,
    480.375,
    477.041,
    476.08300000000003,
    486.875,
    477.375,
    492.20800000000003,
    491.75,
    489.33300000000003,
    503.459,
    410.834,
    366.04199999999997,
    365.625,
    365.95800000000003,
    389.041,
    437.625,
    363.375,
    363.08300000000003,
    356.5,
    362.209,
    356.625,
    354.79199999999997,
    351.459,
    352.79199999999997,
    353.33300000000003,
    353.45800000000003,
    360.459,
    358.95800000000003,
    356.125,
    359.83300000000003,
    360.33300000000003,
    355.125,
    355,
    367.04199999999997,
    355.04199999999997,
    381.459,
    381.916,
    371.125,
    362.375,
    362.75,
    380.625,
    388.95800000000003,
    381.875,
    369.375,
    367.25,
    368.125,
    356.66699999999997,
    356.04199999999997,
    283.66699999999997,
    286.916,
    308.916,
    293.416,
    290.95800000000003,
    288.209,
    291.459,
    287,
    279.5,
    286.625,
    287.16699999999997,
    294.95800000000003,
    287.16699999999997,
    286.41699999999997,
    291.041,
    287.291,
    287.875,
    286.79199999999997,
    287,
    287.166,
    290.291,
    285.66699999999997,
    285.83300000000003
  ],
  "retrieval_samples" : 100,
  "synth_chars" : 1445,
  "synth_tokens_est" : 361,
  "timestamp" : "2026-04-27T15:29:53Z",
  "type" : "storage_only"
}