{
  "avg_retrieval_us" : 446.7971100000002,
  "backend" : "Dazzle",
  "backend_key" : "sqlite-optimized",
  "backend_size_after_bytes" : 292616,
  "backend_size_before_bytes" : 135616,
  "backend_size_breakdown_after_bytes" : {
    "used_memory" : 1386576,
    "used_memory_dataset" : 292616,
    "used_memory_overhead" : 1093960,
    "used_memory_peak" : 1391232,
    "used_memory_rss" : 1386336
  },
  "backend_size_breakdown_before_bytes" : {
    "used_memory" : 1254064,
    "used_memory_dataset" : 160304,
    "used_memory_overhead" : 1093760,
    "used_memory_peak" : 1254064,
    "used_memory_rss" : 1229136
  },
  "backend_size_breakdown_delta_bytes" : {
    "used_memory" : 132512,
    "used_memory_dataset" : 132312,
    "used_memory_overhead" : 200,
    "used_memory_peak" : 137168,
    "used_memory_rss" : 157200
  },
  "backend_size_delta_bytes" : 157000,
  "backend_size_method" : "valkey:used_memory_dataset",
  "context_chars" : 315,
  "context_tokens_est" : 78,
  "device" : {
    "active_cpu_cores" : 6,
    "cpu_cores" : 6,
    "model" : "iPhone",
    "name" : "iPhone",
    "platform" : "iOS",
    "ram_total_bytes" : 5994528768,
    "systemName" : "iOS",
    "systemVersion" : "26.3"
  },
  "ingest_total_ms" : 72.564999999999998,
  "max_retrieval_us" : 905.625,
  "median_retrieval_us" : 367.91699999999997,
  "min_retrieval_us" : 278.66699999999997,
  "p50_retrieval_us" : 367.91699999999997,
  "p95_retrieval_us" : 748.58299999999997,
  "per_ingest_us" : 181.41249999999999,
  "ram_after_phys_bytes" : 6686208,
  "ram_after_phys_kb" : 6529,
  "ram_after_resident_bytes" : 18628608,
  "ram_after_resident_kb" : 18192,
  "ram_before_phys_bytes" : 5998080,
  "ram_before_phys_kb" : 5857,
  "ram_before_resident_bytes" : 17743872,
  "ram_before_resident_kb" : 17328,
  "ram_delta_phys_bytes" : 688128,
  "ram_delta_phys_kb" : 672,
  "ram_delta_resident_bytes" : 884736,
  "ram_delta_resident_kb" : 864,
  "ram_metric" : "phys_footprint",
  "readings_count" : 400,
  "retrieval_latencies_us" : [
    747.08299999999997,
    905.625,
    900.75,
    903.41600000000005,
    898.5,
    748.58299999999997,
    693.79100000000005,
    682.45799999999997,
    681,
    677.04200000000003,
    676.375,
    553.95899999999995,
    547.95799999999997,
    546.54100000000005,
    546.16700000000003,
    541.33299999999997,
    537.25,
    536.83299999999997,
    536.70799999999997,
    540.70799999999997,
    555.625,
    503.29199999999997,
    463.875,
    462.875,
    461.834,
    631,
    554.33399999999995,
    519.91600000000005,
    503.16699999999997,
    499.625,
    486.66699999999997,
    482.66699999999997,
    477.83300000000003,
    507.375,
    542.70799999999997,
    524.91700000000003,
    513.95899999999995,
    517.75,
    508.29199999999997,
    504.58300000000003,
    498.209,
    506.29199999999997,
    517.91600000000005,
    501.08300000000003,
    452.58300000000003,
    364.25,
    369.916,
    362.25,
    357.79199999999997,
    356.79199999999997,
    354.5,
    355.29199999999997,
    354.41699999999997,
    353.125,
    353.79199999999997,
    368.584,
    364.166,
    365.5,
    357.70800000000003,
    357.91699999999997,
    354.75,
    353.959,
    353.20800000000003,
    352.91699999999997,
    353.084,
    368.33300000000003,
    371.41699999999997,
    363.25,
    362.084,
    362.54199999999997,
    364.125,
    367.125,
    362.875,
    360.666,
    367.91699999999997,
    359.625,
    354.291,
    356.29199999999997,
    352.541,
    351.91699999999997,
    362.70800000000003,
    364,
    346.79199999999997,
    297.70800000000003,
    290.16699999999997,
    282.20800000000003,
    287.91699999999997,
    290.95800000000003,
    283.5,
    302.04199999999997,
    282.125,
    278.66699999999997,
    286.5,
    286.16699999999997,
    299.209,
    289.91699999999997,
    295.625,
    289.83300000000003,
    287.29199999999997,
    287
  ],
  "retrieval_samples" : 100,
  "synth_chars" : 1445,
  "synth_tokens_est" : 361,
  "timestamp" : "2026-04-27T15:30:18Z",
  "type" : "storage_only"
}