{
  "avg_retrieval_us" : 421.12248999999997,
  "backend" : "Dazzle",
  "backend_key" : "sqlite-optimized",
  "backend_size_after_bytes" : 292616,
  "backend_size_before_bytes" : 135616,
  "backend_size_breakdown_after_bytes" : {
    "used_memory" : 1386448,
    "used_memory_dataset" : 292616,
    "used_memory_overhead" : 1093832,
    "used_memory_peak" : 1391104,
    "used_memory_rss" : 1386208
  },
  "backend_size_breakdown_before_bytes" : {
    "used_memory" : 1253936,
    "used_memory_dataset" : 160304,
    "used_memory_overhead" : 1093632,
    "used_memory_peak" : 1253936,
    "used_memory_rss" : 1229008
  },
  "backend_size_breakdown_delta_bytes" : {
    "used_memory" : 132512,
    "used_memory_dataset" : 132312,
    "used_memory_overhead" : 200,
    "used_memory_peak" : 137168,
    "used_memory_rss" : 157200
  },
  "backend_size_delta_bytes" : 157000,
  "backend_size_method" : "valkey:used_memory_dataset",
  "context_chars" : 315,
  "context_tokens_est" : 78,
  "device" : {
    "active_cpu_cores" : 6,
    "cpu_cores" : 6,
    "model" : "iPhone",
    "name" : "iPhone",
    "platform" : "iOS",
    "ram_total_bytes" : 5994528768,
    "systemName" : "iOS",
    "systemVersion" : "26.3"
  },
  "ingest_total_ms" : 70.151542000000006,
  "max_retrieval_us" : 696.875,
  "median_retrieval_us" : 366.45800000000003,
  "min_retrieval_us" : 278.666,
  "p50_retrieval_us" : 366.45800000000003,
  "p95_retrieval_us" : 682.79200000000003,
  "per_ingest_us" : 175.37885499999999,
  "ram_after_phys_bytes" : 6555008,
  "ram_after_phys_kb" : 6401,
  "ram_after_resident_bytes" : 18530304,
  "ram_after_resident_kb" : 18096,
  "ram_before_phys_bytes" : 5850496,
  "ram_before_phys_kb" : 5713,
  "ram_before_resident_bytes" : 17629184,
  "ram_before_resident_kb" : 17216,
  "ram_delta_phys_bytes" : 704512,
  "ram_delta_phys_kb" : 688,
  "ram_delta_resident_bytes" : 901120,
  "ram_delta_resident_kb" : 880,
  "ram_metric" : "phys_footprint",
  "readings_count" : 400,
  "retrieval_latencies_us" : [
    692,
    686.04200000000003,
    684,
    682.79200000000003,
    696.875,
    634.66700000000003,
    539.91700000000003,
    540.375,
    539.625,
    540.75,
    567.91700000000003,
    553.45899999999995,
    550.33299999999997,
    615.04100000000005,
    562.95899999999995,
    553.5,
    457.5,
    454.625,
    454.875,
    589.41600000000005,
    641.5,
    621.91700000000003,
    602.875,
    555.16700000000003,
    533.66700000000003,
    527.54200000000003,
    577.83399999999995,
    554.16700000000003,
    544.70799999999997,
    521.83299999999997,
    567.625,
    527.33299999999997,
    539.33299999999997,
    490.5,
    488.416,
    503.58300000000003,
    499.5,
    484.54199999999997,
    371.625,
    371.20800000000003,
    366.45800000000003,
    371.041,
    367.08300000000003,
    367.375,
    366.125,
    356.875,
    356.5,
    357.209,
    357.416,
    357.25,
    370,
    360.66699999999997,
    396.5,
    358.91699999999997,
    355.416,
    364.334,
    360.5,
    360.16699999999997,
    360.5,
    367.375,
    355.04199999999997,
    354.875,
    354.66699999999997,
    355.041,
    358.125,
    366.459,
    365.875,
    364.875,
    364.291,
    368.416,
    370.459,
    363.08300000000003,
    362.875,
    364.625,
    365.125,
    314.375,
    281.70800000000003,
    293.084,
    291.41699999999997,
    289.541,
    289.70800000000003,
    288.45800000000003,
    292.625,
    287.58300000000003,
    288.29199999999997,
    284.375,
    278.666,
    296.66699999999997,
    284.70800000000003,
    315.5,
    281.166,
    285.83300000000003,
    297.41699999999997,
    287.33300000000003,
    287.41699999999997,
    294.709,
    307.125,
    287.33300000000003,
    287.75,
    286.375
  ],
  "retrieval_samples" : 100,
  "synth_chars" : 1445,
  "synth_tokens_est" : 361,
  "timestamp" : "2026-04-27T15:28:40Z",
  "type" : "storage_only"
}