{
  "avg_retrieval_us" : 201.88084000000003,
  "backend" : "InMemory",
  "backend_key" : "inmemory",
  "backend_size_after_bytes" : 6844,
  "backend_size_before_bytes" : 0,
  "backend_size_delta_bytes" : 6844,
  "backend_size_method" : "inmemory:struct_estimate",
  "context_chars" : 315,
  "context_tokens_est" : 78,
  "device" : {
    "active_cpu_cores" : 6,
    "cpu_cores" : 6,
    "model" : "iPhone",
    "name" : "iPhone",
    "platform" : "iOS",
    "ram_total_bytes" : 5994528768,
    "systemName" : "iOS",
    "systemVersion" : "26.3"
  },
  "ingest_total_ms" : 2.1346669999999999,
  "max_retrieval_us" : 308.29199999999997,
  "median_retrieval_us" : 172.916,
  "min_retrieval_us" : 121.833,
  "p50_retrieval_us" : 172.916,
  "p95_retrieval_us" : 261.584,
  "per_ingest_us" : 10.673335,
  "ram_after_phys_bytes" : 5653952,
  "ram_after_phys_kb" : 5521,
  "ram_after_resident_bytes" : 14090240,
  "ram_after_resident_kb" : 13760,
  "ram_before_phys_bytes" : 5342656,
  "ram_before_phys_kb" : 5217,
  "ram_before_resident_bytes" : 13664256,
  "ram_before_resident_kb" : 13344,
  "ram_delta_phys_bytes" : 311296,
  "ram_delta_phys_kb" : 304,
  "ram_delta_resident_bytes" : 425984,
  "ram_delta_resident_kb" : 416,
  "ram_metric" : "phys_footprint",
  "readings_count" : 200,
  "retrieval_latencies_us" : [
    251.375,
    256,
    247.208,
    247,
    247.875,
    251.875,
    248.5,
    247.459,
    245.375,
    247.25,
    265.70800000000003,
    256,
    254.792,
    254.125,
    254.334,
    249.875,
    247.25,
    248.959,
    248.167,
    247.666,
    261.584,
    308.29199999999997,
    171.833,
    170.583,
    169.292,
    172.916,
    170.792,
    188.25,
    171.041,
    169.958,
    165.083,
    163.333,
    162.833,
    163,
    162.917,
    173.417,
    170.625,
    171.417,
    170.125,
    169.833,
    169.625,
    167.375,
    167.125,
    167.625,
    165.542,
    123.75,
    122.792,
    121.833,
    122.625,
    121.833
  ],
  "retrieval_samples" : 50,
  "synth_chars" : 815,
  "synth_tokens_est" : 203,
  "timestamp" : "2026-04-26T16:37:06Z",
  "type" : "storage_only"
}