{
  "avg_retrieval_us" : 169.98254999999997,
  "backend" : "InMemory",
  "backend_key" : "inmemory",
  "backend_size_after_bytes" : 7028,
  "backend_size_before_bytes" : 0,
  "backend_size_breakdown_after_bytes" : {

  },
  "backend_size_breakdown_before_bytes" : {

  },
  "backend_size_breakdown_delta_bytes" : {

  },
  "backend_size_delta_bytes" : 7028,
  "backend_size_method" : "inmemory:struct_estimate",
  "context_chars" : 315,
  "context_tokens_est" : 78,
  "device" : {
    "active_cpu_cores" : 6,
    "cpu_cores" : 6,
    "model" : "iPhone",
    "name" : "iPhone",
    "platform" : "iOS",
    "ram_total_bytes" : 5994528768,
    "systemName" : "iOS",
    "systemVersion" : "26.3"
  },
  "ingest_total_ms" : 2.4653330000000002,
  "max_retrieval_us" : 279.334,
  "median_retrieval_us" : 172.583,
  "min_retrieval_us" : 102.958,
  "p50_retrieval_us" : 172.583,
  "p95_retrieval_us" : 272.16699999999997,
  "per_ingest_us" : 6.1633325000000001,
  "ram_after_phys_bytes" : 6063488,
  "ram_after_phys_kb" : 5921,
  "ram_after_resident_bytes" : 17907712,
  "ram_after_resident_kb" : 17488,
  "ram_before_phys_bytes" : 5637504,
  "ram_before_phys_kb" : 5505,
  "ram_before_resident_bytes" : 17367040,
  "ram_before_resident_kb" : 16960,
  "ram_delta_phys_bytes" : 425984,
  "ram_delta_phys_kb" : 416,
  "ram_delta_resident_bytes" : 540672,
  "ram_delta_resident_kb" : 528,
  "ram_metric" : "phys_footprint",
  "readings_count" : 400,
  "retrieval_latencies_us" : [
    277.875,
    263.916,
    262.375,
    262.70800000000003,
    262.875,
    275.20800000000003,
    279.334,
    263.125,
    263.54199999999997,
    261.33300000000003,
    273.5,
    269.66699999999997,
    272,
    272.16699999999997,
    270.41699999999997,
    266.416,
    199.542,
    175.167,
    172.625,
    172.375,
    186.958,
    181.625,
    181.125,
    192.209,
    181.917,
    183.5,
    181.834,
    183.042,
    182.041,
    185.459,
    176.084,
    173.25,
    173.041,
    173.417,
    173.709,
    184,
    182.458,
    184.541,
    182.125,
    180.917,
    182.958,
    181.041,
    181.375,
    180.708,
    181.292,
    178.459,
    174.542,
    172.708,
    173.75,
    172.583,
    178.125,
    132.875,
    131.084,
    130.375,
    130.25,
    136.584,
    134.167,
    134.042,
    134.458,
    133.959,
    132.042,
    130.667,
    130.209,
    129.416,
    131,
    137.417,
    136.833,
    136.833,
    136.709,
    135.708,
    137.709,
    138.958,
    140.5,
    137.959,
    137.166,
    131.167,
    130.333,
    131,
    129.375,
    133.916,
    139.334,
    146.041,
    137.75,
    136.334,
    136.167,
    131.25,
    130.292,
    129.291,
    129.75,
    130.167,
    130.959,
    129.917,
    129.667,
    124.666,
    102.958,
    120.875,
    107.958,
    108.667,
    108.208,
    108.333
  ],
  "retrieval_samples" : 100,
  "synth_chars" : 1445,
  "synth_tokens_est" : 361,
  "timestamp" : "2026-04-27T15:32:00Z",
  "type" : "storage_only"
}