{
  "avg_retrieval_us" : 55.644990000000014,
  "backend" : "InMemory",
  "backend_key" : "inmemory",
  "context_chars" : 315,
  "context_tokens_est" : 78,
  "device" : {
    "active_cpu_cores" : 6,
    "cpu_cores" : 6,
    "model" : "iPhone",
    "name" : "iPhone",
    "platform" : "iOS",
    "ram_total_bytes" : 5994528768,
    "systemName" : "iOS",
    "systemVersion" : "26.3"
  },
  "ingest_total_ms" : 0.78249999999999997,
  "max_retrieval_us" : 210.666,
  "median_retrieval_us" : 52.957999999999998,
  "min_retrieval_us" : 50.292000000000002,
  "p50_retrieval_us" : 52.957999999999998,
  "p95_retrieval_us" : 62.5,
  "per_ingest_us" : 1.95625,
  "readings_count" : 400,
  "retrieval_latencies_us" : [
    60,
    57.292000000000002,
    52.375,
    51.540999999999997,
    51.707999999999998,
    51.415999999999997,
    51.332999999999998,
    51.292000000000002,
    50.832999999999998,
    51.042000000000002,
    53.457999999999998,
    53,
    52.834000000000003,
    52.625,
    52.584000000000003,
    51.167000000000002,
    50.915999999999997,
    51.084000000000003,
    50.875,
    51.125,
    54.084000000000003,
    53.667000000000002,
    53.542000000000002,
    53.375,
    52.917000000000002,
    53.459000000000003,
    53.625,
    53.292000000000002,
    52.915999999999997,
    52.917000000000002,
    50.790999999999997,
    50.667000000000002,
    51.040999999999997,
    51.125,
    50.832999999999998,
    53.375,
    53.292000000000002,
    53.207999999999998,
    52.957999999999998,
    53.582999999999998,
    53.207999999999998,
    53.125,
    53.084000000000003,
    53.082999999999998,
    52.957999999999998,
    50.875,
    51.625,
    99.584000000000003,
    53.375,
    52.042000000000002,
    52.082999999999998,
    51.5,
    50.915999999999997,
    51.457999999999998,
    51.875,
    53,
    52.292000000000002,
    53.292000000000002,
    210.666,
    95.5,
    97.165999999999997,
    58.875,
    51.75,
    51.667000000000002,
    51.459000000000003,
    54.375,
    53.957999999999998,
    53.832999999999998,
    53.582999999999998,
    54.792000000000002,
    54.875,
    56.790999999999997,
    54.292000000000002,
    54,
    54.082999999999998,
    51.415999999999997,
    62.5,
    51.375,
    50.915999999999997,
    51.375,
    53.375,
    53.292000000000002,
    53.042000000000002,
    53.25,
    53.25,
    50.917000000000002,
    50.707999999999998,
    50.707999999999998,
    50.790999999999997,
    50.834000000000003,
    50.959000000000003,
    50.667000000000002,
    50.665999999999997,
    50.292000000000002,
    53.834000000000003,
    53.665999999999997,
    53.375,
    53.209000000000003,
    53.042000000000002,
    52.832999999999998
  ],
  "retrieval_samples" : 100,
  "synth_chars" : 1445,
  "synth_tokens_est" : 361,
  "timestamp" : "2026-04-24T07:05:19Z",
  "type" : "storage_only"
}