{
  "avg_retrieval_us" : 137.13251999999994,
  "backend" : "InMemory",
  "backend_key" : "inmemory",
  "backend_size_after_bytes" : 7028,
  "backend_size_before_bytes" : 0,
  "backend_size_breakdown_after_bytes" : {

  },
  "backend_size_breakdown_before_bytes" : {

  },
  "backend_size_breakdown_delta_bytes" : {

  },
  "backend_size_delta_bytes" : 7028,
  "backend_size_method" : "inmemory:struct_estimate",
  "context_chars" : 315,
  "context_tokens_est" : 78,
  "device" : {
    "active_cpu_cores" : 6,
    "cpu_cores" : 6,
    "model" : "iPhone",
    "name" : "iPhone",
    "platform" : "iOS",
    "ram_total_bytes" : 5994528768,
    "systemName" : "iOS",
    "systemVersion" : "26.3"
  },
  "ingest_total_ms" : 2.0213749999999999,
  "max_retrieval_us" : 178.333,
  "median_retrieval_us" : 134,
  "min_retrieval_us" : 127.667,
  "p50_retrieval_us" : 134,
  "p95_retrieval_us" : 175.25,
  "per_ingest_us" : 5.0534375000000002,
  "ram_after_phys_bytes" : 6096384,
  "ram_after_phys_kb" : 5953,
  "ram_after_resident_bytes" : 17907712,
  "ram_after_resident_kb" : 17488,
  "ram_before_phys_bytes" : 5670400,
  "ram_before_phys_kb" : 5537,
  "ram_before_resident_bytes" : 17367040,
  "ram_before_resident_kb" : 16960,
  "ram_delta_phys_bytes" : 425984,
  "ram_delta_phys_kb" : 416,
  "ram_delta_resident_bytes" : 540672,
  "ram_delta_resident_kb" : 528,
  "ram_metric" : "phys_footprint",
  "readings_count" : 400,
  "retrieval_latencies_us" : [
    151.167,
    130.542,
    129.083,
    130.166,
    129.459,
    130.625,
    130.083,
    128.458,
    128.375,
    128.709,
    133.291,
    132.792,
    132.792,
    132.709,
    131.959,
    129.958,
    128.333,
    127.834,
    127.875,
    127.709,
    135.5,
    134.667,
    134.75,
    134.708,
    137.375,
    159.334,
    134.667,
    134.583,
    134.25,
    134.125,
    129.834,
    128.875,
    129,
    128.375,
    128.125,
    136.25,
    134.542,
    140.875,
    135.625,
    134.375,
    135.833,
    134.583,
    134.291,
    134.708,
    134.875,
    130,
    128.041,
    128.75,
    128.542,
    128.625,
    129.333,
    128.209,
    128.375,
    159.375,
    139.708,
    178.333,
    176.375,
    176.083,
    176.416,
    175.25,
    171.667,
    171.375,
    169.917,
    169.75,
    170.875,
    166.75,
    134.458,
    134,
    134.292,
    134.875,
    135.417,
    134.916,
    133.875,
    134.75,
    134.541,
    129.041,
    128.458,
    129.167,
    128.666,
    130.542,
    135.5,
    134,
    134.542,
    134.542,
    134.084,
    129.75,
    128.208,
    128.541,
    128.625,
    127.667,
    129.334,
    128.458,
    128.042,
    128.208,
    127.958,
    134.792,
    134.209,
    134,
    134.709,
    133.292
  ],
  "retrieval_samples" : 100,
  "synth_chars" : 1445,
  "synth_tokens_est" : 361,
  "timestamp" : "2026-04-27T15:31:34Z",
  "type" : "storage_only"
}