{
  "avg_retrieval_us" : 202.99163999999993,
  "backend" : "InMemory",
  "backend_key" : "inmemory",
  "backend_size_after_bytes" : 6844,
  "backend_size_before_bytes" : 0,
  "backend_size_delta_bytes" : 6844,
  "backend_size_method" : "inmemory:struct_estimate",
  "context_chars" : 315,
  "context_tokens_est" : 78,
  "device" : {
    "active_cpu_cores" : 6,
    "cpu_cores" : 6,
    "model" : "iPhone",
    "name" : "iPhone",
    "platform" : "iOS",
    "ram_total_bytes" : 5994528768,
    "systemName" : "iOS",
    "systemVersion" : "26.3"
  },
  "ingest_total_ms" : 2.0594999999999999,
  "max_retrieval_us" : 295.04199999999997,
  "median_retrieval_us" : 248.5,
  "min_retrieval_us" : 122.958,
  "p50_retrieval_us" : 248.5,
  "p95_retrieval_us" : 269.70800000000003,
  "per_ingest_us" : 10.297499999999999,
  "ram_after_phys_bytes" : 5735872,
  "ram_after_phys_kb" : 5601,
  "ram_after_resident_bytes" : 14204928,
  "ram_after_resident_kb" : 13872,
  "ram_before_phys_bytes" : 5408192,
  "ram_before_phys_kb" : 5281,
  "ram_before_resident_bytes" : 13778944,
  "ram_before_resident_kb" : 13456,
  "ram_delta_phys_bytes" : 327680,
  "ram_delta_phys_kb" : 320,
  "ram_delta_resident_bytes" : 425984,
  "ram_delta_resident_kb" : 416,
  "ram_metric" : "phys_footprint",
  "readings_count" : 200,
  "retrieval_latencies_us" : [
    279.41699999999997,
    253.708,
    252.292,
    249.875,
    248.5,
    252.333,
    250.166,
    249,
    248.834,
    249.708,
    265.08300000000003,
    265.16699999999997,
    260.91699999999997,
    256.75,
    256.875,
    251.625,
    250.125,
    248.833,
    249.5,
    248.875,
    268.33300000000003,
    269.70800000000003,
    265.45800000000003,
    261.709,
    295.04199999999997,
    214.708,
    172.375,
    172.25,
    171.833,
    172.083,
    166.458,
    164.5,
    163.5,
    164.459,
    163.459,
    176.25,
    151.75,
    131.458,
    129.625,
    129.417,
    129,
    127.667,
    127.084,
    127.875,
    127.417,
    125.166,
    124.208,
    122.958,
    123.083,
    123.166
  ],
  "retrieval_samples" : 50,
  "synth_chars" : 815,
  "synth_tokens_est" : 203,
  "timestamp" : "2026-04-26T17:13:51Z",
  "type" : "storage_only"
}