{
  "avg_retrieval_us" : 34.45841999999999,
  "backend" : "InMemory",
  "backend_key" : "inmemory",
  "context_chars" : 315,
  "context_tokens_est" : 78,
  "device" : {
    "active_cpu_cores" : 6,
    "cpu_cores" : 6,
    "model" : "iPhone",
    "name" : "iPhone",
    "platform" : "iOS",
    "ram_total_bytes" : 5994528768,
    "systemName" : "iOS",
    "systemVersion" : "26.3"
  },
  "ingest_total_ms" : 0.72133400000000003,
  "max_retrieval_us" : 166.833,
  "median_retrieval_us" : 31.75,
  "min_retrieval_us" : 30.25,
  "p50_retrieval_us" : 31.75,
  "p95_retrieval_us" : 48.292000000000002,
  "per_ingest_us" : 1.8033349999999999,
  "readings_count" : 400,
  "retrieval_latencies_us" : [
    34.125,
    33.75,
    33.542000000000002,
    33.625,
    33.417000000000002,
    33.75,
    33.457999999999998,
    33.334000000000003,
    30.957999999999998,
    30.292000000000002,
    31.75,
    31.375,
    31.25,
    31.291,
    31.291,
    30.416,
    30.332999999999998,
    30.334,
    30.25,
    30.25,
    31.792000000000002,
    31.834,
    31.917000000000002,
    31.5,
    31.667000000000002,
    32,
    31.667000000000002,
    31.709,
    31.875,
    31.832999999999998,
    30.459,
    30.417000000000002,
    30.292000000000002,
    30.292000000000002,
    30.292000000000002,
    32,
    31.832999999999998,
    31.834,
    31.75,
    31.582999999999998,
    31.792000000000002,
    31.792000000000002,
    32.792000000000002,
    31.834,
    31.875,
    30.457999999999998,
    30.666,
    166.833,
    90.875,
    34.125,
    32.584000000000003,
    56.75,
    32.207999999999998,
    30.709,
    31.625,
    32.457999999999998,
    31.25,
    31.5,
    31.542000000000002,
    31.375,
    36.5,
    31.209,
    30.875,
    30.625,
    30.707999999999998,
    34,
    32.457999999999998,
    31.959,
    32.125,
    32.084000000000003,
    32.040999999999997,
    32.209000000000003,
    32.125,
    32,
    31.917000000000002,
    30.667000000000002,
    30.334,
    30.582999999999998,
    30.375,
    30.417000000000002,
    32.167000000000002,
    77,
    32.584000000000003,
    31.917000000000002,
    31.916,
    30.5,
    30.542000000000002,
    31.375,
    30.375,
    30.541,
    30.332999999999998,
    30.709,
    30.917000000000002,
    30.542000000000002,
    30.375,
    32.167000000000002,
    31.957999999999998,
    32.290999999999997,
    31.75,
    48.292000000000002
  ],
  "retrieval_samples" : 100,
  "synth_chars" : 1445,
  "synth_tokens_est" : 361,
  "timestamp" : "2026-04-24T07:06:02Z",
  "type" : "storage_only"
}