{
  "avg_retrieval_us" : 146.98833999999999,
  "backend" : "InMemory",
  "backend_key" : "inmemory",
  "backend_size_after_bytes" : 7028,
  "backend_size_before_bytes" : 0,
  "backend_size_breakdown_after_bytes" : {

  },
  "backend_size_breakdown_before_bytes" : {

  },
  "backend_size_breakdown_delta_bytes" : {

  },
  "backend_size_delta_bytes" : 7028,
  "backend_size_method" : "inmemory:struct_estimate",
  "context_chars" : 315,
  "context_tokens_est" : 78,
  "device" : {
    "active_cpu_cores" : 6,
    "cpu_cores" : 6,
    "model" : "iPhone",
    "name" : "iPhone",
    "platform" : "iOS",
    "ram_total_bytes" : 5994528768,
    "systemName" : "iOS",
    "systemVersion" : "26.3"
  },
  "ingest_total_ms" : 2.512,
  "max_retrieval_us" : 221.584,
  "median_retrieval_us" : 135.875,
  "min_retrieval_us" : 102.625,
  "p50_retrieval_us" : 135.875,
  "p95_retrieval_us" : 182.125,
  "per_ingest_us" : 6.2800000000000002,
  "ram_after_phys_bytes" : 6063488,
  "ram_after_phys_kb" : 5921,
  "ram_after_resident_bytes" : 17907712,
  "ram_after_resident_kb" : 17488,
  "ram_before_phys_bytes" : 5637504,
  "ram_before_phys_kb" : 5505,
  "ram_before_resident_bytes" : 17367040,
  "ram_before_resident_kb" : 16960,
  "ram_delta_phys_bytes" : 425984,
  "ram_delta_phys_kb" : 416,
  "ram_delta_resident_bytes" : 540672,
  "ram_delta_resident_kb" : 528,
  "ram_metric" : "phys_footprint",
  "readings_count" : 400,
  "retrieval_latencies_us" : [
    176.667,
    173,
    171.833,
    172.25,
    170.791,
    174.292,
    171.583,
    171.666,
    170.833,
    171.416,
    179.458,
    177.75,
    177.542,
    176.25,
    176.25,
    173.667,
    172.167,
    174.25,
    171.542,
    172.667,
    182.75,
    181.125,
    181,
    180.541,
    179.25,
    182.541,
    180.75,
    181.292,
    180.25,
    221.584,
    177.042,
    172.542,
    173.292,
    173.5,
    171.917,
    182.125,
    181.708,
    182.708,
    180.708,
    180.583,
    181.916,
    146.333,
    136.333,
    135,
    135.458,
    131.166,
    129.542,
    129.959,
    130,
    129.208,
    130.666,
    130.125,
    129.875,
    129.25,
    129.042,
    137.041,
    133.833,
    134.458,
    133.917,
    133.709,
    131.083,
    130.042,
    129.666,
    129.584,
    129.375,
    136.459,
    136.125,
    135.167,
    135.542,
    135.208,
    137.167,
    135.542,
    135.583,
    135.625,
    135.125,
    130.959,
    130.125,
    129.667,
    129.25,
    128.834,
    136.791,
    135.25,
    135.875,
    137.709,
    117.875,
    103.666,
    103.125,
    102.709,
    103,
    102.792,
    103.834,
    102.917,
    102.625,
    102.75,
    102.708,
    108.458,
    108.167,
    107.333,
    107.875,
    107.334
  ],
  "retrieval_samples" : 100,
  "synth_chars" : 1445,
  "synth_tokens_est" : 361,
  "timestamp" : "2026-04-27T15:32:27Z",
  "type" : "storage_only"
}