{
  "avg_retrieval_us" : 203.54372000000001,
  "backend" : "InMemory",
  "backend_key" : "inmemory",
  "backend_size_after_bytes" : 7028,
  "backend_size_before_bytes" : 0,
  "backend_size_breakdown_after_bytes" : {

  },
  "backend_size_breakdown_before_bytes" : {

  },
  "backend_size_breakdown_delta_bytes" : {

  },
  "backend_size_delta_bytes" : 7028,
  "backend_size_method" : "inmemory:struct_estimate",
  "context_chars" : 315,
  "context_tokens_est" : 78,
  "device" : {
    "active_cpu_cores" : 6,
    "cpu_cores" : 6,
    "model" : "iPhone",
    "name" : "iPhone",
    "platform" : "iOS",
    "ram_total_bytes" : 5994528768,
    "systemName" : "iOS",
    "systemVersion" : "26.3"
  },
  "ingest_total_ms" : 2.1413329999999999,
  "max_retrieval_us" : 297.084,
  "median_retrieval_us" : 180.916,
  "min_retrieval_us" : 128.667,
  "p50_retrieval_us" : 180.916,
  "p95_retrieval_us" : 276.584,
  "per_ingest_us" : 5.3533324999999996,
  "ram_after_phys_bytes" : 6047104,
  "ram_after_phys_kb" : 5905,
  "ram_after_resident_bytes" : 17891328,
  "ram_after_resident_kb" : 17472,
  "ram_before_phys_bytes" : 5571968,
  "ram_before_phys_kb" : 5441,
  "ram_before_resident_bytes" : 17301504,
  "ram_before_resident_kb" : 16896,
  "ram_delta_phys_bytes" : 475136,
  "ram_delta_phys_kb" : 464,
  "ram_delta_resident_bytes" : 589824,
  "ram_delta_resident_kb" : 576,
  "ram_metric" : "phys_footprint",
  "readings_count" : 400,
  "retrieval_latencies_us" : [
    267.584,
    271.45800000000003,
    261.75,
    262.33300000000003,
    262.25,
    264.584,
    262.04199999999997,
    261.33300000000003,
    260.625,
    262.334,
    271.66699999999997,
    284.459,
    276.375,
    269.04199999999997,
    271.20800000000003,
    265.166,
    261.08300000000003,
    260.95800000000003,
    261.20800000000003,
    297.084,
    277.83300000000003,
    275.291,
    272.916,
    275.25,
    273.41699999999997,
    276.584,
    273,
    273.834,
    272.70800000000003,
    274.125,
    263.416,
    260.58300000000003,
    261.41699999999997,
    261.75,
    261.08300000000003,
    273.875,
    275.04199999999997,
    274.625,
    274.70800000000003,
    274.25,
    292.66699999999997,
    195.5,
    179.875,
    187.666,
    180.916,
    174.416,
    172.125,
    172.584,
    171.917,
    171.25,
    173.084,
    172.542,
    171.625,
    171.042,
    171.875,
    179.333,
    178.125,
    177.209,
    177.916,
    178.041,
    203.916,
    177.833,
    175,
    172.125,
    172.209,
    182.916,
    181.542,
    179.375,
    181.208,
    180.25,
    181.833,
    180.916,
    176.833,
    135.292,
    135.416,
    131.167,
    129.708,
    129.125,
    129.25,
    129.959,
    137.167,
    136.5,
    135.875,
    135.541,
    135.333,
    130.791,
    131.958,
    129.792,
    129.542,
    128.667,
    130.625,
    129.375,
    129.75,
    129.459,
    129.417,
    136.541,
    135.875,
    135.208,
    135.75,
    135.375
  ],
  "retrieval_samples" : 100,
  "synth_chars" : 1445,
  "synth_tokens_est" : 361,
  "timestamp" : "2026-04-26T19:56:20Z",
  "type" : "storage_only"
}