{
  "avg_retrieval_us" : 60.128260000000019,
  "backend" : "InMemory",
  "backend_key" : "inmemory",
  "context_chars" : 315,
  "context_tokens_est" : 78,
  "device" : {
    "active_cpu_cores" : 6,
    "cpu_cores" : 6,
    "model" : "iPhone",
    "name" : "iPhone",
    "platform" : "iOS",
    "ram_total_bytes" : 5994528768,
    "systemName" : "iOS",
    "systemVersion" : "26.3"
  },
  "ingest_total_ms" : 0.69212499999999999,
  "max_retrieval_us" : 204.459,
  "median_retrieval_us" : 43.792000000000002,
  "min_retrieval_us" : 36.459000000000003,
  "p50_retrieval_us" : 43.792000000000002,
  "p95_retrieval_us" : 113.791,
  "per_ingest_us" : 1.7303124999999999,
  "readings_count" : 400,
  "retrieval_latencies_us" : [
    43.292000000000002,
    42.25,
    42,
    42.332999999999998,
    43.75,
    67.915999999999997,
    43.125,
    100.25,
    43.207999999999998,
    42.707999999999998,
    43.707999999999998,
    43.75,
    44.957999999999998,
    43.25,
    75.957999999999998,
    57,
    46.292000000000002,
    42.957999999999998,
    42.084000000000003,
    42.082999999999998,
    45.375,
    44,
    43.834000000000003,
    44.167000000000002,
    43.915999999999997,
    44.457999999999998,
    43.832999999999998,
    43.915999999999997,
    43.875,
    43.582999999999998,
    41.957999999999998,
    41.625,
    41.917000000000002,
    41.875,
    41.667000000000002,
    44.125,
    43.917000000000002,
    43.792000000000002,
    43.582999999999998,
    43.584000000000003,
    43.957999999999998,
    43.415999999999997,
    43.5,
    43.75,
    43.667000000000002,
    41.875,
    42.207999999999998,
    149.125,
    93.040999999999997,
    87.167000000000002,
    88.459000000000003,
    86.042000000000002,
    86.540999999999997,
    91.207999999999998,
    40.125,
    39.917000000000002,
    38.917000000000002,
    96.75,
    95.790999999999997,
    93.084000000000003,
    93.875,
    89,
    93.75,
    85.707999999999998,
    85.709000000000003,
    101.791,
    113.791,
    105.708,
    99.207999999999998,
    98.542000000000002,
    99.290999999999997,
    204.459,
    116.25,
    58.290999999999997,
    39.707999999999998,
    53.375,
    40.165999999999997,
    36.834000000000003,
    36.790999999999997,
    36.459000000000003,
    93.415999999999997,
    92.042000000000002,
    89.832999999999998,
    39.332999999999998,
    38.75,
    36.792000000000002,
    36.540999999999997,
    123.916,
    92.625,
    53.667000000000002,
    37.042000000000002,
    36.75,
    36.459000000000003,
    36.5,
    36.540999999999997,
    41.625,
    37.957999999999998,
    37.792000000000002,
    38.082999999999998,
    38.040999999999997
  ],
  "retrieval_samples" : 100,
  "synth_chars" : 1445,
  "synth_tokens_est" : 361,
  "timestamp" : "2026-04-24T07:05:05Z",
  "type" : "storage_only"
}