{
  "avg_retrieval_us" : 152.24996999999996,
  "backend" : "InMemory",
  "backend_key" : "inmemory",
  "backend_size_after_bytes" : 7028,
  "backend_size_before_bytes" : 0,
  "backend_size_breakdown_after_bytes" : {

  },
  "backend_size_breakdown_before_bytes" : {

  },
  "backend_size_breakdown_delta_bytes" : {

  },
  "backend_size_delta_bytes" : 7028,
  "backend_size_method" : "inmemory:struct_estimate",
  "context_chars" : 315,
  "context_tokens_est" : 78,
  "device" : {
    "active_cpu_cores" : 6,
    "cpu_cores" : 6,
    "model" : "iPhone",
    "name" : "iPhone",
    "platform" : "iOS",
    "ram_total_bytes" : 5994528768,
    "systemName" : "iOS",
    "systemVersion" : "26.3"
  },
  "ingest_total_ms" : 1.3987080000000001,
  "max_retrieval_us" : 326.29199999999997,
  "median_retrieval_us" : 130.834,
  "min_retrieval_us" : 102.166,
  "p50_retrieval_us" : 130.834,
  "p95_retrieval_us" : 276.33300000000003,
  "per_ingest_us" : 3.4967700000000002,
  "ram_after_phys_bytes" : 6030784,
  "ram_after_phys_kb" : 5889,
  "ram_after_resident_bytes" : 17858560,
  "ram_after_resident_kb" : 17440,
  "ram_before_phys_bytes" : 5604800,
  "ram_before_phys_kb" : 5473,
  "ram_before_resident_bytes" : 17317888,
  "ram_before_resident_kb" : 16912,
  "ram_delta_phys_bytes" : 425984,
  "ram_delta_phys_kb" : 416,
  "ram_delta_resident_bytes" : 540672,
  "ram_delta_resident_kb" : 528,
  "ram_metric" : "phys_footprint",
  "readings_count" : 400,
  "retrieval_latencies_us" : [
    176.458,
    173.084,
    172.333,
    171.208,
    171.625,
    174.292,
    172.917,
    179.959,
    260.709,
    260.16699999999997,
    273,
    271.70800000000003,
    326.29199999999997,
    284.33300000000003,
    274.45800000000003,
    265.29199999999997,
    264.416,
    262.58300000000003,
    261,
    260.625,
    279.83300000000003,
    281.04199999999997,
    276.33300000000003,
    273.79199999999997,
    274,
    256.54199999999997,
    108.584,
    108.25,
    137.125,
    108.875,
    104.333,
    102.917,
    103.209,
    102.625,
    103.458,
    109.334,
    108.542,
    107.708,
    108.125,
    108.917,
    108.875,
    108,
    108.333,
    107.792,
    107.958,
    103.833,
    112.125,
    104.542,
    103.125,
    102.708,
    104.791,
    103,
    102.666,
    102.166,
    102.333,
    109,
    108.792,
    107.542,
    105.917,
    106.458,
    105.959,
    124.042,
    129,
    128.583,
    128.958,
    136.958,
    135.875,
    135.459,
    134.583,
    135.416,
    136.209,
    135.75,
    135.916,
    135.458,
    135,
    130.166,
    128.667,
    130.916,
    129.583,
    130.5,
    136.083,
    136,
    135.25,
    134.875,
    135.042,
    130.834,
    129.416,
    129.917,
    128.75,
    131.875,
    130.75,
    129.417,
    129.458,
    129.291,
    128.416,
    138.208,
    139.166,
    137.875,
    135.75,
    135.667
  ],
  "retrieval_samples" : 100,
  "synth_chars" : 1445,
  "synth_tokens_est" : 361,
  "timestamp" : "2026-04-27T15:31:08Z",
  "type" : "storage_only"
}