{
  "avg_retrieval_us" : 58.225830000000002,
  "backend" : "InMemory",
  "backend_key" : "inmemory",
  "context_chars" : 315,
  "context_tokens_est" : 78,
  "device" : {
    "active_cpu_cores" : 6,
    "cpu_cores" : 6,
    "model" : "iPhone",
    "name" : "iPhone",
    "platform" : "iOS",
    "ram_total_bytes" : 5994528768,
    "systemName" : "iOS",
    "systemVersion" : "26.3"
  },
  "ingest_total_ms" : 1.3708750000000001,
  "max_retrieval_us" : 211.417,
  "median_retrieval_us" : 43.834000000000003,
  "min_retrieval_us" : 41.292000000000002,
  "p50_retrieval_us" : 43.834000000000003,
  "p95_retrieval_us" : 107.459,
  "per_ingest_us" : 3.4271875000000001,
  "readings_count" : 400,
  "retrieval_latencies_us" : [
    96.375,
    89.707999999999998,
    93.584000000000003,
    89.75,
    92.792000000000002,
    143.458,
    98.915999999999997,
    88.207999999999998,
    87.292000000000002,
    98.415999999999997,
    96.75,
    96.5,
    94.417000000000002,
    101.292,
    107.459,
    119.917,
    92.25,
    90.75,
    84.917000000000002,
    84.917000000000002,
    109.917,
    53.332999999999998,
    45.917000000000002,
    45.290999999999997,
    44.167000000000002,
    46.290999999999997,
    44.292000000000002,
    44.415999999999997,
    76.915999999999997,
    52.915999999999997,
    44.082999999999998,
    42.792000000000002,
    42.457999999999998,
    43.625,
    42.5,
    44.75,
    44.082999999999998,
    44,
    43.792000000000002,
    44.582999999999998,
    44.334000000000003,
    43.834000000000003,
    44.082999999999998,
    43.957999999999998,
    43.834000000000003,
    42.125,
    41.667000000000002,
    41.834000000000003,
    42.167000000000002,
    42.084000000000003,
    42.084000000000003,
    41.75,
    41.792000000000002,
    42,
    41.457999999999998,
    43.582999999999998,
    43.875,
    42.582999999999998,
    43.082999999999998,
    42.915999999999997,
    211.417,
    85.167000000000002,
    43.207999999999998,
    41.957999999999998,
    41.667000000000002,
    44.707999999999998,
    43.540999999999997,
    43.457999999999998,
    43.5,
    43.582999999999998,
    43.667000000000002,
    43.167000000000002,
    43.334000000000003,
    43.375,
    43.292000000000002,
    41.75,
    41.542000000000002,
    41.75,
    41.292000000000002,
    41.667000000000002,
    43.540999999999997,
    43.5,
    43.417000000000002,
    43.292000000000002,
    42.915999999999997,
    41.625,
    41.292000000000002,
    41.5,
    42.832999999999998,
    83,
    51.25,
    43.457999999999998,
    42.207999999999998,
    42,
    41.707999999999998,
    44.957999999999998,
    44.540999999999997,
    44.417000000000002,
    87.167000000000002,
    44.082999999999998
  ],
  "retrieval_samples" : 100,
  "synth_chars" : 1445,
  "synth_tokens_est" : 361,
  "timestamp" : "2026-04-24T07:05:33Z",
  "type" : "storage_only"
}