{
  "avg_retrieval_us" : 34.736159999999998,
  "backend" : "InMemory",
  "backend_key" : "inmemory",
  "context_chars" : 315,
  "context_tokens_est" : 78,
  "device" : {
    "active_cpu_cores" : 6,
    "cpu_cores" : 6,
    "model" : "iPhone",
    "name" : "iPhone",
    "platform" : "iOS",
    "ram_total_bytes" : 5994528768,
    "systemName" : "iOS",
    "systemVersion" : "26.3"
  },
  "ingest_total_ms" : 0.49383300000000002,
  "max_retrieval_us" : 147.25,
  "median_retrieval_us" : 30.791,
  "min_retrieval_us" : 28.332999999999998,
  "p50_retrieval_us" : 30.791,
  "p95_retrieval_us" : 73.375,
  "per_ingest_us" : 1.2345824999999999,
  "readings_count" : 400,
  "retrieval_latencies_us" : [
    37.832999999999998,
    31.459,
    30.707999999999998,
    30.291,
    30.332999999999998,
    31.25,
    30.167000000000002,
    85.75,
    108.666,
    98.25,
    147.25,
    38.082999999999998,
    33.165999999999997,
    31.791,
    31.875,
    31.667000000000002,
    31.875,
    33.415999999999997,
    30.625,
    30.75,
    31.625,
    32.25,
    31.042000000000002,
    31.041,
    31.042000000000002,
    31.291,
    31.125,
    31.125,
    31,
    30.75,
    29.666,
    29.457999999999998,
    29.5,
    29.291,
    29.582999999999998,
    31.041,
    30.917000000000002,
    30.875,
    30.957999999999998,
    30.791,
    31.042000000000002,
    30.832999999999998,
    30.832999999999998,
    30.832999999999998,
    30.916,
    29.667000000000002,
    29.375,
    29.834,
    29.375,
    29.667000000000002,
    29.542000000000002,
    29.416,
    30.375,
    29.667000000000002,
    29.582999999999998,
    34.042000000000002,
    73.375,
    33.415999999999997,
    30.666,
    30.25,
    29.709,
    30.332999999999998,
    29.832999999999998,
    30.542000000000002,
    29.292000000000002,
    31.75,
    49.167000000000002,
    59.5,
    31.875,
    32.084000000000003,
    32.832999999999998,
    31.292000000000002,
    31.207999999999998,
    31.125,
    31.042000000000002,
    30.332999999999998,
    29.666,
    28.917000000000002,
    28.707999999999998,
    28.957999999999998,
    30.125,
    29.75,
    30.207999999999998,
    30.082999999999998,
    30,
    28.707999999999998,
    28.542000000000002,
    28.457999999999998,
    28.625,
    28.584,
    28.5,
    28.707999999999998,
    28.332999999999998,
    29.292000000000002,
    30.416,
    31.167000000000002,
    31.042000000000002,
    30.707999999999998,
    31,
    30.917000000000002
  ],
  "retrieval_samples" : 100,
  "synth_chars" : 1445,
  "synth_tokens_est" : 361,
  "timestamp" : "2026-04-24T07:05:47Z",
  "type" : "storage_only"
}