{
  "avg_retrieval_us" : 181.92335000000006,
  "backend" : "InMemory",
  "backend_key" : "inmemory",
  "backend_size_after_bytes" : 7028,
  "backend_size_before_bytes" : 0,
  "backend_size_breakdown_after_bytes" : {

  },
  "backend_size_breakdown_before_bytes" : {

  },
  "backend_size_breakdown_delta_bytes" : {

  },
  "backend_size_delta_bytes" : 7028,
  "backend_size_method" : "inmemory:struct_estimate",
  "context_chars" : 315,
  "context_tokens_est" : 78,
  "device" : {
    "active_cpu_cores" : 6,
    "cpu_cores" : 6,
    "model" : "iPhone",
    "name" : "iPhone",
    "platform" : "iOS",
    "ram_total_bytes" : 5994528768,
    "systemName" : "iOS",
    "systemVersion" : "26.3"
  },
  "ingest_total_ms" : 2.162833,
  "max_retrieval_us" : 293.5,
  "median_retrieval_us" : 171.875,
  "min_retrieval_us" : 102.292,
  "p50_retrieval_us" : 171.875,
  "p95_retrieval_us" : 275.41699999999997,
  "per_ingest_us" : 5.4070824999999996,
  "ram_after_phys_bytes" : 6063488,
  "ram_after_phys_kb" : 5921,
  "ram_after_resident_bytes" : 17907712,
  "ram_after_resident_kb" : 17488,
  "ram_before_phys_bytes" : 5637504,
  "ram_before_phys_kb" : 5505,
  "ram_before_resident_bytes" : 17367040,
  "ram_before_resident_kb" : 16960,
  "ram_delta_phys_bytes" : 425984,
  "ram_delta_phys_kb" : 416,
  "ram_delta_resident_bytes" : 540672,
  "ram_delta_resident_kb" : 528,
  "ram_metric" : "phys_footprint",
  "readings_count" : 400,
  "retrieval_latencies_us" : [
    293.5,
    264,
    260.58300000000003,
    262.625,
    261.33300000000003,
    266.334,
    261.20800000000003,
    261.54199999999997,
    261.875,
    260.83300000000003,
    270.875,
    270.375,
    268.75,
    268.209,
    268.16699999999997,
    263.66699999999997,
    261.541,
    264.91699999999997,
    292.084,
    269.08300000000003,
    275.41699999999997,
    274.084,
    272.959,
    272.834,
    291.79199999999997,
    289.04199999999997,
    262.709,
    179.25,
    180,
    179.792,
    173,
    171.292,
    171.5,
    171.541,
    170.5,
    181.125,
    180.375,
    185.25,
    181.083,
    180.25,
    181.667,
    180.166,
    179.583,
    179.5,
    179.584,
    173.834,
    171.875,
    169.958,
    170.541,
    171.208,
    172.167,
    171.5,
    172,
    171.166,
    171.792,
    179.125,
    176.958,
    176.167,
    177.042,
    177.083,
    166.333,
    129.042,
    128.958,
    128.958,
    128.166,
    136,
    135.041,
    135.458,
    134.792,
    135.875,
    135.958,
    141.834,
    138.333,
    134.958,
    135,
    130.542,
    128.75,
    128.5,
    135.917,
    130.541,
    136.917,
    134.75,
    135.708,
    135.458,
    134.916,
    130.625,
    129.5,
    129.292,
    128.75,
    132.542,
    118.417,
    102.833,
    102.292,
    102.792,
    102.792,
    107.875,
    107.75,
    107.083,
    107.334,
    107.541
  ],
  "retrieval_samples" : 100,
  "synth_chars" : 1445,
  "synth_tokens_est" : 361,
  "timestamp" : "2026-04-27T15:30:43Z",
  "type" : "storage_only"
}