{
  "type": "storage_only",
  "timestamp": "2026-04-16T13:53:01.207793Z",
  "device": {
    "model": "moto g35 5G",
    "manufacturer": "motorola",
    "board": "manila",
    "hardware": "ums9620_2h10",
    "cpu_cores": 8,
    "ram_total_kb": 3497628,
    "android_version": "14",
    "sdk_int": 34,
    "abi": "arm64-v8a"
  },
  "backend": "RocksDB",
  "backend_key": "rocksdb",
  "readings_count": 200,
  "ingest_total_ms": 229.056308,
  "per_ingest_us": 1145.28154,
  "retrieval_samples": 50,
  "retrieval_latencies_us": [
    8255.193,
    7991.846,
    7996.039,
    8080.769,
    7995.0,
    8297.423,
    8419.654,
    8379.5,
    8415.231,
    9106.039,
    8765.884,
    8743.269,
    8741.385,
    8716.961,
    8694.231,
    8851.846,
    8635.769,
    8840.347,
    8749.077,
    8692.576,
    8805.385,
    8850.847,
    8772.077,
    8916.692,
    8839.846,
    8780.0,
    8768.5,
    8477.961,
    7834.307,
    7703.731,
    7289.5,
    7056.461,
    7114.577,
    7197.385,
    7089.423,
    7231.307,
    7073.5,
    7862.461,
    6621.038,
    6602.692,
    6501.038,
    6482.961,
    6474.577,
    6373.961,
    6453.424,
    6592.884,
    6568.846,
    6358.808,
    6421.154,
    6478.923
  ],
  "avg_retrieval_us": 7839.246100000001,
  "median_retrieval_us": 8080.769,
  "min_retrieval_us": 6358.808,
  "max_retrieval_us": 9106.039,
  "p50_retrieval_us": 8080.769,
  "p95_retrieval_us": 8851.846,
  "context_chars": 315,
  "context_tokens_est": 78,
  "synth_chars": 815,
  "synth_tokens_est": 203,
  "ram_before_kb": 173220,
  "ram_after_kb": 179928,
  "ram_delta_kb": 6708,
  "io_write_bytes_before": 143360,
  "io_write_bytes_after": 188416,
  "io_write_bytes_delta": 45056
}