{
  "type": "storage_only",
  "timestamp": "2026-04-16T13:53:31.218643Z",
  "device": {
    "model": "moto g35 5G",
    "manufacturer": "motorola",
    "board": "manila",
    "hardware": "ums9620_2h10",
    "cpu_cores": 8,
    "ram_total_kb": 3497628,
    "android_version": "14",
    "sdk_int": 34,
    "abi": "arm64-v8a"
  },
  "backend": "RocksDB",
  "backend_key": "rocksdb",
  "readings_count": 200,
  "ingest_total_ms": 236.619307,
  "per_ingest_us": 1183.096535,
  "retrieval_samples": 50,
  "retrieval_latencies_us": [
    9826.654,
    9737.346,
    9724.424,
    9732.461,
    9790.924,
    10005.115,
    10415.385,
    10417.0,
    10459.423,
    10368.307,
    10223.654,
    10356.807,
    10323.346,
    10285.538,
    10242.0,
    10255.923,
    10339.885,
    10535.5,
    10372.038,
    10327.884,
    10501.308,
    10408.693,
    10472.384,
    10360.385,
    10360.346,
    9446.885,
    9426.769,
    8753.577,
    8780.269,
    8827.384,
    8899.0,
    8806.269,
    8826.538,
    8501.615,
    8245.73,
    8485.039,
    8509.192,
    8364.0,
    8196.077,
    8263.538,
    8523.538,
    8186.0,
    8069.539,
    8302.038,
    8575.884,
    8303.115,
    8148.231,
    8357.423,
    8298.77,
    8131.5
  ],
  "avg_retrieval_us": 9381.412999999999,
  "median_retrieval_us": 9724.424,
  "min_retrieval_us": 8069.539,
  "max_retrieval_us": 10535.5,
  "p50_retrieval_us": 9724.424,
  "p95_retrieval_us": 10472.384,
  "context_chars": 315,
  "context_tokens_est": 78,
  "synth_chars": 815,
  "synth_tokens_est": 203,
  "ram_before_kb": 172280,
  "ram_after_kb": 178280,
  "ram_delta_kb": 6000,
  "io_write_bytes_before": 143360,
  "io_write_bytes_after": 188416,
  "io_write_bytes_delta": 45056
}