{
  "type": "storage_only",
  "timestamp": "2026-04-16T13:53:13.168111Z",
  "device": {
    "model": "moto g35 5G",
    "manufacturer": "motorola",
    "board": "manila",
    "hardware": "ums9620_2h10",
    "cpu_cores": 8,
    "ram_total_kb": 3497628,
    "android_version": "14",
    "sdk_int": 34,
    "abi": "arm64-v8a"
  },
  "backend": "RocksDB",
  "backend_key": "rocksdb",
  "readings_count": 200,
  "ingest_total_ms": 232.635538,
  "per_ingest_us": 1163.17769,
  "retrieval_samples": 50,
  "retrieval_latencies_us": [
    6131.154,
    5905.193,
    5819.999,
    5764.769,
    5727.808,
    5866.231,
    5861.653,
    6121.808,
    6295.423,
    6370.077,
    6634.961,
    6740.115,
    6904.154,
    6832.5,
    6652.538,
    6694.654,
    6605.654,
    6650.769,
    6514.346,
    6612.769,
    6575.308,
    6550.269,
    6654.846,
    6807.039,
    6706.654,
    6754.77,
    6522.192,
    6615.462,
    6636.424,
    6623.115,
    6620.846,
    6655.423,
    6450.731,
    6655.577,
    6546.846,
    6728.847,
    6530.038,
    6398.153,
    5747.615,
    5513.384,
    5513.0,
    5079.346,
    4926.192,
    4950.384,
    4917.269,
    4964.769,
    4921.923,
    4976.384,
    5006.385,
    4992.5
  ],
  "avg_retrieval_us": 6144.965319999999,
  "median_retrieval_us": 6522.192,
  "min_retrieval_us": 4917.269,
  "max_retrieval_us": 6904.154,
  "p50_retrieval_us": 6522.192,
  "p95_retrieval_us": 6807.039,
  "context_chars": 315,
  "context_tokens_est": 78,
  "synth_chars": 815,
  "synth_tokens_est": 203,
  "ram_before_kb": 175100,
  "ram_after_kb": 179432,
  "ram_delta_kb": 4332,
  "io_write_bytes_before": 217088,
  "io_write_bytes_after": 266240,
  "io_write_bytes_delta": 49152
}