{
  "type": "storage_only",
  "timestamp": "2026-04-16T13:52:55.167328Z",
  "device": {
    "model": "moto g35 5G",
    "manufacturer": "motorola",
    "board": "manila",
    "hardware": "ums9620_2h10",
    "cpu_cores": 8,
    "ram_total_kb": 3497628,
    "android_version": "14",
    "sdk_int": 34,
    "abi": "arm64-v8a"
  },
  "backend": "RocksDB",
  "backend_key": "rocksdb",
  "readings_count": 200,
  "ingest_total_ms": 214.837576,
  "per_ingest_us": 1074.18788,
  "retrieval_samples": 50,
  "retrieval_latencies_us": [
    6696.115,
    6764.885,
    6557.885,
    6997.423,
    7149.307,
    7046.923,
    7014.039,
    7694.039,
    7471.692,
    7337.346,
    7423.039,
    7296.731,
    7230.346,
    7430.346,
    7351.577,
    7501.231,
    7459.115,
    7468.923,
    7446.846,
    7315.693,
    7319.616,
    7427.923,
    7366.846,
    7433.577,
    7417.847,
    7560.961,
    7560.846,
    7437.654,
    7297.0,
    7298.384,
    6582.538,
    6333.885,
    6042.616,
    5836.077,
    5785.654,
    5815.346,
    5782.462,
    5668.884,
    5744.731,
    5792.923,
    5618.077,
    5324.5,
    5077.692,
    5016.923,
    5170.039,
    5236.308,
    5219.692,
    5138.308,
    5039.538,
    4964.538
  ],
  "avg_retrieval_us": 6599.29772,
  "median_retrieval_us": 7046.923,
  "min_retrieval_us": 4964.538,
  "max_retrieval_us": 7694.039,
  "p50_retrieval_us": 7046.923,
  "p95_retrieval_us": 7560.846,
  "context_chars": 315,
  "context_tokens_est": 78,
  "synth_chars": 815,
  "synth_tokens_est": 203,
  "ram_before_kb": 174952,
  "ram_after_kb": 179804,
  "ram_delta_kb": 4852,
  "io_write_bytes_before": 159744,
  "io_write_bytes_after": 204800,
  "io_write_bytes_delta": 45056
}