{
  "type": "storage_only",
  "timestamp": "2026-04-16T13:53:25.179372Z",
  "device": {
    "model": "moto g35 5G",
    "manufacturer": "motorola",
    "board": "manila",
    "hardware": "ums9620_2h10",
    "cpu_cores": 8,
    "ram_total_kb": 3497628,
    "android_version": "14",
    "sdk_int": 34,
    "abi": "arm64-v8a"
  },
  "backend": "RocksDB",
  "backend_key": "rocksdb",
  "readings_count": 200,
  "ingest_total_ms": 217.610923,
  "per_ingest_us": 1088.054615,
  "retrieval_samples": 50,
  "retrieval_latencies_us": [
    9276.384,
    8659.231,
    8573.116,
    8597.5,
    8473.423,
    8551.846,
    8540.769,
    8677.616,
    8729.538,
    8797.307,
    9290.269,
    9291.347,
    9261.423,
    9172.462,
    9179.461,
    9248.385,
    9232.615,
    9200.807,
    9196.692,
    9235.384,
    9325.192,
    9185.115,
    9244.538,
    9244.346,
    9231.538,
    9219.654,
    9262.885,
    8993.884,
    8179.769,
    8017.27,
    7682.423,
    7529.423,
    7582.885,
    7414.616,
    7582.0,
    7800.038,
    7799.423,
    7250.077,
    7177.307,
    7203.538,
    7129.924,
    7215.885,
    7249.538,
    7090.616,
    7138.384,
    7212.154,
    7169.923,
    7395.77,
    7019.423,
    7034.193
  ],
  "avg_retrieval_us": 8315.34612,
  "median_retrieval_us": 8573.116,
  "min_retrieval_us": 7019.423,
  "max_retrieval_us": 9325.192,
  "p50_retrieval_us": 8573.116,
  "p95_retrieval_us": 9290.269,
  "context_chars": 315,
  "context_tokens_est": 78,
  "synth_chars": 815,
  "synth_tokens_est": 203,
  "ram_before_kb": 172360,
  "ram_after_kb": 178424,
  "ram_delta_kb": 6064,
  "io_write_bytes_before": 143360,
  "io_write_bytes_after": 188416,
  "io_write_bytes_delta": 45056
}