{
  "type": "storage_only",
  "timestamp": "2026-04-16T13:53:19.181935Z",
  "device": {
    "model": "moto g35 5G",
    "manufacturer": "motorola",
    "board": "manila",
    "hardware": "ums9620_2h10",
    "cpu_cores": 8,
    "ram_total_kb": 3497628,
    "android_version": "14",
    "sdk_int": 34,
    "abi": "arm64-v8a"
  },
  "backend": "RocksDB",
  "backend_key": "rocksdb",
  "readings_count": 200,
  "ingest_total_ms": 227.879154,
  "per_ingest_us": 1139.39577,
  "retrieval_samples": 50,
  "retrieval_latencies_us": [
    7690.847,
    7065.616,
    7041.653,
    7031.116,
    6941.538,
    6844.423,
    7021.077,
    7330.654,
    7611.192,
    7350.577,
    7382.077,
    7964.154,
    7844.73,
    7777.384,
    7753.654,
    7790.462,
    7737.808,
    7812.731,
    7962.347,
    7948.346,
    7962.269,
    7795.346,
    7813.654,
    7768.423,
    7750.269,
    7806.346,
    7806.538,
    7683.23,
    7890.423,
    7729.538,
    7627.538,
    7430.5,
    6716.654,
    6745.154,
    6419.615,
    6215.346,
    6275.0,
    6188.231,
    6185.923,
    6200.808,
    6248.039,
    5908.116,
    5608.5,
    5678.769,
    5595.154,
    5497.192,
    5468.731,
    5661.5,
    5435.039,
    5362.731
  ],
  "avg_retrieval_us": 7007.539240000001,
  "median_retrieval_us": 7350.577,
  "min_retrieval_us": 5362.731,
  "max_retrieval_us": 7964.154,
  "p50_retrieval_us": 7350.577,
  "p95_retrieval_us": 7962.269,
  "context_chars": 315,
  "context_tokens_est": 78,
  "synth_chars": 815,
  "synth_tokens_est": 203,
  "ram_before_kb": 172544,
  "ram_after_kb": 179568,
  "ram_delta_kb": 7024,
  "io_write_bytes_before": 143360,
  "io_write_bytes_after": 188416,
  "io_write_bytes_delta": 45056
}