{
  "type": "storage_only",
  "timestamp": "2026-04-16T13:53:42.902360Z",
  "device": {
    "model": "moto g35 5G",
    "manufacturer": "motorola",
    "board": "manila",
    "hardware": "ums9620_2h10",
    "cpu_cores": 8,
    "ram_total_kb": 3497628,
    "android_version": "14",
    "sdk_int": 34,
    "abi": "arm64-v8a"
  },
  "backend": "RocksDB",
  "backend_key": "rocksdb",
  "readings_count": 200,
  "ingest_total_ms": 209.572499,
  "per_ingest_us": 1047.862495,
  "retrieval_samples": 50,
  "retrieval_latencies_us": [
    6637.769,
    6757.27,
    7142.269,
    6857.538,
    7183.538,
    6617.308,
    6332.269,
    6288.923,
    6281.885,
    6251.0,
    6293.923,
    6297.538,
    6392.423,
    6416.384,
    6868.423,
    6811.846,
    6964.731,
    6838.0,
    7139.116,
    6996.231,
    7082.0,
    7086.039,
    6980.192,
    6987.846,
    7218.846,
    7160.538,
    7149.616,
    7139.77,
    7192.692,
    7043.385,
    7009.27,
    7044.077,
    7029.038,
    6921.0,
    6923.538,
    7044.808,
    7323.962,
    7278.769,
    7221.115,
    7164.423,
    7064.769,
    6971.769,
    6220.385,
    6121.346,
    5873.192,
    5484.731,
    5467.807,
    5521.615,
    5561.308,
    5577.692
  ],
  "avg_retrieval_us": 6704.678439999997,
  "median_retrieval_us": 6964.731,
  "min_retrieval_us": 5467.807,
  "max_retrieval_us": 7323.962,
  "p50_retrieval_us": 6964.731,
  "p95_retrieval_us": 7221.115,
  "context_chars": 315,
  "context_tokens_est": 78,
  "synth_chars": 815,
  "synth_tokens_est": 203,
  "ram_before_kb": 172140,
  "ram_after_kb": 178280,
  "ram_delta_kb": 6140,
  "io_write_bytes_before": 147456,
  "io_write_bytes_after": 192512,
  "io_write_bytes_delta": 45056
}