{
  "type": "storage_only",
  "timestamp": "2026-04-16T13:53:36.902847Z",
  "device": {
    "model": "moto g35 5G",
    "manufacturer": "motorola",
    "board": "manila",
    "hardware": "ums9620_2h10",
    "cpu_cores": 8,
    "ram_total_kb": 3497628,
    "android_version": "14",
    "sdk_int": 34,
    "abi": "arm64-v8a"
  },
  "backend": "RocksDB",
  "backend_key": "rocksdb",
  "readings_count": 200,
  "ingest_total_ms": 215.406308,
  "per_ingest_us": 1077.03154,
  "retrieval_samples": 50,
  "retrieval_latencies_us": [
    5697.769,
    6097.116,
    6284.769,
    6094.577,
    5545.0,
    5502.615,
    5336.193,
    5389.231,
    5353.0,
    5409.73,
    5494.423,
    5285.424,
    5402.462,
    5699.077,
    5764.115,
    5801.307,
    5786.269,
    5782.308,
    6351.193,
    6257.923,
    6178.576,
    6096.538,
    6130.923,
    6120.692,
    6087.5,
    6172.73,
    6114.846,
    6186.193,
    6118.385,
    6181.923,
    6190.769,
    6055.808,
    6045.424,
    6010.116,
    5998.539,
    6151.192,
    6117.0,
    6118.538,
    6223.462,
    5966.077,
    6244.692,
    6104.693,
    6025.231,
    5974.769,
    5932.384,
    5275.769,
    5019.231,
    4917.192,
    4657.269,
    4430.077
  ],
  "avg_retrieval_us": 5823.620780000001,
  "median_retrieval_us": 6025.231,
  "min_retrieval_us": 4430.077,
  "max_retrieval_us": 6351.193,
  "p50_retrieval_us": 6025.231,
  "p95_retrieval_us": 6257.923,
  "context_chars": 315,
  "context_tokens_est": 78,
  "synth_chars": 815,
  "synth_tokens_est": 203,
  "ram_before_kb": 174852,
  "ram_after_kb": 178580,
  "ram_delta_kb": 3728,
  "io_write_bytes_before": 212992,
  "io_write_bytes_after": 258048,
  "io_write_bytes_delta": 45056
}