{
  "type": "storage_only",
  "timestamp": "2026-04-16T13:53:07.326343Z",
  "device": {
    "model": "moto g35 5G",
    "manufacturer": "motorola",
    "board": "manila",
    "hardware": "ums9620_2h10",
    "cpu_cores": 8,
    "ram_total_kb": 3497628,
    "android_version": "14",
    "sdk_int": 34,
    "abi": "arm64-v8a"
  },
  "backend": "RocksDB",
  "backend_key": "rocksdb",
  "readings_count": 200,
  "ingest_total_ms": 216.402346,
  "per_ingest_us": 1082.01173,
  "retrieval_samples": 50,
  "retrieval_latencies_us": [
    10429.0,
    10052.884,
    10094.808,
    10011.461,
    10257.577,
    10484.539,
    10284.731,
    10888.231,
    10672.923,
    10717.461,
    10650.616,
    10644.0,
    10707.693,
    10557.884,
    10715.923,
    10601.539,
    10693.193,
    10683.693,
    10701.231,
    10512.346,
    10691.884,
    10674.538,
    10493.923,
    9778.116,
    9489.423,
    9138.231,
    9298.962,
    9135.307,
    9129.653,
    9307.808,
    9145.5,
    8646.77,
    9641.153,
    8772.077,
    8816.115,
    8556.077,
    8540.423,
    8541.347,
    8481.308,
    8591.538,
    8698.692,
    8673.346,
    8833.0,
    8472.077,
    8516.808,
    8506.808,
    8596.269,
    8529.615,
    8783.077,
    8442.423
  ],
  "avg_retrieval_us": 9625.680020000002,
  "median_retrieval_us": 9641.153,
  "min_retrieval_us": 8442.423,
  "max_retrieval_us": 10888.231,
  "p50_retrieval_us": 9641.153,
  "p95_retrieval_us": 10715.923,
  "context_chars": 315,
  "context_tokens_est": 78,
  "synth_chars": 815,
  "synth_tokens_est": 203,
  "ram_before_kb": 172620,
  "ram_after_kb": 178676,
  "ram_delta_kb": 6056,
  "io_write_bytes_before": 151552,
  "io_write_bytes_after": 196608,
  "io_write_bytes_delta": 45056
}