{
  "type": "storage_only",
  "timestamp": "2026-04-16T13:53:48.901986Z",
  "device": {
    "model": "moto g35 5G",
    "manufacturer": "motorola",
    "board": "manila",
    "hardware": "ums9620_2h10",
    "cpu_cores": 8,
    "ram_total_kb": 3497628,
    "android_version": "14",
    "sdk_int": 34,
    "abi": "arm64-v8a"
  },
  "backend": "RocksDB",
  "backend_key": "rocksdb",
  "readings_count": 200,
  "ingest_total_ms": 220.694654,
  "per_ingest_us": 1103.47327,
  "retrieval_samples": 50,
  "retrieval_latencies_us": [
    8361.692,
    8389.692,
    7898.615,
    7841.038,
    7818.73,
    7880.5,
    8015.616,
    7920.538,
    8044.884,
    8037.923,
    8070.308,
    8747.077,
    8534.923,
    8466.231,
    8448.538,
    8409.077,
    8382.385,
    8483.384,
    8378.423,
    8445.538,
    8507.154,
    8498.423,
    8482.731,
    8626.0,
    8524.539,
    8622.538,
    8565.423,
    8537.039,
    8438.885,
    7880.923,
    7511.193,
    7146.0,
    6906.346,
    6874.807,
    6784.077,
    6850.538,
    6859.846,
    6911.0,
    6667.846,
    6208.577,
    6439.77,
    6253.039,
    6260.653,
    6399.115,
    6412.923,
    6288.654,
    6458.731,
    6074.308,
    6269.27,
    6043.231
  ],
  "avg_retrieval_us": 7617.57382,
  "median_retrieval_us": 7920.538,
  "min_retrieval_us": 6043.231,
  "max_retrieval_us": 8747.077,
  "p50_retrieval_us": 7920.538,
  "p95_retrieval_us": 8622.538,
  "context_chars": 315,
  "context_tokens_est": 78,
  "synth_chars": 815,
  "synth_tokens_est": 203,
  "ram_before_kb": 174640,
  "ram_after_kb": 178716,
  "ram_delta_kb": 4076,
  "io_write_bytes_before": 143360,
  "io_write_bytes_after": 188416,
  "io_write_bytes_delta": 45056
}