{
  "type": "storage_only",
  "timestamp": "2026-04-16T12:44:12.420871Z",
  "device": {
    "model": "moto g35 5G",
    "manufacturer": "motorola",
    "board": "manila",
    "hardware": "ums9620_2h10",
    "cpu_cores": 8,
    "ram_total_kb": 3497628,
    "android_version": "14",
    "sdk_int": 34,
    "abi": "arm64-v8a"
  },
  "backend": "Valkey-Precompute",
  "backend_key": "valkey-precompute",
  "readings_count": 200,
  "ingest_total_ms": 759.978692,
  "per_ingest_us": 3799.89346,
  "retrieval_samples": 50,
  "retrieval_latencies_us": [
    2731.769,
    946.192,
    2309.0,
    1064.385,
    1845.0,
    952.769,
    1525.269,
    936.884,
    1122.461,
    1026.654,
    1150.461,
    1019.616,
    1161.808,
    1107.269,
    1260.192,
    1032.384,
    1157.269,
    1068.615,
    1284.192,
    1175.884,
    818.962,
    1761.077,
    652.538,
    1571.693,
    830.846,
    1495.116,
    791.538,
    1473.731,
    1125.615,
    1395.423,
    1217.193,
    920.577,
    962.154,
    884.308,
    1477.308,
    1542.192,
    604.692,
    1396.77,
    601.423,
    1163.654,
    636.346,
    1333.077,
    726.192,
    1089.385,
    667.577,
    672.846,
    919.538,
    733.0,
    804.423,
    1003.423
  ],
  "avg_retrieval_us": 1143.0138,
  "median_retrieval_us": 1089.385,
  "min_retrieval_us": 601.423,
  "max_retrieval_us": 2731.769,
  "p50_retrieval_us": 1089.385,
  "p95_retrieval_us": 1845.0,
  "context_chars": 248,
  "context_tokens_est": 62,
  "synth_chars": 815,
  "synth_tokens_est": 203,
  "ram_before_kb": 163196,
  "ram_after_kb": 162204,
  "ram_delta_kb": -992,
  "io_write_bytes_before": 0,
  "io_write_bytes_after": 0,
  "io_write_bytes_delta": 0
}