{
  "type": "storage_only",
  "timestamp": "2026-04-16T12:44:47.375166Z",
  "device": {
    "model": "moto g35 5G",
    "manufacturer": "motorola",
    "board": "manila",
    "hardware": "ums9620_2h10",
    "cpu_cores": 8,
    "ram_total_kb": 3497628,
    "android_version": "14",
    "sdk_int": 34,
    "abi": "arm64-v8a"
  },
  "backend": "Valkey-Precompute",
  "backend_key": "valkey-precompute",
  "readings_count": 200,
  "ingest_total_ms": 739.560115,
  "per_ingest_us": 3697.800575,
  "retrieval_samples": 50,
  "retrieval_latencies_us": [
    951.884,
    1116.0,
    1263.5,
    913.731,
    1060.193,
    1137.154,
    1110.808,
    957.27,
    936.616,
    1254.038,
    995.539,
    930.73,
    1069.654,
    993.961,
    898.884,
    1077.308,
    975.231,
    1113.0,
    1050.116,
    1009.077,
    710.308,
    679.384,
    956.885,
    955.885,
    654.77,
    1039.192,
    1037.154,
    690.116,
    1036.0,
    1115.538,
    829.192,
    871.423,
    934.961,
    653.154,
    963.73,
    1014.616,
    634.116,
    601.885,
    995.039,
    1029.885,
    772.692,
    988.077,
    710.962,
    604.115,
    916.808,
    794.461,
    589.808,
    1000.424,
    591.654,
    600.423
  ],
  "avg_retrieval_us": 915.7470199999999,
  "median_retrieval_us": 957.27,
  "min_retrieval_us": 589.808,
  "max_retrieval_us": 1263.5,
  "p50_retrieval_us": 957.27,
  "p95_retrieval_us": 1137.154,
  "context_chars": 248,
  "context_tokens_est": 62,
  "synth_chars": 815,
  "synth_tokens_est": 203,
  "ram_before_kb": 161504,
  "ram_after_kb": 162696,
  "ram_delta_kb": 1192,
  "io_write_bytes_before": 0,
  "io_write_bytes_after": 0,
  "io_write_bytes_delta": 0
}