{
  "type": "storage_only",
  "timestamp": "2026-04-16T12:44:41.571766Z",
  "device": {
    "model": "moto g35 5G",
    "manufacturer": "motorola",
    "board": "manila",
    "hardware": "ums9620_2h10",
    "cpu_cores": 8,
    "ram_total_kb": 3497628,
    "android_version": "14",
    "sdk_int": 34,
    "abi": "arm64-v8a"
  },
  "backend": "Valkey-Precompute",
  "backend_key": "valkey-precompute",
  "readings_count": 200,
  "ingest_total_ms": 733.767307,
  "per_ingest_us": 3668.836535,
  "retrieval_samples": 50,
  "retrieval_latencies_us": [
    1316.808,
    1016.346,
    1018.5,
    930.192,
    1164.692,
    679.808,
    1060.423,
    930.731,
    879.923,
    989.615,
    1352.424,
    633.73,
    1251.615,
    990.77,
    1321.231,
    952.077,
    938.807,
    945.884,
    1162.27,
    646.269,
    1359.154,
    639.153,
    1300.192,
    985.654,
    905.654,
    993.808,
    1144.654,
    652.385,
    1314.885,
    735.5,
    1353.461,
    945.038,
    647.077,
    845.615,
    935.808,
    773.193,
    638.462,
    994.385,
    964.808,
    664.0,
    1008.923,
    670.538,
    686.5,
    925.769,
    751.846,
    648.0,
    1048.0,
    786.923,
    657.039,
    907.346
  ],
  "avg_retrieval_us": 941.3176999999996,
  "median_retrieval_us": 945.038,
  "min_retrieval_us": 633.73,
  "max_retrieval_us": 1359.154,
  "p50_retrieval_us": 945.038,
  "p95_retrieval_us": 1352.424,
  "context_chars": 248,
  "context_tokens_est": 62,
  "synth_chars": 815,
  "synth_tokens_est": 203,
  "ram_before_kb": 161064,
  "ram_after_kb": 162024,
  "ram_delta_kb": 960,
  "io_write_bytes_before": 0,
  "io_write_bytes_after": 0,
  "io_write_bytes_delta": 0
}