{
  "type": "storage_only",
  "timestamp": "2026-04-16T12:45:04.974123Z",
  "device": {
    "model": "moto g35 5G",
    "manufacturer": "motorola",
    "board": "manila",
    "hardware": "ums9620_2h10",
    "cpu_cores": 8,
    "ram_total_kb": 3497628,
    "android_version": "14",
    "sdk_int": 34,
    "abi": "arm64-v8a"
  },
  "backend": "Valkey-Precompute",
  "backend_key": "valkey-precompute",
  "readings_count": 200,
  "ingest_total_ms": 765.331807,
  "per_ingest_us": 3826.659035,
  "retrieval_samples": 50,
  "retrieval_latencies_us": [
    1049.885,
    938.269,
    1133.615,
    937.0,
    1057.77,
    1321.5,
    987.423,
    1119.538,
    928.038,
    1034.077,
    887.538,
    1245.731,
    1054.231,
    804.076,
    986.192,
    1157.923,
    720.038,
    1123.423,
    1076.5,
    789.269,
    981.962,
    1056.231,
    716.0,
    1266.731,
    1023.192,
    726.538,
    1080.038,
    949.076,
    703.923,
    1159.73,
    898.884,
    1334.116,
    959.884,
    691.808,
    1249.577,
    1012.693,
    654.346,
    982.038,
    997.884,
    875.076,
    962.846,
    961.23,
    768.693,
    1248.577,
    897.0,
    685.231,
    1231.154,
    1015.385,
    633.115,
    1010.193
  ],
  "avg_retrieval_us": 981.7037399999997,
  "median_retrieval_us": 987.423,
  "min_retrieval_us": 633.115,
  "max_retrieval_us": 1334.116,
  "p50_retrieval_us": 987.423,
  "p95_retrieval_us": 1266.731,
  "context_chars": 248,
  "context_tokens_est": 62,
  "synth_chars": 815,
  "synth_tokens_est": 203,
  "ram_before_kb": 161072,
  "ram_after_kb": 162040,
  "ram_delta_kb": 968,
  "io_write_bytes_before": 4096,
  "io_write_bytes_after": 4096,
  "io_write_bytes_delta": 0
}