{
  "type": "storage_only",
  "timestamp": "2026-04-16T12:44:24.099741Z",
  "device": {
    "model": "moto g35 5G",
    "manufacturer": "motorola",
    "board": "manila",
    "hardware": "ums9620_2h10",
    "cpu_cores": 8,
    "ram_total_kb": 3497628,
    "android_version": "14",
    "sdk_int": 34,
    "abi": "arm64-v8a"
  },
  "backend": "Valkey-Precompute",
  "backend_key": "valkey-precompute",
  "readings_count": 200,
  "ingest_total_ms": 761.843115,
  "per_ingest_us": 3809.215575,
  "retrieval_samples": 50,
  "retrieval_latencies_us": [
    974.077,
    1027.346,
    1421.077,
    1004.154,
    1185.192,
    955.885,
    1434.653,
    949.923,
    1148.077,
    1006.692,
    1066.653,
    893.923,
    1213.616,
    916.961,
    1065.193,
    914.346,
    1148.346,
    1032.038,
    1069.577,
    896.923,
    1341.692,
    1035.577,
    948.0,
    1206.0,
    769.539,
    1023.077,
    1290.692,
    737.769,
    1401.962,
    836.347,
    1265.5,
    1078.116,
    737.885,
    1009.462,
    1060.0,
    711.039,
    699.847,
    1245.731,
    656.269,
    1212.692,
    874.231,
    922.846,
    914.269,
    673.846,
    1019.538,
    997.27,
    858.231,
    958.153,
    939.693,
    831.846
  ],
  "avg_retrieval_us": 1011.6354199999998,
  "median_retrieval_us": 1006.692,
  "min_retrieval_us": 656.269,
  "max_retrieval_us": 1434.653,
  "p50_retrieval_us": 1006.692,
  "p95_retrieval_us": 1401.962,
  "context_chars": 248,
  "context_tokens_est": 62,
  "synth_chars": 815,
  "synth_tokens_est": 203,
  "ram_before_kb": 160836,
  "ram_after_kb": 161928,
  "ram_delta_kb": 1092,
  "io_write_bytes_before": 4096,
  "io_write_bytes_after": 4096,
  "io_write_bytes_delta": 0
}