{
  "type": "storage_only",
  "timestamp": "2026-04-16T12:44:30.039736Z",
  "device": {
    "model": "moto g35 5G",
    "manufacturer": "motorola",
    "board": "manila",
    "hardware": "ums9620_2h10",
    "cpu_cores": 8,
    "ram_total_kb": 3497628,
    "android_version": "14",
    "sdk_int": 34,
    "abi": "arm64-v8a"
  },
  "backend": "Valkey-Precompute",
  "backend_key": "valkey-precompute",
  "readings_count": 200,
  "ingest_total_ms": 823.442731,
  "per_ingest_us": 4117.213655,
  "retrieval_samples": 50,
  "retrieval_latencies_us": [
    1102.077,
    902.423,
    1075.423,
    929.346,
    1351.231,
    656.692,
    1340.384,
    963.154,
    887.077,
    978.116,
    695.269,
    849.884,
    886.077,
    644.0,
    858.115,
    921.847,
    859.577,
    580.692,
    973.0,
    980.808,
    959.0,
    690.577,
    816.462,
    974.154,
    684.462,
    668.077,
    909.308,
    624.423,
    641.269,
    1268.884,
    651.154,
    824.231,
    962.923,
    731.269,
    629.807,
    871.692,
    612.077,
    588.384,
    983.693,
    575.731,
    1301.577,
    653.385,
    808.577,
    944.039,
    841.961,
    983.923,
    861.23,
    931.5,
    698.385,
    1239.846
  ],
  "avg_retrieval_us": 867.3438399999999,
  "median_retrieval_us": 871.692,
  "min_retrieval_us": 575.731,
  "max_retrieval_us": 1351.231,
  "p50_retrieval_us": 871.692,
  "p95_retrieval_us": 1301.577,
  "context_chars": 248,
  "context_tokens_est": 62,
  "synth_chars": 815,
  "synth_tokens_est": 203,
  "ram_before_kb": 160832,
  "ram_after_kb": 161992,
  "ram_delta_kb": 1160,
  "io_write_bytes_before": 4096,
  "io_write_bytes_after": 4096,
  "io_write_bytes_delta": 0
}