{
  "type": "storage_only",
  "timestamp": "2026-04-16T12:44:53.319688Z",
  "device": {
    "model": "moto g35 5G",
    "manufacturer": "motorola",
    "board": "manila",
    "hardware": "ums9620_2h10",
    "cpu_cores": 8,
    "ram_total_kb": 3497628,
    "android_version": "14",
    "sdk_int": 34,
    "abi": "arm64-v8a"
  },
  "backend": "Valkey-Precompute",
  "backend_key": "valkey-precompute",
  "readings_count": 200,
  "ingest_total_ms": 789.14723,
  "per_ingest_us": 3945.73615,
  "retrieval_samples": 50,
  "retrieval_latencies_us": [
    1236.461,
    1101.423,
    896.692,
    885.769,
    1190.731,
    1394.231,
    653.347,
    1239.654,
    968.846,
    1063.038,
    964.077,
    1192.385,
    629.539,
    1283.384,
    627.615,
    1201.038,
    965.307,
    661.962,
    1213.0,
    947.115,
    718.885,
    1556.154,
    1009.769,
    696.577,
    983.038,
    1025.731,
    887.461,
    1043.462,
    1525.769,
    688.808,
    1144.231,
    750.154,
    1158.115,
    1219.461,
    604.115,
    1242.384,
    874.192,
    794.654,
    1019.615,
    753.5,
    847.769,
    880.385,
    673.73,
    818.308,
    1125.692,
    1116.346,
    571.538,
    1134.846,
    671.923,
    836.846
  ],
  "avg_retrieval_us": 973.78144,
  "median_retrieval_us": 968.846,
  "min_retrieval_us": 571.538,
  "max_retrieval_us": 1556.154,
  "p50_retrieval_us": 968.846,
  "p95_retrieval_us": 1394.231,
  "context_chars": 248,
  "context_tokens_est": 62,
  "synth_chars": 815,
  "synth_tokens_est": 203,
  "ram_before_kb": 160660,
  "ram_after_kb": 161752,
  "ram_delta_kb": 1092,
  "io_write_bytes_before": 4096,
  "io_write_bytes_after": 4096,
  "io_write_bytes_delta": 0
}