{
  "type": "storage_only",
  "timestamp": "2026-04-16T12:44:59.150487Z",
  "device": {
    "model": "moto g35 5G",
    "manufacturer": "motorola",
    "board": "manila",
    "hardware": "ums9620_2h10",
    "cpu_cores": 8,
    "ram_total_kb": 3497628,
    "android_version": "14",
    "sdk_int": 34,
    "abi": "arm64-v8a"
  },
  "backend": "Valkey-Precompute",
  "backend_key": "valkey-precompute",
  "readings_count": 200,
  "ingest_total_ms": 815.364576,
  "per_ingest_us": 4076.82288,
  "retrieval_samples": 50,
  "retrieval_latencies_us": [
    666.385,
    577.808,
    1295.077,
    1384.807,
    718.308,
    763.039,
    360.808,
    350.962,
    385.807,
    431.577,
    337.808,
    333.0,
    383.846,
    776.962,
    345.385,
    552.731,
    526.615,
    725.231,
    361.846,
    349.231,
    834.924,
    374.884,
    442.384,
    344.346,
    349.923,
    342.5,
    443.539,
    1004.423,
    1377.308,
    825.193,
    1772.154,
    469.962,
    560.231,
    1489.039,
    561.77,
    1608.538,
    718.615,
    1649.038,
    745.615,
    1753.038,
    874.346,
    1651.039,
    706.462,
    1717.654,
    810.616,
    762.615,
    1729.423,
    890.193,
    1626.346,
    811.615
  ],
  "avg_retrieval_us": 817.49932,
  "median_retrieval_us": 718.615,
  "min_retrieval_us": 333.0,
  "max_retrieval_us": 1772.154,
  "p50_retrieval_us": 718.615,
  "p95_retrieval_us": 1729.423,
  "context_chars": 248,
  "context_tokens_est": 62,
  "synth_chars": 815,
  "synth_tokens_est": 203,
  "ram_before_kb": 163560,
  "ram_after_kb": 162732,
  "ram_delta_kb": -828,
  "io_write_bytes_before": 8192,
  "io_write_bytes_after": 8192,
  "io_write_bytes_delta": 0
}