{
  "type": "storage_only",
  "timestamp": "2026-04-16T12:44:35.799396Z",
  "device": {
    "model": "moto g35 5G",
    "manufacturer": "motorola",
    "board": "manila",
    "hardware": "ums9620_2h10",
    "cpu_cores": 8,
    "ram_total_kb": 3497628,
    "android_version": "14",
    "sdk_int": 34,
    "abi": "arm64-v8a"
  },
  "backend": "Valkey-Precompute",
  "backend_key": "valkey-precompute",
  "readings_count": 200,
  "ingest_total_ms": 806.416268,
  "per_ingest_us": 4032.08134,
  "retrieval_samples": 50,
  "retrieval_latencies_us": [
    1125.385,
    886.116,
    1304.577,
    927.116,
    1140.5,
    1102.5,
    1007.693,
    1032.038,
    1189.384,
    888.577,
    1317.154,
    944.923,
    1248.076,
    729.616,
    706.269,
    944.693,
    911.346,
    890.5,
    1203.807,
    1138.846,
    667.115,
    1303.654,
    628.885,
    1020.731,
    984.846,
    925.27,
    1180.961,
    1148.423,
    665.962,
    1160.231,
    624.962,
    907.346,
    701.846,
    852.0,
    831.73,
    777.538,
    1022.423,
    726.885,
    818.461,
    1016.692,
    944.461,
    796.808,
    895.923,
    670.385,
    796.038,
    937.731,
    731.462,
    859.039,
    970.654,
    905.846
  ],
  "avg_retrieval_us": 942.2684800000004,
  "median_retrieval_us": 927.116,
  "min_retrieval_us": 624.962,
  "max_retrieval_us": 1317.154,
  "p50_retrieval_us": 927.116,
  "p95_retrieval_us": 1303.654,
  "context_chars": 248,
  "context_tokens_est": 62,
  "synth_chars": 815,
  "synth_tokens_est": 203,
  "ram_before_kb": 160880,
  "ram_after_kb": 162160,
  "ram_delta_kb": 1280,
  "io_write_bytes_before": 0,
  "io_write_bytes_after": 0,
  "io_write_bytes_delta": 0
}