{
  "type": "storage_only",
  "timestamp": "2026-04-16T12:44:18.268773Z",
  "device": {
    "model": "moto g35 5G",
    "manufacturer": "motorola",
    "board": "manila",
    "hardware": "ums9620_2h10",
    "cpu_cores": 8,
    "ram_total_kb": 3497628,
    "android_version": "14",
    "sdk_int": 34,
    "abi": "arm64-v8a"
  },
  "backend": "Valkey-Precompute",
  "backend_key": "valkey-precompute",
  "readings_count": 200,
  "ingest_total_ms": 808.993192,
  "per_ingest_us": 4044.96596,
  "retrieval_samples": 50,
  "retrieval_latencies_us": [
    1094.5,
    934.308,
    1013.847,
    1435.0,
    856.923,
    1439.154,
    982.923,
    989.193,
    1242.347,
    703.385,
    998.346,
    931.0,
    1164.116,
    653.5,
    1187.076,
    1149.884,
    881.116,
    1045.423,
    1351.116,
    783.346,
    1269.23,
    1538.384,
    1261.347,
    632.576,
    1262.0,
    967.462,
    866.961,
    1004.538,
    895.077,
    680.23,
    1010.039,
    893.923,
    634.115,
    1048.0,
    1089.539,
    637.5,
    1205.961,
    906.385,
    688.077,
    1144.654,
    1171.731,
    619.23,
    622.231,
    900.731,
    652.731,
    823.231,
    960.461,
    746.192,
    628.077,
    875.769
  ],
  "avg_retrieval_us": 969.4577000000002,
  "median_retrieval_us": 967.462,
  "min_retrieval_us": 619.23,
  "max_retrieval_us": 1538.384,
  "p50_retrieval_us": 967.462,
  "p95_retrieval_us": 1435.0,
  "context_chars": 248,
  "context_tokens_est": 62,
  "synth_chars": 815,
  "synth_tokens_est": 203,
  "ram_before_kb": 160944,
  "ram_after_kb": 161952,
  "ram_delta_kb": 1008,
  "io_write_bytes_before": 4096,
  "io_write_bytes_after": 4096,
  "io_write_bytes_delta": 0
}