{
  "type": "storage_only",
  "timestamp": "2026-04-16T13:49:52.205219Z",
  "device": {
    "model": "moto g35 5G",
    "manufacturer": "motorola",
    "board": "manila",
    "hardware": "ums9620_2h10",
    "cpu_cores": 8,
    "ram_total_kb": 3497628,
    "android_version": "14",
    "sdk_int": 34,
    "abi": "arm64-v8a"
  },
  "backend": "Valkey-Lua",
  "backend_key": "valkey-lua",
  "readings_count": 200,
  "ingest_total_ms": 378.828846,
  "per_ingest_us": 1894.14423,
  "retrieval_samples": 50,
  "retrieval_latencies_us": [
    3148.038,
    2983.654,
    2659.692,
    2548.731,
    2728.5,
    2965.577,
    2689.423,
    2205.923,
    2225.077,
    2341.961,
    2673.693,
    2449.231,
    2760.269,
    2761.231,
    2812.731,
    2682.808,
    2640.962,
    2029.423,
    2584.962,
    2524.307,
    2338.346,
    2248.153,
    1951.385,
    2279.924,
    2713.5,
    2221.231,
    2201.961,
    1902.231,
    2180.731,
    1900.692,
    2180.539,
    1884.0,
    2219.731,
    1962.461,
    2048.731,
    2641.384,
    2000.769,
    2447.885,
    2315.616,
    2221.269,
    2419.308,
    2709.346,
    2593.154,
    2718.73,
    3314.423,
    2786.269,
    2764.269,
    2505.115,
    2428.0,
    1998.539
  ],
  "avg_retrieval_us": 2450.2776999999996,
  "median_retrieval_us": 2449.231,
  "min_retrieval_us": 1884.0,
  "max_retrieval_us": 3314.423,
  "p50_retrieval_us": 2449.231,
  "p95_retrieval_us": 2983.654,
  "context_chars": 313,
  "context_tokens_est": 78,
  "synth_chars": 805,
  "synth_tokens_est": 201,
  "ram_before_kb": 161656,
  "ram_after_kb": 162992,
  "ram_delta_kb": 1336,
  "io_write_bytes_before": 0,
  "io_write_bytes_after": 0,
  "io_write_bytes_delta": 0
}