{
  "type": "storage_only",
  "timestamp": "2026-04-16T13:48:59.751989Z",
  "device": {
    "model": "moto g35 5G",
    "manufacturer": "motorola",
    "board": "manila",
    "hardware": "ums9620_2h10",
    "cpu_cores": 8,
    "ram_total_kb": 3497628,
    "android_version": "14",
    "sdk_int": 34,
    "abi": "arm64-v8a"
  },
  "backend": "Valkey-Lua",
  "backend_key": "valkey-lua",
  "readings_count": 200,
  "ingest_total_ms": 359.595577,
  "per_ingest_us": 1797.977885,
  "retrieval_samples": 50,
  "retrieval_latencies_us": [
    3204.73,
    4231.692,
    2458.731,
    3049.0,
    2318.231,
    2730.577,
    2409.231,
    2403.73,
    2720.693,
    2560.846,
    2790.846,
    2198.692,
    2198.5,
    2219.692,
    2835.077,
    2257.654,
    2647.5,
    1879.654,
    2199.846,
    2665.0,
    2688.154,
    2871.153,
    2408.0,
    2254.615,
    2935.539,
    2610.231,
    2283.847,
    2280.962,
    2604.385,
    2504.347,
    2298.769,
    2045.846,
    2381.5,
    2578.308,
    2545.846,
    2855.539,
    2581.269,
    2736.423,
    2339.576,
    2077.385,
    2029.961,
    2595.576,
    2166.346,
    2297.769,
    2795.653,
    2236.116,
    2572.615,
    1917.961,
    2331.846,
    2421.5
  ],
  "avg_retrieval_us": 2504.53918,
  "median_retrieval_us": 2458.731,
  "min_retrieval_us": 1879.654,
  "max_retrieval_us": 4231.692,
  "p50_retrieval_us": 2458.731,
  "p95_retrieval_us": 3049.0,
  "context_chars": 313,
  "context_tokens_est": 78,
  "synth_chars": 805,
  "synth_tokens_est": 201,
  "ram_before_kb": 161308,
  "ram_after_kb": 162780,
  "ram_delta_kb": 1472,
  "io_write_bytes_before": 4096,
  "io_write_bytes_after": 4096,
  "io_write_bytes_delta": 0
}