{
  "type": "storage_only",
  "timestamp": "2026-04-16T13:49:11.376346Z",
  "device": {
    "model": "moto g35 5G",
    "manufacturer": "motorola",
    "board": "manila",
    "hardware": "ums9620_2h10",
    "cpu_cores": 8,
    "ram_total_kb": 3497628,
    "android_version": "14",
    "sdk_int": 34,
    "abi": "arm64-v8a"
  },
  "backend": "Valkey-Lua",
  "backend_key": "valkey-lua",
  "readings_count": 200,
  "ingest_total_ms": 338.466692,
  "per_ingest_us": 1692.33346,
  "retrieval_samples": 50,
  "retrieval_latencies_us": [
    2614.807,
    2460.039,
    2369.307,
    2674.847,
    2601.307,
    3240.0,
    2742.769,
    2948.885,
    2479.115,
    2573.23,
    2956.692,
    2389.307,
    2476.347,
    2836.577,
    2816.192,
    2898.5,
    3098.385,
    3015.346,
    2729.23,
    2846.961,
    3123.077,
    2769.077,
    2695.846,
    3069.462,
    3403.923,
    2556.923,
    2404.307,
    2442.423,
    2142.0,
    3650.769,
    2467.616,
    2402.808,
    2763.615,
    3310.346,
    2920.577,
    3201.654,
    2540.5,
    2432.692,
    2314.807,
    3031.5,
    2638.5,
    2547.654,
    2497.923,
    2538.154,
    3076.73,
    2394.038,
    2500.307,
    2375.423,
    2468.654,
    2351.885
  ],
  "avg_retrieval_us": 2716.02066,
  "median_retrieval_us": 2638.5,
  "min_retrieval_us": 2142.0,
  "max_retrieval_us": 3650.769,
  "p50_retrieval_us": 2638.5,
  "p95_retrieval_us": 3310.346,
  "context_chars": 313,
  "context_tokens_est": 78,
  "synth_chars": 805,
  "synth_tokens_est": 201,
  "ram_before_kb": 161252,
  "ram_after_kb": 162720,
  "ram_delta_kb": 1468,
  "io_write_bytes_before": 4096,
  "io_write_bytes_after": 4096,
  "io_write_bytes_delta": 0
}