{
  "type": "storage_only",
  "timestamp": "2026-04-16T13:49:28.829188Z",
  "device": {
    "model": "moto g35 5G",
    "manufacturer": "motorola",
    "board": "manila",
    "hardware": "ums9620_2h10",
    "cpu_cores": 8,
    "ram_total_kb": 3497628,
    "android_version": "14",
    "sdk_int": 34,
    "abi": "arm64-v8a"
  },
  "backend": "Valkey-Lua",
  "backend_key": "valkey-lua",
  "readings_count": 200,
  "ingest_total_ms": 352.656192,
  "per_ingest_us": 1763.28096,
  "retrieval_samples": 50,
  "retrieval_latencies_us": [
    2530.731,
    2279.692,
    1990.846,
    2284.577,
    2184.346,
    2712.769,
    2260.347,
    2062.616,
    2131.308,
    2120.231,
    2281.538,
    2166.615,
    2331.692,
    2173.0,
    2492.961,
    1985.462,
    2216.462,
    1941.346,
    2149.23,
    2144.808,
    2037.885,
    2446.192,
    1822.884,
    2284.538,
    2342.885,
    2307.5,
    1921.77,
    2066.269,
    1852.077,
    2046.115,
    2076.538,
    1921.423,
    2296.0,
    2070.577,
    2277.462,
    2514.538,
    1898.538,
    1766.654,
    1555.5,
    1591.616,
    1839.769,
    1631.0,
    1772.731,
    1672.846,
    2217.193,
    1899.0,
    1802.962,
    1629.0,
    1583.077,
    2100.693
  ],
  "avg_retrieval_us": 2073.71618,
  "median_retrieval_us": 2100.693,
  "min_retrieval_us": 1555.5,
  "max_retrieval_us": 2712.769,
  "p50_retrieval_us": 2100.693,
  "p95_retrieval_us": 2514.538,
  "context_chars": 313,
  "context_tokens_est": 78,
  "synth_chars": 805,
  "synth_tokens_est": 201,
  "ram_before_kb": 161404,
  "ram_after_kb": 162676,
  "ram_delta_kb": 1272,
  "io_write_bytes_before": 4096,
  "io_write_bytes_after": 4096,
  "io_write_bytes_delta": 0
}