{
  "type": "storage_only",
  "timestamp": "2026-04-16T13:49:05.447624Z",
  "device": {
    "model": "moto g35 5G",
    "manufacturer": "motorola",
    "board": "manila",
    "hardware": "ums9620_2h10",
    "cpu_cores": 8,
    "ram_total_kb": 3497628,
    "android_version": "14",
    "sdk_int": 34,
    "abi": "arm64-v8a"
  },
  "backend": "Valkey-Lua",
  "backend_key": "valkey-lua",
  "readings_count": 200,
  "ingest_total_ms": 345.789422,
  "per_ingest_us": 1728.94711,
  "retrieval_samples": 50,
  "retrieval_latencies_us": [
    2768.846,
    2708.192,
    1936.692,
    2434.693,
    2635.385,
    2469.808,
    1979.307,
    2117.192,
    2528.0,
    1701.038,
    2091.462,
    2183.115,
    1865.847,
    2426.462,
    2137.384,
    2421.731,
    2073.808,
    2318.654,
    2129.347,
    2149.461,
    1939.192,
    1579.538,
    1612.692,
    1561.038,
    1739.654,
    1982.308,
    2074.231,
    1930.385,
    1629.923,
    1519.154,
    1617.654,
    1600.462,
    1858.462,
    1546.231,
    1809.077,
    1805.192,
    1997.0,
    2162.577,
    2227.0,
    1712.538,
    1959.615,
    1916.654,
    1823.231,
    1930.885,
    2258.0,
    1737.385,
    1959.423,
    1785.731,
    1629.423,
    2052.116
  ],
  "avg_retrieval_us": 2000.6639000000002,
  "median_retrieval_us": 1959.615,
  "min_retrieval_us": 1519.154,
  "max_retrieval_us": 2768.846,
  "p50_retrieval_us": 1959.615,
  "p95_retrieval_us": 2635.385,
  "context_chars": 313,
  "context_tokens_est": 78,
  "synth_chars": 805,
  "synth_tokens_est": 201,
  "ram_before_kb": 163256,
  "ram_after_kb": 162428,
  "ram_delta_kb": -828,
  "io_write_bytes_before": 0,
  "io_write_bytes_after": 0,
  "io_write_bytes_delta": 0
}