{
  "type": "storage_only",
  "timestamp": "2026-04-16T13:49:40.522574Z",
  "device": {
    "model": "moto g35 5G",
    "manufacturer": "motorola",
    "board": "manila",
    "hardware": "ums9620_2h10",
    "cpu_cores": 8,
    "ram_total_kb": 3497628,
    "android_version": "14",
    "sdk_int": 34,
    "abi": "arm64-v8a"
  },
  "backend": "Valkey-Lua",
  "backend_key": "valkey-lua",
  "readings_count": 200,
  "ingest_total_ms": 347.115076,
  "per_ingest_us": 1735.57538,
  "retrieval_samples": 50,
  "retrieval_latencies_us": [
    3191.693,
    3142.769,
    3732.769,
    2513.193,
    2569.5,
    2654.039,
    2696.308,
    3304.192,
    2860.385,
    1952.5,
    2119.731,
    2633.808,
    2737.846,
    2887.846,
    2730.115,
    2510.038,
    2365.347,
    2388.346,
    1689.115,
    1530.808,
    1670.385,
    1523.769,
    1856.5,
    1529.462,
    2126.654,
    2378.077,
    2309.462,
    2314.654,
    1968.039,
    2049.846,
    2055.154,
    1890.154,
    1854.962,
    1820.923,
    1921.423,
    1841.346,
    1962.076,
    1904.077,
    2241.538,
    1671.153,
    1937.115,
    1691.27,
    1736.154,
    1617.538,
    2254.23,
    1714.192,
    1853.731,
    1605.539,
    1743.231,
    1988.885
  ],
  "avg_retrieval_us": 2184.83774,
  "median_retrieval_us": 2049.846,
  "min_retrieval_us": 1523.769,
  "max_retrieval_us": 3732.769,
  "p50_retrieval_us": 2049.846,
  "p95_retrieval_us": 3191.693,
  "context_chars": 313,
  "context_tokens_est": 78,
  "synth_chars": 805,
  "synth_tokens_est": 201,
  "ram_before_kb": 161628,
  "ram_after_kb": 163100,
  "ram_delta_kb": 1472,
  "io_write_bytes_before": 0,
  "io_write_bytes_after": 0,
  "io_write_bytes_delta": 0
}