{
  "type": "storage_only",
  "timestamp": "2026-04-16T13:49:34.654349Z",
  "device": {
    "model": "moto g35 5G",
    "manufacturer": "motorola",
    "board": "manila",
    "hardware": "ums9620_2h10",
    "cpu_cores": 8,
    "ram_total_kb": 3497628,
    "android_version": "14",
    "sdk_int": 34,
    "abi": "arm64-v8a"
  },
  "backend": "Valkey-Lua",
  "backend_key": "valkey-lua",
  "readings_count": 200,
  "ingest_total_ms": 339.307077,
  "per_ingest_us": 1696.535385,
  "retrieval_samples": 50,
  "retrieval_latencies_us": [
    2994.0,
    3011.923,
    3725.192,
    3248.192,
    2352.692,
    2816.808,
    2708.692,
    2353.769,
    2696.539,
    2116.538,
    2357.5,
    2188.73,
    2244.5,
    2249.731,
    3016.23,
    2802.846,
    2494.693,
    2691.962,
    2829.808,
    2507.692,
    2814.577,
    3001.961,
    2321.038,
    2689.692,
    2848.346,
    2229.231,
    2657.231,
    2794.616,
    2733.039,
    2610.5,
    2711.577,
    2746.038,
    2688.192,
    2238.308,
    2868.577,
    3064.769,
    2788.346,
    2610.808,
    2071.692,
    2347.193,
    2259.384,
    2029.077,
    2291.577,
    2146.039,
    2744.116,
    2126.731,
    2213.346,
    2098.885,
    2024.5,
    2091.653
  ],
  "avg_retrieval_us": 2565.381520000001,
  "median_retrieval_us": 2657.231,
  "min_retrieval_us": 2024.5,
  "max_retrieval_us": 3725.192,
  "p50_retrieval_us": 2657.231,
  "p95_retrieval_us": 3064.769,
  "context_chars": 313,
  "context_tokens_est": 78,
  "synth_chars": 805,
  "synth_tokens_est": 201,
  "ram_before_kb": 161496,
  "ram_after_kb": 162848,
  "ram_delta_kb": 1352,
  "io_write_bytes_before": 4096,
  "io_write_bytes_after": 4096,
  "io_write_bytes_delta": 0
}