{
  "type": "storage_only",
  "timestamp": "2026-04-16T13:49:23.009533Z",
  "device": {
    "model": "moto g35 5G",
    "manufacturer": "motorola",
    "board": "manila",
    "hardware": "ums9620_2h10",
    "cpu_cores": 8,
    "ram_total_kb": 3497628,
    "android_version": "14",
    "sdk_int": 34,
    "abi": "arm64-v8a"
  },
  "backend": "Valkey-Lua",
  "backend_key": "valkey-lua",
  "readings_count": 200,
  "ingest_total_ms": 367.961153,
  "per_ingest_us": 1839.805765,
  "retrieval_samples": 50,
  "retrieval_latencies_us": [
    1915.039,
    1914.885,
    2048.615,
    1393.77,
    1755.038,
    2007.846,
    2001.23,
    1962.884,
    2247.231,
    2079.807,
    1668.115,
    1620.846,
    1708.846,
    1961.346,
    1789.039,
    2129.808,
    1754.692,
    2064.885,
    1670.346,
    2019.0,
    1903.153,
    2059.924,
    1656.077,
    2131.384,
    1704.423,
    2200.769,
    2296.077,
    1924.193,
    2081.385,
    1937.423,
    2250.576,
    1927.27,
    1391.231,
    1766.346,
    1293.154,
    1738.385,
    1293.5,
    1718.807,
    2061.847,
    2120.347,
    2457.308,
    2373.269,
    1998.538,
    1965.077,
    2306.5,
    2054.615,
    1726.154,
    1781.846,
    1656.576,
    1834.731
  ],
  "avg_retrieval_us": 1906.4830599999998,
  "median_retrieval_us": 1937.423,
  "min_retrieval_us": 1293.154,
  "max_retrieval_us": 2457.308,
  "p50_retrieval_us": 1937.423,
  "p95_retrieval_us": 2306.5,
  "context_chars": 313,
  "context_tokens_est": 78,
  "synth_chars": 805,
  "synth_tokens_est": 201,
  "ram_before_kb": 161500,
  "ram_after_kb": 162672,
  "ram_delta_kb": 1172,
  "io_write_bytes_before": 4096,
  "io_write_bytes_after": 4096,
  "io_write_bytes_delta": 0
}