{
  "type": "storage_only",
  "timestamp": "2026-04-16T13:49:46.223876Z",
  "device": {
    "model": "moto g35 5G",
    "manufacturer": "motorola",
    "board": "manila",
    "hardware": "ums9620_2h10",
    "cpu_cores": 8,
    "ram_total_kb": 3497628,
    "android_version": "14",
    "sdk_int": 34,
    "abi": "arm64-v8a"
  },
  "backend": "Valkey-Lua",
  "backend_key": "valkey-lua",
  "readings_count": 200,
  "ingest_total_ms": 284.208192,
  "per_ingest_us": 1421.04096,
  "retrieval_samples": 50,
  "retrieval_latencies_us": [
    2270.884,
    2196.846,
    2098.462,
    1918.538,
    1975.961,
    2511.5,
    1960.231,
    2045.077,
    1942.577,
    1439.769,
    2014.154,
    1700.077,
    1838.539,
    1459.153,
    1622.077,
    1989.924,
    1528.423,
    1343.385,
    2161.616,
    1605.077,
    2183.731,
    1584.346,
    1779.308,
    1690.308,
    1529.192,
    2004.577,
    1826.539,
    1986.116,
    1691.0,
    2243.346,
    1872.5,
    1619.0,
    1686.077,
    1395.0,
    1715.5,
    1793.23,
    1700.539,
    1552.654,
    1933.154,
    1775.615,
    2040.193,
    2374.884,
    1929.192,
    1599.692,
    1989.077,
    1909.731,
    2302.076,
    1918.077,
    2095.961,
    1994.846
  ],
  "avg_retrieval_us": 1866.7546199999997,
  "median_retrieval_us": 1918.077,
  "min_retrieval_us": 1343.385,
  "max_retrieval_us": 2511.5,
  "p50_retrieval_us": 1918.077,
  "p95_retrieval_us": 2302.076,
  "context_chars": 313,
  "context_tokens_est": 78,
  "synth_chars": 805,
  "synth_tokens_est": 201,
  "ram_before_kb": 161616,
  "ram_after_kb": 162868,
  "ram_delta_kb": 1252,
  "io_write_bytes_before": 4096,
  "io_write_bytes_after": 4096,
  "io_write_bytes_delta": 0
}