{
  "type": "storage_only",
  "timestamp": "2026-04-16T13:49:17.179897Z",
  "device": {
    "model": "moto g35 5G",
    "manufacturer": "motorola",
    "board": "manila",
    "hardware": "ums9620_2h10",
    "cpu_cores": 8,
    "ram_total_kb": 3497628,
    "android_version": "14",
    "sdk_int": 34,
    "abi": "arm64-v8a"
  },
  "backend": "Valkey-Lua",
  "backend_key": "valkey-lua",
  "readings_count": 200,
  "ingest_total_ms": 351.533923,
  "per_ingest_us": 1757.669615,
  "retrieval_samples": 50,
  "retrieval_latencies_us": [
    2538.885,
    2320.269,
    1962.962,
    2271.885,
    2102.154,
    2274.27,
    2232.077,
    2112.039,
    1911.192,
    2148.73,
    2339.654,
    2050.077,
    2412.731,
    2216.539,
    2239.269,
    1740.73,
    2139.5,
    2343.615,
    2273.77,
    2163.231,
    2096.154,
    1937.962,
    2103.884,
    2104.192,
    2082.0,
    2239.346,
    2561.962,
    2579.308,
    2539.5,
    2177.538,
    2045.692,
    2755.961,
    2916.846,
    2436.961,
    2749.423,
    3055.731,
    2266.038,
    2587.269,
    2449.269,
    2099.5,
    2103.846,
    2296.308,
    2423.115,
    2788.384,
    2877.653,
    2559.923,
    2697.038,
    2121.347,
    2062.769,
    2071.577
  ],
  "avg_retrieval_us": 2311.6014999999998,
  "median_retrieval_us": 2266.038,
  "min_retrieval_us": 1740.73,
  "max_retrieval_us": 3055.731,
  "p50_retrieval_us": 2266.038,
  "p95_retrieval_us": 2877.653,
  "context_chars": 313,
  "context_tokens_est": 78,
  "synth_chars": 805,
  "synth_tokens_est": 201,
  "ram_before_kb": 161320,
  "ram_after_kb": 162800,
  "ram_delta_kb": 1480,
  "io_write_bytes_before": 4096,
  "io_write_bytes_after": 4096,
  "io_write_bytes_delta": 0
}