{
  "type": "vector_live_ingest_bench",
  "timestamp": "2026-04-22T21:31:20.824018Z",
  "device": {
    "model": "moto g35 5G",
    "manufacturer": "motorola",
    "board": "manila",
    "abi": "arm64-v8a",
    "android_version": "14",
    "sdk_int": 34,
    "cpu_cores": 8
  },
  "config": {
    "dim": 768,
    "n_seed": 10000,
    "n_append": 5000,
    "reader_threads": 4,
    "queries_per_phase": 2000,
    "k": 10,
    "ef_runtime": 10
  },
  "results": {
    "quiet": {
      "wall_ms": 601,
      "qps": 3326.6752921368975,
      "search_lat_us": {
        "n": 2000,
        "avg": 1194.506,
        "p50": 1166,
        "p95": 1556,
        "p99": 1810,
        "min": 699,
        "max": 4838
      }
    },
    "live_append": {
      "wall_ms": 845,
      "qps": 2364.416624991656,
      "search_lat_us": {
        "n": 2000,
        "avg": 1677.2425,
        "p50": 1364,
        "p95": 3733,
        "p99": 5089,
        "min": 663,
        "max": 26655
      },
      "writer_appends": 43,
      "writer_wall_ms": 849,
      "writer_append_qps": 50.621274310999425
    }
  }
}