{
  "type": "vector_live_ingest_bench",
  "timestamp": "2026-04-22T22:18:10.890490Z",
  "device": {
    "model": "moto g35 5G",
    "manufacturer": "motorola",
    "board": "manila",
    "abi": "arm64-v8a",
    "android_version": "14",
    "sdk_int": 34,
    "cpu_cores": 8
  },
  "config": {
    "dim": 768,
    "n_seed": 10000,
    "n_append": 5000,
    "reader_threads": 4,
    "queries_per_phase": 2000,
    "k": 10,
    "ef_runtime": 10
  },
  "results": {
    "quiet": {
      "wall_ms": 637,
      "qps": 3135.477659121235,
      "search_lat_us": {
        "n": 2000,
        "avg": 1266.0315,
        "p50": 1240,
        "p95": 1571,
        "p99": 1999,
        "min": 780,
        "max": 4885
      }
    },
    "live_append": {
      "wall_ms": 771,
      "qps": 2594.006937886858,
      "search_lat_us": {
        "n": 2000,
        "avg": 1529.035,
        "p50": 1344,
        "p95": 3470,
        "p99": 4549,
        "min": 802,
        "max": 5933
      },
      "writer_appends": 34,
      "writer_wall_ms": 772,
      "writer_append_qps": 43.98864121683904
    }
  }
}