{
  "type": "storage_only",
  "timestamp": "2026-04-16T13:56:00.432762Z",
  "device": {
    "model": "moto g35 5G",
    "manufacturer": "motorola",
    "board": "manila",
    "hardware": "ums9620_2h10",
    "cpu_cores": 8,
    "ram_total_kb": 3497628,
    "android_version": "14",
    "sdk_int": 34,
    "abi": "arm64-v8a"
  },
  "backend": "InMemory",
  "backend_key": "inmemory",
  "readings_count": 200,
  "ingest_total_ms": 2.646039,
  "per_ingest_us": 13.230195,
  "retrieval_samples": 50,
  "retrieval_latencies_us": [
    1173.616,
    1129.038,
    1104.193,
    1168.577,
    1148.115,
    1187.577,
    1141.5,
    1201.0,
    1215.654,
    1151.347,
    1238.615,
    1161.115,
    1239.538,
    1318.116,
    1238.808,
    1192.807,
    1389.923,
    1421.654,
    1439.846,
    1511.577,
    1372.538,
    1334.077,
    1558.846,
    1480.385,
    1196.962,
    1210.577,
    1171.653,
    1315.846,
    1339.269,
    1324.731,
    1266.346,
    1416.153,
    1384.769,
    1315.961,
    1279.347,
    1544.269,
    1298.577,
    1566.539,
    1266.154,
    1226.539,
    1302.231,
    1232.73,
    1231.654,
    1313.808,
    1220.693,
    1321.077,
    1444.539,
    1277.731,
    1185.423,
    1224.0
  ],
  "avg_retrieval_us": 1287.9207999999999,
  "median_retrieval_us": 1266.346,
  "min_retrieval_us": 1104.193,
  "max_retrieval_us": 1566.539,
  "p50_retrieval_us": 1266.346,
  "p95_retrieval_us": 1544.269,
  "context_chars": 315,
  "context_tokens_est": 78,
  "synth_chars": 815,
  "synth_tokens_est": 203,
  "ram_before_kb": 117488,
  "ram_after_kb": 126676,
  "ram_delta_kb": 9188,
  "io_write_bytes_before": 0,
  "io_write_bytes_after": 0,
  "io_write_bytes_delta": 0
}