{
  "type": "storage_only",
  "timestamp": "2026-04-16T13:56:49.045698Z",
  "device": {
    "model": "moto g35 5G",
    "manufacturer": "motorola",
    "board": "manila",
    "hardware": "ums9620_2h10",
    "cpu_cores": 8,
    "ram_total_kb": 3497628,
    "android_version": "14",
    "sdk_int": 34,
    "abi": "arm64-v8a"
  },
  "backend": "InMemory",
  "backend_key": "inmemory",
  "readings_count": 200,
  "ingest_total_ms": 2.503346,
  "per_ingest_us": 12.51673,
  "retrieval_samples": 50,
  "retrieval_latencies_us": [
    1260.308,
    1164.077,
    1149.692,
    1168.769,
    1187.692,
    1206.039,
    1164.654,
    1199.308,
    1167.653,
    1136.154,
    1223.769,
    1352.423,
    1294.192,
    1234.346,
    1218.846,
    1326.038,
    1311.846,
    1216.269,
    1367.692,
    1201.346,
    1262.846,
    1298.461,
    1440.961,
    1517.039,
    1328.846,
    1386.269,
    1504.923,
    1404.923,
    1312.231,
    1161.076,
    1243.807,
    1306.616,
    1229.769,
    1306.885,
    1291.307,
    1536.653,
    1316.347,
    1273.807,
    1369.0,
    1487.231,
    1513.115,
    1282.346,
    1273.615,
    1301.384,
    1307.846,
    1287.23,
    1489.0,
    1330.385,
    2158.385,
    1323.923
  ],
  "avg_retrieval_us": 1315.9467800000004,
  "median_retrieval_us": 1298.461,
  "min_retrieval_us": 1136.154,
  "max_retrieval_us": 2158.385,
  "p50_retrieval_us": 1298.461,
  "p95_retrieval_us": 1517.039,
  "context_chars": 315,
  "context_tokens_est": 78,
  "synth_chars": 815,
  "synth_tokens_est": 203,
  "ram_before_kb": 115880,
  "ram_after_kb": 126384,
  "ram_delta_kb": 10504,
  "io_write_bytes_before": 0,
  "io_write_bytes_after": 0,
  "io_write_bytes_delta": 0
}