{
  "type": "storage_only",
  "timestamp": "2026-04-16T13:55:54.395253Z",
  "device": {
    "model": "moto g35 5G",
    "manufacturer": "motorola",
    "board": "manila",
    "hardware": "ums9620_2h10",
    "cpu_cores": 8,
    "ram_total_kb": 3497628,
    "android_version": "14",
    "sdk_int": 34,
    "abi": "arm64-v8a"
  },
  "backend": "InMemory",
  "backend_key": "inmemory",
  "readings_count": 200,
  "ingest_total_ms": 2.421423,
  "per_ingest_us": 12.107115,
  "retrieval_samples": 50,
  "retrieval_latencies_us": [
    1224.27,
    1282.384,
    1165.654,
    1171.077,
    1144.231,
    1136.116,
    1160.347,
    1145.384,
    1118.038,
    1174.462,
    1271.116,
    2132.923,
    1269.423,
    1188.615,
    1232.346,
    1237.231,
    1179.347,
    1196.731,
    1306.308,
    1451.115,
    1457.0,
    2774.846,
    1619.654,
    1592.0,
    1319.962,
    1240.039,
    1305.961,
    1236.769,
    1252.231,
    1396.961,
    1353.346,
    1433.193,
    1493.5,
    1265.692,
    4227.769,
    1242.0,
    1227.731,
    1181.615,
    1581.231,
    1339.077,
    1301.115,
    1280.269,
    1242.231,
    1386.807,
    1322.038,
    1283.461,
    1298.73,
    1366.538,
    1369.0,
    1199.577
  ],
  "avg_retrieval_us": 1395.54922,
  "median_retrieval_us": 1280.269,
  "min_retrieval_us": 1118.038,
  "max_retrieval_us": 4227.769,
  "p50_retrieval_us": 1280.269,
  "p95_retrieval_us": 2132.923,
  "context_chars": 315,
  "context_tokens_est": 78,
  "synth_chars": 815,
  "synth_tokens_est": 203,
  "ram_before_kb": 117748,
  "ram_after_kb": 126408,
  "ram_delta_kb": 8660,
  "io_write_bytes_before": 0,
  "io_write_bytes_after": 0,
  "io_write_bytes_delta": 0
}