{
  "type": "storage_only",
  "timestamp": "2026-04-16T13:56:18.618026Z",
  "device": {
    "model": "moto g35 5G",
    "manufacturer": "motorola",
    "board": "manila",
    "hardware": "ums9620_2h10",
    "cpu_cores": 8,
    "ram_total_kb": 3497628,
    "android_version": "14",
    "sdk_int": 34,
    "abi": "arm64-v8a"
  },
  "backend": "InMemory",
  "backend_key": "inmemory",
  "readings_count": 200,
  "ingest_total_ms": 2.431692,
  "per_ingest_us": 12.15846,
  "retrieval_samples": 50,
  "retrieval_latencies_us": [
    1180.808,
    1144.039,
    1139.693,
    1228.307,
    1145.769,
    1138.692,
    1163.23,
    1133.654,
    1196.538,
    1181.808,
    1254.577,
    1191.231,
    1274.923,
    1243.615,
    1201.5,
    1177.73,
    1287.346,
    1435.885,
    1423.692,
    1555.0,
    1689.423,
    1478.731,
    1802.615,
    1474.923,
    1349.654,
    1251.731,
    1199.385,
    1205.039,
    1278.885,
    1314.846,
    1334.0,
    1320.923,
    1334.0,
    1413.654,
    1919.615,
    1355.654,
    1236.192,
    1298.115,
    1298.616,
    1299.462,
    1228.539,
    1317.308,
    1510.577,
    1247.807,
    1230.0,
    1232.538,
    1223.269,
    1176.962,
    1170.116,
    1147.346
  ],
  "avg_retrieval_us": 1300.75924,
  "median_retrieval_us": 1251.731,
  "min_retrieval_us": 1133.654,
  "max_retrieval_us": 1919.615,
  "p50_retrieval_us": 1251.731,
  "p95_retrieval_us": 1689.423,
  "context_chars": 315,
  "context_tokens_est": 78,
  "synth_chars": 815,
  "synth_tokens_est": 203,
  "ram_before_kb": 116780,
  "ram_after_kb": 126540,
  "ram_delta_kb": 9760,
  "io_write_bytes_before": 0,
  "io_write_bytes_after": 0,
  "io_write_bytes_delta": 0
}