{
  "type": "storage_only",
  "timestamp": "2026-04-16T13:56:12.572622Z",
  "device": {
    "model": "moto g35 5G",
    "manufacturer": "motorola",
    "board": "manila",
    "hardware": "ums9620_2h10",
    "cpu_cores": 8,
    "ram_total_kb": 3497628,
    "android_version": "14",
    "sdk_int": 34,
    "abi": "arm64-v8a"
  },
  "backend": "InMemory",
  "backend_key": "inmemory",
  "readings_count": 200,
  "ingest_total_ms": 2.442231,
  "per_ingest_us": 12.211155,
  "retrieval_samples": 50,
  "retrieval_latencies_us": [
    1523.731,
    1432.423,
    1463.346,
    1356.5,
    1366.423,
    1312.769,
    1324.154,
    1422.961,
    1275.384,
    1479.038,
    1641.885,
    1600.539,
    1510.577,
    1349.27,
    1260.115,
    1526.808,
    1417.462,
    1304.077,
    1316.307,
    1312.5,
    1317.231,
    1318.653,
    1453.962,
    1522.577,
    1722.808,
    1398.193,
    1312.192,
    1348.269,
    1303.154,
    1466.461,
    1364.923,
    1338.308,
    2093.5,
    1563.73,
    1429.846,
    1455.769,
    1971.654,
    1594.231,
    1635.654,
    1542.808,
    1501.769,
    2126.924,
    1552.385,
    1368.577,
    1448.923,
    1791.077,
    1487.0,
    1456.615,
    1983.538,
    1388.692
  ],
  "avg_retrieval_us": 1489.1138400000002,
  "median_retrieval_us": 1453.962,
  "min_retrieval_us": 1260.115,
  "max_retrieval_us": 2126.924,
  "p50_retrieval_us": 1453.962,
  "p95_retrieval_us": 1983.538,
  "context_chars": 315,
  "context_tokens_est": 78,
  "synth_chars": 815,
  "synth_tokens_est": 203,
  "ram_before_kb": 117764,
  "ram_after_kb": 140908,
  "ram_delta_kb": 23144,
  "io_write_bytes_before": 0,
  "io_write_bytes_after": 0,
  "io_write_bytes_delta": 0
}