{
  "type": "storage_only",
  "timestamp": "2026-04-16T13:56:30.821268Z",
  "device": {
    "model": "moto g35 5G",
    "manufacturer": "motorola",
    "board": "manila",
    "hardware": "ums9620_2h10",
    "cpu_cores": 8,
    "ram_total_kb": 3497628,
    "android_version": "14",
    "sdk_int": 34,
    "abi": "arm64-v8a"
  },
  "backend": "InMemory",
  "backend_key": "inmemory",
  "readings_count": 200,
  "ingest_total_ms": 2.27923,
  "per_ingest_us": 11.39615,
  "retrieval_samples": 50,
  "retrieval_latencies_us": [
    1337.961,
    1275.346,
    1290.577,
    1395.231,
    2566.154,
    1575.693,
    1356.27,
    1357.923,
    1369.692,
    1322.27,
    1326.77,
    1528.653,
    1626.5,
    1546.653,
    1648.577,
    1550.654,
    1443.038,
    1595.692,
    1655.346,
    1519.961,
    1325.423,
    1425.962,
    1761.923,
    1544.462,
    1445.0,
    1867.577,
    1707.962,
    2035.885,
    1623.0,
    1555.616,
    1420.077,
    3114.846,
    1649.308,
    1371.115,
    1398.154,
    1537.346,
    1360.5,
    1336.616,
    1552.038,
    1681.539,
    1509.923,
    1413.23,
    1404.462,
    1420.308,
    1318.461,
    1287.538,
    1526.961,
    1414.692,
    1447.731,
    1469.385
  ],
  "avg_retrieval_us": 1544.3200199999994,
  "median_retrieval_us": 1469.385,
  "min_retrieval_us": 1275.346,
  "max_retrieval_us": 3114.846,
  "p50_retrieval_us": 1469.385,
  "p95_retrieval_us": 2035.885,
  "context_chars": 315,
  "context_tokens_est": 78,
  "synth_chars": 815,
  "synth_tokens_est": 203,
  "ram_before_kb": 118012,
  "ram_after_kb": 126912,
  "ram_delta_kb": 8900,
  "io_write_bytes_before": 0,
  "io_write_bytes_after": 0,
  "io_write_bytes_delta": 0
}