{
  "type": "storage_only",
  "timestamp": "2026-04-16T13:56:36.863153Z",
  "device": {
    "model": "moto g35 5G",
    "manufacturer": "motorola",
    "board": "manila",
    "hardware": "ums9620_2h10",
    "cpu_cores": 8,
    "ram_total_kb": 3497628,
    "android_version": "14",
    "sdk_int": 34,
    "abi": "arm64-v8a"
  },
  "backend": "InMemory",
  "backend_key": "inmemory",
  "readings_count": 200,
  "ingest_total_ms": 2.565,
  "per_ingest_us": 12.825,
  "retrieval_samples": 50,
  "retrieval_latencies_us": [
    1242.385,
    1258.154,
    1353.923,
    1140.385,
    1137.461,
    1313.269,
    1275.961,
    1238.846,
    1195.424,
    1125.423,
    1149.961,
    1349.5,
    1162.846,
    1214.5,
    1246.962,
    1238.885,
    1202.885,
    1133.616,
    1396.615,
    1267.962,
    1218.846,
    1220.423,
    1261.038,
    1492.269,
    1459.424,
    1619.307,
    1406.769,
    1471.769,
    1362.616,
    1463.462,
    1178.0,
    1216.577,
    1294.154,
    1227.192,
    1324.193,
    1367.423,
    1306.077,
    1638.807,
    1596.039,
    1541.462,
    1359.192,
    1251.5,
    1302.461,
    1262.346,
    1235.154,
    1130.231,
    1226.423,
    1421.692,
    1297.077,
    1303.23
  ],
  "avg_retrieval_us": 1302.0023200000003,
  "median_retrieval_us": 1267.962,
  "min_retrieval_us": 1125.423,
  "max_retrieval_us": 1638.807,
  "p50_retrieval_us": 1267.962,
  "p95_retrieval_us": 1596.039,
  "context_chars": 315,
  "context_tokens_est": 78,
  "synth_chars": 815,
  "synth_tokens_est": 203,
  "ram_before_kb": 116820,
  "ram_after_kb": 125704,
  "ram_delta_kb": 8884,
  "io_write_bytes_before": 0,
  "io_write_bytes_after": 0,
  "io_write_bytes_delta": 0
}