{
  "type": "storage_only",
  "timestamp": "2026-04-16T13:56:24.750891Z",
  "device": {
    "model": "moto g35 5G",
    "manufacturer": "motorola",
    "board": "manila",
    "hardware": "ums9620_2h10",
    "cpu_cores": 8,
    "ram_total_kb": 3497628,
    "android_version": "14",
    "sdk_int": 34,
    "abi": "arm64-v8a"
  },
  "backend": "InMemory",
  "backend_key": "inmemory",
  "readings_count": 200,
  "ingest_total_ms": 2.267654,
  "per_ingest_us": 11.33827,
  "retrieval_samples": 50,
  "retrieval_latencies_us": [
    1275.808,
    1399.731,
    1372.308,
    1364.808,
    1334.192,
    1356.808,
    1386.423,
    1446.423,
    1367.231,
    1316.577,
    1539.423,
    1541.385,
    1786.154,
    1741.308,
    1653.269,
    1625.077,
    1554.231,
    1692.154,
    1269.538,
    1295.962,
    1339.923,
    1442.923,
    1480.847,
    1497.846,
    1819.077,
    1497.808,
    1532.693,
    1450.461,
    1455.462,
    1332.961,
    1318.192,
    1400.269,
    1457.692,
    1394.654,
    1630.0,
    1484.423,
    1443.846,
    1380.539,
    1402.115,
    1382.769,
    1431.077,
    1430.423,
    1631.423,
    1399.231,
    1354.961,
    1409.5,
    1384.731,
    1314.923,
    1280.5,
    1351.923
  ],
  "avg_retrieval_us": 1449.0400399999999,
  "median_retrieval_us": 1409.5,
  "min_retrieval_us": 1269.538,
  "max_retrieval_us": 1819.077,
  "p50_retrieval_us": 1409.5,
  "p95_retrieval_us": 1741.308,
  "context_chars": 315,
  "context_tokens_est": 78,
  "synth_chars": 815,
  "synth_tokens_est": 203,
  "ram_before_kb": 117684,
  "ram_after_kb": 133800,
  "ram_delta_kb": 16116,
  "io_write_bytes_before": 0,
  "io_write_bytes_after": 0,
  "io_write_bytes_delta": 0
}