{
  "type": "storage_only",
  "timestamp": "2026-04-16T13:56:43.009776Z",
  "device": {
    "model": "moto g35 5G",
    "manufacturer": "motorola",
    "board": "manila",
    "hardware": "ums9620_2h10",
    "cpu_cores": 8,
    "ram_total_kb": 3497628,
    "android_version": "14",
    "sdk_int": 34,
    "abi": "arm64-v8a"
  },
  "backend": "InMemory",
  "backend_key": "inmemory",
  "readings_count": 200,
  "ingest_total_ms": 2.361961,
  "per_ingest_us": 11.809805,
  "retrieval_samples": 50,
  "retrieval_latencies_us": [
    1335.115,
    1281.5,
    1315.424,
    1322.077,
    1324.962,
    1391.692,
    1370.615,
    1345.577,
    1271.961,
    1289.039,
    1397.654,
    1417.308,
    1397.27,
    1487.0,
    1304.923,
    1345.654,
    1537.038,
    1469.269,
    1557.269,
    1459.154,
    1453.692,
    1637.077,
    1595.269,
    1303.192,
    1331.115,
    1443.23,
    1515.193,
    1518.116,
    1745.154,
    1530.846,
    1453.5,
    1298.692,
    1340.769,
    1439.039,
    1457.077,
    1625.231,
    1446.692,
    1512.231,
    1291.192,
    1336.692,
    1444.693,
    1553.347,
    1449.615,
    1461.038,
    1334.808,
    1336.846,
    1344.077,
    1286.346,
    1433.154,
    1613.039
  ],
  "avg_retrieval_us": 1423.02926,
  "median_retrieval_us": 1433.154,
  "min_retrieval_us": 1271.961,
  "max_retrieval_us": 1745.154,
  "p50_retrieval_us": 1433.154,
  "p95_retrieval_us": 1625.231,
  "context_chars": 315,
  "context_tokens_est": 78,
  "synth_chars": 815,
  "synth_tokens_est": 203,
  "ram_before_kb": 118152,
  "ram_after_kb": 126736,
  "ram_delta_kb": 8584,
  "io_write_bytes_before": 0,
  "io_write_bytes_after": 0,
  "io_write_bytes_delta": 0
}