{
  "type": "storage_only",
  "timestamp": "2026-04-16T13:56:06.472852Z",
  "device": {
    "model": "moto g35 5G",
    "manufacturer": "motorola",
    "board": "manila",
    "hardware": "ums9620_2h10",
    "cpu_cores": 8,
    "ram_total_kb": 3497628,
    "android_version": "14",
    "sdk_int": 34,
    "abi": "arm64-v8a"
  },
  "backend": "InMemory",
  "backend_key": "inmemory",
  "readings_count": 200,
  "ingest_total_ms": 2.293961,
  "per_ingest_us": 11.469805,
  "retrieval_samples": 50,
  "retrieval_latencies_us": [
    1231.423,
    1159.885,
    1173.962,
    1170.846,
    1235.269,
    1206.23,
    1187.423,
    1215.039,
    1180.269,
    1218.116,
    1338.961,
    1262.5,
    1209.577,
    1300.038,
    1346.231,
    1459.808,
    1382.5,
    1398.269,
    1234.73,
    1450.385,
    1360.654,
    1496.846,
    1259.769,
    1243.692,
    1214.077,
    1385.807,
    1299.923,
    1380.884,
    3171.5,
    1455.885,
    1421.0,
    1222.347,
    1184.924,
    1187.423,
    1352.27,
    1470.769,
    1244.231,
    1219.154,
    1190.039,
    1223.0,
    1151.346,
    1113.115,
    1191.769,
    1389.269,
    1265.577,
    1294.692,
    1148.039,
    1126.962,
    1189.0,
    1160.153
  ],
  "avg_retrieval_us": 1307.5115399999997,
  "median_retrieval_us": 1235.269,
  "min_retrieval_us": 1113.115,
  "max_retrieval_us": 3171.5,
  "p50_retrieval_us": 1235.269,
  "p95_retrieval_us": 1470.769,
  "context_chars": 315,
  "context_tokens_est": 78,
  "synth_chars": 815,
  "synth_tokens_est": 203,
  "ram_before_kb": 116692,
  "ram_after_kb": 126720,
  "ram_delta_kb": 10028,
  "io_write_bytes_before": 0,
  "io_write_bytes_after": 0,
  "io_write_bytes_delta": 0
}